datum,ID,zamestnanec,pocet_transakci,transakce_za_hod,SOS_sec,AGC,smena_zacatek,smena_konec,trvani_hodin,log_transakce_za_hod,log_agc,dow,cluster,anomalie,hodina,casovy_usek
2025-01-01,2,#1,93.0,13.285714285714286,38.0,173.92,2025-01-01 15:00:00,2025-01-01 22:00:00,7.0,2.659260036932778,5.16432872654472,2,2,False,15,15–18
2025-01-01,6,#7,34.0,17.0,22.0,157.05,2025-01-01 22:00:00,2025-01-02 00:00:00,2.0,2.8903717578961645,5.062911438661627,2,2,True,22,22–2
2025-01-01,3,#21,34.0,4.857142857142857,41.0,198.08,2025-01-01 08:00:00,2025-01-01 15:00:00,7.0,1.7676619176489945,5.293706753990353,2,1,False,8,6–9
2025-01-01,4,#23,52.0,10.4,30.0,214.72,2025-01-01 03:00:00,2025-01-01 08:00:00,5.0,2.4336133554004498,5.373981270469026,2,2,False,3,2–6
2025-01-02,17,#2,35.0,5.0,28.0,129.6,2025-01-02 15:00:00,2025-01-02 22:00:00,7.0,1.791759469228055,4.8721392168423305,3,0,False,15,15–18
2025-01-02,18,#3,26.0,6.5,28.0,154.25,2025-01-02 00:00:00,2025-01-02 04:00:00,4.0,2.0149030205422647,5.045036720813588,3,2,False,0,22–2
2025-01-02,19,#7,15.0,3.75,27.0,208.79,2025-01-02 03:00:00,2025-01-02 07:00:00,4.0,1.55814461804655,5.346107030383885,3,1,False,3,2–6
2025-01-02,14,#11,30.0,3.75,29.0,134.09,2025-01-02 14:00:00,2025-01-02 22:00:00,8.0,1.55814461804655,4.90594122298159,3,0,False,14,12–15
2025-01-02,15,#21,33.0,4.714285714285714,40.0,220.14,2025-01-02 08:00:00,2025-01-02 15:00:00,7.0,1.742969305058623,5.398795985114256,3,1,False,8,6–9
2025-01-03,31,#2,12.0,2.4,38.0,157.52,2025-01-03 15:00:00,2025-01-03 20:00:00,5.0,1.2237754316221157,5.065880768322234,4,1,False,15,15–18
2025-01-03,32,#3,27.0,3.857142857142857,27.0,174.01,2025-01-03 00:00:00,2025-01-03 07:00:00,7.0,1.580450375560848,5.164843115148066,4,0,False,0,22–2
2025-01-03,27,#15,51.0,6.375,45.0,212.0,2025-01-03 14:00:00,2025-01-03 22:00:00,8.0,1.9980959022258835,5.3612921657094255,4,1,False,14,12–15
2025-01-03,29,#21,40.0,5.714285714285714,37.0,194.99,2025-01-03 08:00:00,2025-01-03 15:00:00,7.0,1.9042374526547452,5.278063637520769,4,1,False,8,6–9
2025-01-04,43,#3,21.0,5.25,29.0,133.96,2025-01-04 03:00:00,2025-01-04 07:00:00,4.0,1.8325814637483104,4.904978438237713,5,0,False,3,2–6
2025-01-04,44,#5,83.0,10.375,44.0,217.24,2025-01-04 14:00:00,2025-01-04 22:00:00,8.0,2.431417964837014,5.3855953746550975,5,1,False,14,12–15
2025-01-04,40,#15,21.0,3.5,33.0,138.46,2025-01-04 08:00:00,2025-01-04 14:00:00,6.0,1.5040773967762742,4.9377778217928645,5,0,False,8,6–9
2025-01-04,42,#29,22.0,5.5,26.0,140.03,2025-01-04 00:00:00,2025-01-04 04:00:00,4.0,1.8718021769015916,4.948972633704149,5,2,False,0,22–2
2025-01-05,56,#5,51.0,6.375,38.0,180.03,2025-01-05 14:00:00,2025-01-05 22:00:00,8.0,1.9980959022258835,5.198662763387852,6,1,False,14,12–15
2025-01-05,57,#7,22.0,5.5,20.0,135.54,2025-01-05 00:00:00,2025-01-05 04:00:00,4.0,1.8718021769015916,4.916617611990135,6,0,False,0,22–2
2025-01-05,53,#26,20.0,3.333333333333333,37.0,187.72,2025-01-05 08:00:00,2025-01-05 14:00:00,6.0,1.4663370687934272,5.240264435099419,6,1,False,8,6–9
2025-01-05,54,#29,17.0,3.4,20.0,123.35,2025-01-05 03:00:00,2025-01-05 08:00:00,5.0,1.4816045409242156,4.823100170249414,6,0,False,3,2–6
2025-01-06,67,#5,67.0,7.444444444444445,42.0,175.84,2025-01-06 13:00:00,2025-01-06 22:00:00,9.0,2.133508762950112,5.175245368958042,0,1,False,13,12–15
2025-01-06,68,#7,20.0,2.5,25.0,146.17,2025-01-06 00:00:00,2025-01-06 08:00:00,8.0,1.252762968495368,4.9915883811760215,0,0,False,0,22–2
2025-01-06,65,#21,21.0,3.5,40.0,173.07,2025-01-06 08:00:00,2025-01-06 14:00:00,6.0,1.5040773967762742,5.1594575171646175,0,1,False,8,6–9
2025-01-07,78,#3,13.0,3.25,29.0,147.75,2025-01-07 00:00:00,2025-01-07 04:00:00,4.0,1.4469189829363254,5.002267044425739,1,0,False,0,22–2
2025-01-07,79,#5,52.0,6.5,34.0,189.05,2025-01-07 14:00:00,2025-01-07 22:00:00,8.0,2.0149030205422647,5.247287195435257,1,2,False,14,12–15
2025-01-07,80,#7,13.0,4.333333333333333,13.0,119.32,2025-01-07 03:00:00,2025-01-07 06:00:00,3.0,1.6739764335716716,4.79015486020153,1,0,False,3,2–6
2025-01-07,75,#21,32.0,4.571428571428571,29.0,140.65,2025-01-07 08:00:00,2025-01-07 15:00:00,7.0,1.717651497074333,4.953359226276525,1,0,False,8,6–9
2025-01-08,90,#3,40.0,5.714285714285714,30.0,145.37,2025-01-08 00:00:00,2025-01-08 07:00:00,7.0,1.9042374526547452,4.986137662495856,2,2,False,0,22–2
2025-01-08,92,#9,59.0,8.428571428571429,25.0,168.75,2025-01-08 16:00:00,2025-01-08 23:00:00,7.0,2.243744592971112,5.1343267664388055,2,2,False,16,15–18
2025-01-08,88,#21,42.0,5.25,36.0,186.51,2025-01-08 08:00:00,2025-01-08 16:00:00,8.0,1.8325814637483104,5.233832177321627,2,1,False,8,6–9
2025-01-09,99,#21,54.0,6.0,29.0,187.08,2025-01-09 07:00:00,2025-01-09 16:00:00,9.0,1.9459101490553128,5.236867404231814,3,2,False,7,6–9
2025-01-09,101,#23,27.0,6.75,34.0,140.2,2025-01-09 00:00:00,2025-01-09 04:00:00,4.0,2.0476928433652555,4.950177325059141,3,2,False,0,22–2
2025-01-09,100,#22,13.0,1.625,25.0,158.19,2025-01-09 15:00:00,2025-01-09 23:00:00,8.0,0.965080896043587,5.0700984573670445,3,0,False,15,15–18
2025-01-09,103,#29,21.0,3.5,36.0,174.12,2025-01-09 16:00:00,2025-01-09 22:00:00,6.0,1.5040773967762742,5.165471453214607,3,1,False,16,15–18
2025-01-10,117,#3,23.0,7.666666666666667,24.0,159.15,2025-01-10 21:00:00,2025-01-11 00:00:00,3.0,2.159484249353373,5.076110876055167,4,2,False,21,18–22
2025-01-10,111,#17,42.0,6.0,52.0,149.65,2025-01-10 14:00:00,2025-01-10 21:00:00,7.0,1.9459101490553128,5.01495926557631,4,1,False,14,12–15
2025-01-10,112,#21,28.0,4.666666666666667,38.0,194.15,2025-01-10 08:00:00,2025-01-10 14:00:00,6.0,1.7346010553881064,5.2737684936266245,4,1,False,8,6–9
2025-01-10,113,#22,19.0,2.375,25.0,137.39,2025-01-10 14:00:00,2025-01-10 22:00:00,8.0,1.2163953243244932,4.930075786237839,4,0,False,14,12–15
2025-01-10,116,#30,13.0,6.5,31.0,135.98,2025-01-10 00:00:00,2025-01-10 02:00:00,2.0,2.0149030205422647,4.919834929769759,4,2,False,0,22–2
2025-01-11,128,#3,35.0,5.0,31.0,166.1,2025-01-11 00:00:00,2025-01-11 07:00:00,7.0,1.791759469228055,5.118592435601348,5,2,False,0,22–2
2025-01-11,129,#4,19.0,4.75,26.0,127.91,2025-01-11 11:00:00,2025-01-11 15:00:00,4.0,1.749199854809259,4.859114486455013,5,0,False,11,9–12
2025-01-11,124,#11,24.0,3.4285714285714284,42.0,147.71,2025-01-11 07:00:00,2025-01-11 14:00:00,7.0,1.4880770554298328,5.001998100700592,5,1,False,7,6–9
2025-01-11,125,#26,39.0,5.571428571428571,34.0,183.59,2025-01-11 15:00:00,2025-01-11 22:00:00,7.0,1.8827312474337816,5.218137149420508,5,1,False,15,15–18
2025-01-12,142,#7,21.0,7.0,17.0,126.1,2025-01-12 00:00:00,2025-01-12 03:00:00,3.0,2.079441541679836,4.844974178195408,6,2,False,0,22–2
2025-01-12,137,#17,20.0,5.0,42.0,184.75,2025-01-12 11:00:00,2025-01-12 15:00:00,4.0,1.791759469228055,5.224401683597868,6,1,False,11,9–12
2025-01-12,141,#30,11.0,2.75,44.0,165.93,2025-01-12 03:00:00,2025-01-12 07:00:00,4.0,1.3217558399823195,5.117574562867297,6,1,False,3,2–6
2025-01-12,139,#26,34.0,4.857142857142857,30.0,158.28,2025-01-12 15:00:00,2025-01-12 22:00:00,7.0,1.7676619176489945,5.070663659755941,6,2,False,15,15–18
2025-01-13,153,#7,28.0,4.0,21.0,108.85,2025-01-13 00:00:00,2025-01-13 07:00:00,7.0,1.6094379124341005,4.699115798830619,0,0,False,0,22–2
2025-01-13,154,#9,25.0,4.166666666666667,23.0,131.35,2025-01-13 14:00:00,2025-01-13 20:00:00,6.0,1.642227735257091,4.88544992867311,0,0,False,14,12–15
2025-01-13,149,#11,10.0,1.4285714285714286,38.0,177.87,2025-01-13 15:00:00,2025-01-13 22:00:00,7.0,0.8873031950009028,5.186659285005154,0,1,False,15,15–18
2025-01-13,151,#21,27.0,4.5,38.0,184.52,2025-01-13 08:00:00,2025-01-13 14:00:00,6.0,1.7047480922384253,5.223162692947276,0,1,False,8,6–9
2025-01-14,165,#3,14.0,3.5,23.0,106.9,2025-01-14 00:00:00,2025-01-14 04:00:00,4.0,1.5040773967762742,4.681204872264089,1,0,False,0,22–2
2025-01-14,166,#6,16.0,2.2857142857142856,41.0,168.3,2025-01-14 08:00:00,2025-01-14 15:00:00,7.0,1.1895840668738362,5.13167228913909,1,1,False,8,6–9
2025-01-14,162,#21,20.0,4.0,28.0,143.15,2025-01-14 09:00:00,2025-01-14 14:00:00,5.0,1.6094379124341005,4.970854424084411,1,0,False,9,9–12
2025-01-14,163,#29,33.0,4.714285714285714,22.0,125.91,2025-01-14 15:00:00,2025-01-14 22:00:00,7.0,1.742969305058623,4.843478173822073,1,0,False,15,15–18
2025-01-15,178,#2,47.0,5.875,25.0,145.29,2025-01-15 14:00:00,2025-01-15 22:00:00,8.0,1.927891643552635,4.985590952989995,2,2,False,14,12–15
2025-01-15,179,#3,12.0,3.0,25.0,117.02,2025-01-15 03:00:00,2025-01-15 07:00:00,4.0,1.3862943611198906,4.770854101629023,2,0,False,3,2–6
2025-01-15,175,#21,31.0,5.166666666666667,36.0,148.96,2025-01-15 08:00:00,2025-01-15 14:00:00,6.0,1.8191584434161692,5.010368591867711,2,2,False,8,6–9
2025-01-16,191,#7,21.0,5.25,25.0,138.14,2025-01-16 00:00:00,2025-01-16 04:00:00,4.0,1.8325814637483104,4.935480620495495,3,0,False,0,22–2
2025-01-16,187,#21,42.0,6.0,44.0,138.66,2025-01-16 09:00:00,2025-01-16 16:00:00,7.0,1.9459101490553128,4.939210897417889,3,1,False,9,9–12
2025-01-16,189,#29,42.0,7.0,26.0,117.74,2025-01-16 16:00:00,2025-01-16 22:00:00,6.0,2.079441541679836,4.776936228842529,3,2,False,16,15–18
2025-01-17,202,#2,32.0,4.0,25.0,137.29,2025-01-17 14:00:00,2025-01-17 22:00:00,8.0,1.6094379124341005,4.929352929476567,4,0,False,14,12–15
2025-01-17,203,#7,28.0,7.0,20.0,129.52,2025-01-17 00:00:00,2025-01-17 04:00:00,4.0,2.079441541679836,4.87152647172512,4,2,False,0,22–2
2025-01-17,199,#21,24.0,4.0,30.0,166.04,2025-01-17 09:00:00,2025-01-17 15:00:00,6.0,1.6094379124341005,5.118233304694273,4,0,False,9,9–12
2025-01-17,201,#25,23.0,2.555555555555556,27.0,136.76,2025-01-17 14:00:00,2025-01-17 23:00:00,9.0,1.2685113254635072,4.92551304067942,4,0,False,14,12–15
2025-01-18,213,#1,54.0,6.75,27.0,176.42,2025-01-18 14:00:00,2025-01-18 22:00:00,8.0,2.0476928433652555,5.178519803092441,5,2,False,14,12–15
2025-01-18,216,#3,29.0,7.25,24.0,170.55,2025-01-18 00:00:00,2025-01-18 04:00:00,4.0,2.110213200346589,5.144874769304459,5,2,False,0,22–2
2025-01-18,217,#4,21.0,3.5,32.0,129.04,2025-01-18 08:00:00,2025-01-18 14:00:00,6.0,1.5040773967762742,4.867842095435704,5,0,False,8,6–9
2025-01-18,218,#7,27.0,6.75,25.0,134.66,2025-01-18 03:00:00,2025-01-18 07:00:00,4.0,2.0476928433652555,4.9101517555179335,5,2,False,3,2–6
2025-01-18,215,#30,13.0,2.6,21.0,117.41,2025-01-18 17:00:00,2025-01-18 22:00:00,5.0,1.2809338454620645,4.774153178342865,5,0,False,17,15–18
2025-01-19,229,#3,18.0,3.6,16.0,108.83,2025-01-19 03:00:00,2025-01-19 08:00:00,5.0,1.5260563034950494,4.698933715800255,6,0,False,3,2–6
2025-01-19,230,#7,37.0,5.285714285714286,22.0,159.95,2025-01-19 16:00:00,2025-01-19 23:00:00,7.0,1.838279484862948,5.081093757744817,6,2,False,16,15–18
2025-01-19,225,#23,14.0,3.5,44.0,164.44,2025-01-19 00:00:00,2025-01-19 04:00:00,4.0,1.5040773967762742,5.108608591320064,6,1,False,0,22–2
2025-01-19,228,#30,10.0,3.333333333333333,21.0,98.01,2025-01-19 00:00:00,2025-01-19 03:00:00,3.0,1.4663370687934272,4.595220855134423,6,0,False,0,22–2
2025-01-19,226,#26,26.0,5.2,35.0,173.09,2025-01-19 11:00:00,2025-01-19 16:00:00,5.0,1.8245492920510455,5.159572406870627,6,1,False,11,9–12
2025-01-20,238,#1,55.0,6.111111111111111,25.0,143.36,2025-01-20 13:00:00,2025-01-20 22:00:00,9.0,1.9616585060234524,4.972310179774588,0,2,False,13,12–15
2025-01-20,243,#7,13.0,4.333333333333333,27.0,152.73,2025-01-20 21:00:00,2025-01-21 00:00:00,3.0,1.6739764335716716,5.035197816924508,0,0,False,21,18–22
2025-01-20,239,#21,23.0,3.8333333333333335,39.0,163.46,2025-01-20 08:00:00,2025-01-20 14:00:00,6.0,1.575536360758419,5.1026673795427495,0,1,False,8,6–9
2025-01-20,240,#23,16.0,4.0,24.0,129.13,2025-01-20 03:00:00,2025-01-20 07:00:00,4.0,1.6094379124341005,4.868533950788666,0,0,False,3,2–6
2025-01-21,255,#7,22.0,4.4,20.0,160.93,2025-01-21 00:00:00,2025-01-21 05:00:00,5.0,1.6863989535702286,5.08716414308538,1,0,False,0,22–2
2025-01-21,251,#21,50.0,6.25,26.0,150.45,2025-01-21 08:00:00,2025-01-21 16:00:00,8.0,1.9810014688665836,5.020255537473246,1,2,False,8,6–9
2025-01-21,253,#29,31.0,5.166666666666667,35.0,227.26,2025-01-21 16:00:00,2025-01-21 22:00:00,6.0,1.8191584434161692,5.430485330125454,1,1,False,16,15–18
2025-01-22,266,#7,37.0,5.285714285714286,21.0,156.5,2025-01-22 00:00:00,2025-01-22 07:00:00,7.0,1.838279484862948,5.059425458265688,2,2,False,0,22–2
2025-01-22,263,#14,41.0,5.857142857142857,42.0,164.73,2025-01-22 15:00:00,2025-01-22 22:00:00,7.0,1.9252908618525777,5.110359958135453,2,1,False,15,15–18
2025-01-22,264,#21,42.0,6.0,38.0,185.66,2025-01-22 09:00:00,2025-01-22 16:00:00,7.0,1.9459101490553128,5.2292887801376,2,1,False,9,9–12
2025-01-23,276,#3,22.0,5.5,29.0,166.07,2025-01-23 00:00:00,2025-01-23 04:00:00,4.0,1.8718021769015916,5.118412886269687,3,2,False,0,22–2
2025-01-23,278,#7,12.0,4.0,24.0,92.81,2025-01-23 04:00:00,2025-01-23 07:00:00,3.0,1.6094379124341005,4.541271460137859,3,0,False,4,2–6
2025-01-23,279,#9,10.0,1.6666666666666667,28.0,110.16,2025-01-23 16:00:00,2025-01-23 22:00:00,6.0,0.9808292530117262,4.710970604874303,3,0,False,16,15–18
2025-01-23,274,#21,30.0,5.0,27.0,186.32,2025-01-23 08:00:00,2025-01-23 14:00:00,6.0,1.791759469228055,5.232818384315341,3,2,False,8,6–9
2025-01-23,275,#26,50.0,5.555555555555555,37.0,199.26,2025-01-23 14:00:00,2025-01-23 23:00:00,9.0,1.8803128665695,5.299616522279656,3,1,False,14,12–15
2025-01-24,291,#3,16.0,4.0,26.0,121.52,2025-01-24 03:00:00,2025-01-24 07:00:00,4.0,1.6094379124341005,4.808274281964574,4,0,False,3,2–6
2025-01-24,292,#9,27.0,3.375,30.0,173.16,2025-01-24 15:00:00,2025-01-24 23:00:00,8.0,1.4759065198095778,5.159974416926292,4,0,False,15,15–18
2025-01-24,286,#13,34.0,8.5,38.0,175.05,2025-01-24 00:00:00,2025-01-24 04:00:00,4.0,2.2512917986064958,5.170768045601061,4,2,False,0,22–2
2025-01-24,288,#21,25.0,4.166666666666667,42.0,165.47,2025-01-24 08:00:00,2025-01-24 14:00:00,6.0,1.642227735257091,5.114815113005919,4,1,False,8,6–9
2025-01-24,290,#26,44.0,5.5,34.0,179.24,2025-01-24 14:00:00,2025-01-24 22:00:00,8.0,1.8718021769015916,5.194289296123989,4,1,False,14,12–15
2025-01-25,303,#3,53.0,7.571428571428571,27.0,147.76,2025-01-25 16:00:00,2025-01-25 23:00:00,7.0,2.1484344131667874,5.0023342690568695,5,2,False,16,15–18
2025-01-25,305,#7,44.0,5.5,22.0,150.43,2025-01-25 08:00:00,2025-01-25 16:00:00,8.0,1.8718021769015916,5.020123471968565,5,2,False,8,6–9
2025-01-25,299,#13,17.0,5.666666666666667,23.0,103.64,2025-01-25 04:00:00,2025-01-25 07:00:00,3.0,1.8971199848858813,4.650525887708889,5,0,False,4,2–6
2025-01-25,301,#23,31.0,7.75,23.0,150.28,2025-01-25 00:00:00,2025-01-25 04:00:00,4.0,2.169053700369523,5.019132424350202,5,2,False,0,22–2
2025-01-25,302,#30,36.0,4.5,29.0,150.71,2025-01-25 14:00:00,2025-01-25 22:00:00,8.0,1.7047480922384253,5.021970803760001,5,0,False,14,12–15
2025-01-26,316,#3,43.0,6.142857142857143,31.0,167.75,2025-01-26 15:00:00,2025-01-26 22:00:00,7.0,1.9661128563728327,5.128418329752639,6,2,False,15,15–18
2025-01-26,317,#7,24.0,4.8,22.0,177.5,2025-01-26 10:00:00,2025-01-26 15:00:00,5.0,1.7578579175523736,5.184588601219694,6,2,False,10,9–12
2025-01-26,313,#23,38.0,5.428571428571429,25.0,134.64,2025-01-26 00:00:00,2025-01-26 07:00:00,7.0,1.8607523407150064,4.910004317257438,6,0,False,0,22–2
2025-01-27,325,#1,61.0,7.625,25.0,175.15,2025-01-27 14:00:00,2025-01-27 22:00:00,8.0,2.1546649629174235,5.171335904787247,0,2,False,14,12–15
2025-01-27,328,#3,22.0,5.5,31.0,184.56,2025-01-27 00:00:00,2025-01-27 04:00:00,4.0,1.8718021769015916,5.223378279883543,0,2,False,0,22–2
2025-01-27,329,#7,25.0,4.166666666666667,20.0,119.92,2025-01-27 08:00:00,2025-01-27 14:00:00,6.0,1.642227735257091,4.795129169911258,0,0,False,8,6–9
2025-01-27,326,#23,18.0,3.6,21.0,149.09,2025-01-27 03:00:00,2025-01-27 08:00:00,5.0,1.5260563034950494,5.011235114168223,0,0,False,3,2–6
2025-01-28,341,#7,27.0,9.0,27.0,159.96,2025-01-28 00:00:00,2025-01-28 03:00:00,3.0,2.302585092994046,5.081155886911374,1,2,False,0,22–2
2025-01-28,337,#21,47.0,5.875,39.0,169.72,2025-01-28 08:00:00,2025-01-28 16:00:00,8.0,1.927891643552635,5.140024787553443,1,1,False,8,6–9
2025-01-28,339,#30,25.0,5.0,28.0,126.64,2025-01-28 14:00:00,2025-01-28 19:00:00,5.0,1.791759469228055,4.849213801410043,1,0,False,14,12–15
2025-01-28,338,#29,14.0,2.333333333333333,30.0,160.78,2025-01-28 16:00:00,2025-01-28 22:00:00,6.0,1.203972804325936,5.086237387589806,1,0,False,16,15–18
2025-01-29,352,#3,23.0,5.75,22.0,145.9,2025-01-29 00:00:00,2025-01-29 04:00:00,4.0,1.9095425048844383,4.989752083179832,2,2,False,0,22–2
2025-01-29,348,#21,25.0,3.571428571428572,25.0,112.39,2025-01-29 08:00:00,2025-01-29 15:00:00,7.0,1.5198257537444133,4.730833203983749,2,0,False,8,6–9
2025-01-29,350,#23,36.0,5.142857142857143,28.0,157.54,2025-01-29 16:00:00,2025-01-29 23:00:00,7.0,1.8152899666382487,5.06600692740901,2,2,False,16,15–18
2025-01-29,351,#25,17.0,2.125,31.0,138.82,2025-01-29 15:00:00,2025-01-29 23:00:00,8.0,1.1394342831883648,4.940355881083839,2,0,False,15,15–18
2025-01-30,365,#3,29.0,5.8,25.0,128.55,2025-01-30 00:00:00,2025-01-30 05:00:00,5.0,1.916922612182061,4.86406690700812,3,2,False,0,22–2
2025-01-30,362,#21,26.0,4.333333333333333,31.0,139.56,2025-01-30 08:00:00,2025-01-30 14:00:00,6.0,1.6739764335716716,4.945634443878841,3,0,False,8,6–9
2025-01-30,364,#26,55.0,6.111111111111111,29.0,142.79,2025-01-30 14:00:00,2025-01-30 23:00:00,9.0,1.9616585060234524,4.96835390183965,3,2,False,14,12–15
2025-01-31,373,#1,38.0,7.6,27.0,168.69,2025-01-31 16:00:00,2025-01-31 21:00:00,5.0,2.151762203259462,5.133973242984735,4,2,False,16,15–18
2025-01-31,376,#3,38.0,5.428571428571429,22.0,110.44,2025-01-31 00:00:00,2025-01-31 07:00:00,7.0,1.8607523407150064,4.71348632947155,4,0,False,0,22–2
2025-01-31,374,#21,39.0,4.875,28.0,171.3,2025-01-31 08:00:00,2025-01-31 16:00:00,8.0,1.770706060030223,5.149237143533884,4,2,False,8,6–9
2025-01-31,375,#22,14.0,2.0,35.0,153.26,2025-01-31 16:00:00,2025-01-31 23:00:00,7.0,1.0986122886681096,5.038639490505853,4,0,False,16,15–18
2025-02-01,386,#1,38.0,4.75,35.0,159.97,2025-02-01 08:00:00,2025-02-01 16:00:00,8.0,1.749199854809259,5.081218012218138,5,1,False,8,6–9
2025-02-01,389,#3,34.0,4.25,21.0,140.52,2025-02-01 00:00:00,2025-02-01 08:00:00,8.0,1.6582280766035324,4.95244104985153,5,0,False,0,22–2
2025-02-01,385,#15,31.0,4.428571428571429,32.0,177.52,2025-02-01 15:00:00,2025-02-01 22:00:00,7.0,1.6916760106710726,5.184700639761069,5,1,False,15,15–18
2025-02-01,388,#30,13.0,1.8571428571428568,34.0,167.32,2025-02-01 14:00:00,2025-02-01 21:00:00,7.0,1.0498221244986778,5.125866929549345,5,0,False,14,12–15
2025-02-02,398,#1,39.0,5.571428571428571,27.0,164.03,2025-02-02 08:00:00,2025-02-02 15:00:00,7.0,1.8827312474337816,5.106127275555476,6,2,False,8,6–9
2025-02-02,401,#3,40.0,5.714285714285714,26.0,140.94,2025-02-02 00:00:00,2025-02-02 07:00:00,7.0,1.9042374526547452,4.955404433096837,6,2,False,0,22–2
2025-02-02,402,#7,51.0,6.375,29.0,195.2,2025-02-02 15:00:00,2025-02-02 23:00:00,8.0,1.9980959022258835,5.279134547131263,6,2,False,15,15–18
2025-02-03,414,#5,41.0,4.555555555555555,27.0,147.18,2025-02-03 13:00:00,2025-02-03 22:00:00,9.0,1.7147984280919266,4.998427750988511,0,0,False,13,12–15
2025-02-03,415,#7,25.0,6.25,20.0,112.25,2025-02-03 00:00:00,2025-02-03 04:00:00,4.0,1.9810014688665836,4.729597764363144,0,0,False,0,22–2
2025-02-03,409,#21,29.0,4.833333333333333,29.0,142.36,2025-02-03 08:00:00,2025-02-03 14:00:00,6.0,1.7635885922613586,4.96535894922662,0,0,False,8,6–9
2025-02-04,423,#1,42.0,4.666666666666667,35.0,167.63,2025-02-04 13:00:00,2025-02-04 22:00:00,9.0,1.7346010553881064,5.127706965682093,1,1,False,13,12–15
2025-02-04,427,#3,13.0,3.25,27.0,86.22,2025-02-04 00:00:00,2025-02-04 04:00:00,4.0,1.4469189829363254,4.46843366241462,1,0,False,0,22–2
2025-02-04,424,#21,26.0,8.666666666666666,31.0,125.18,2025-02-04 11:00:00,2025-02-04 14:00:00,3.0,2.268683541318364,4.837709458942664,1,2,False,11,9–12
2025-02-05,440,#5,66.0,7.333333333333333,37.0,166.74,2025-02-05 13:00:00,2025-02-05 22:00:00,9.0,2.120263536200091,5.122415161556265,2,2,False,13,12–15
2025-02-05,437,#21,35.0,5.0,30.0,138.29,2025-02-05 07:00:00,2025-02-05 14:00:00,7.0,1.791759469228055,4.93655809069994,2,0,False,7,6–9
2025-02-05,439,#26,20.0,5.0,31.0,138.84,2025-02-05 00:00:00,2025-02-05 04:00:00,4.0,1.791759469228055,4.940498911907225,2,0,False,0,22–2
2025-02-06,448,#21,42.0,5.25,32.0,154.56,2025-02-06 08:00:00,2025-02-06 16:00:00,8.0,1.8325814637483104,5.047031509287547,3,2,False,8,6–9
2025-02-06,449,#23,14.0,3.5,27.0,141.26,2025-02-06 00:00:00,2025-02-06 04:00:00,4.0,1.5040773967762742,4.9576563693053695,3,0,False,0,22–2
2025-02-06,451,#26,13.0,3.25,31.0,104.64,2025-02-06 04:00:00,2025-02-06 08:00:00,4.0,1.4469189829363254,4.660037087428932,3,0,False,4,2–6
2025-02-06,452,#29,29.0,4.833333333333333,35.0,184.87,2025-02-06 16:00:00,2025-02-06 22:00:00,6.0,1.7635885922613586,5.225047504620262,3,1,False,16,15–18
2025-02-07,467,#9,10.0,1.4285714285714286,10.0,83.74,2025-02-07 16:00:00,2025-02-07 23:00:00,7.0,0.8873031950009028,4.439587745198413,4,0,True,16,15–18
2025-02-07,461,#17,26.0,6.5,39.0,158.14,2025-02-07 00:00:00,2025-02-07 04:00:00,4.0,2.0149030205422647,5.069784317949389,4,1,False,0,22–2
2025-02-07,462,#21,39.0,4.875,27.0,151.26,2025-02-07 08:00:00,2025-02-07 16:00:00,8.0,1.770706060030223,5.025589585878066,4,2,False,8,6–9
2025-02-07,464,#29,51.0,8.5,32.0,136.6,2025-02-07 16:00:00,2025-02-07 22:00:00,6.0,2.2512917986064958,4.924350925499243,4,2,False,16,15–18
2025-02-08,479,#5,34.0,4.25,32.0,164.01,2025-02-08 08:00:00,2025-02-08 16:00:00,8.0,1.6582280766035324,5.106006078124714,5,1,False,8,6–9
2025-02-08,474,#11,13.0,1.625,25.0,137.46,2025-02-08 15:00:00,2025-02-08 23:00:00,8.0,0.965080896043587,4.93058147524988,5,0,False,15,15–18
2025-02-08,475,#17,21.0,5.25,30.0,132.04,2025-02-08 03:00:00,2025-02-08 07:00:00,4.0,1.8325814637483104,4.890649834884672,5,0,False,3,2–6
2025-02-08,477,#29,39.0,4.875,28.0,130.71,2025-02-08 16:00:00,2025-02-09 00:00:00,8.0,1.770706060030223,4.880602536010955,5,0,False,16,15–18
2025-02-09,491,#5,38.0,5.428571428571429,41.0,172.47,2025-02-09 09:00:00,2025-02-09 16:00:00,7.0,1.8607523407150064,5.156004673773317,6,1,False,9,9–12
2025-02-09,488,#23,31.0,4.428571428571429,23.0,157.21,2025-02-09 00:00:00,2025-02-09 07:00:00,7.0,1.6916760106710726,5.063923264460972,6,0,False,0,22–2
2025-02-09,489,#26,39.0,5.571428571428571,34.0,179.17,2025-02-09 16:00:00,2025-02-09 23:00:00,7.0,1.8827312474337816,5.1939008496276085,6,1,False,16,15–18
2025-02-10,503,#3,20.0,5.0,34.0,127.81,2025-02-10 00:00:00,2025-02-10 04:00:00,4.0,1.791759469228055,4.858338450407997,0,0,False,0,22–2
2025-02-10,504,#5,71.0,7.888888888888889,42.0,181.98,2025-02-10 13:00:00,2025-02-10 22:00:00,9.0,2.184802057337662,5.209376857251389,0,1,False,13,12–15
2025-02-10,499,#21,23.0,3.8333333333333335,30.0,122.42,2025-02-10 08:00:00,2025-02-10 14:00:00,6.0,1.575536360758419,4.815593172892921,0,0,False,8,6–9
2025-02-10,501,#23,17.0,3.4,24.0,94.02,2025-02-10 03:00:00,2025-02-10 08:00:00,5.0,1.4816045409242156,4.554087395758775,0,0,False,3,2–6
2025-02-11,515,#3,16.0,8.0,23.0,111.04,2025-02-11 22:00:00,2025-02-12 00:00:00,2.0,2.19722457733622,4.718855950391908,1,2,False,22,22–2
2025-02-11,512,#21,39.0,4.875,35.0,129.64,2025-02-11 08:00:00,2025-02-11 16:00:00,8.0,1.770706060030223,4.8724454486622095,1,0,False,8,6–9
2025-02-11,514,#30,16.0,2.6666666666666665,27.0,122.84,2025-02-11 15:00:00,2025-02-11 21:00:00,6.0,1.2992829841302609,4.818990409841417,1,0,False,15,15–18
2025-02-11,513,#29,15.0,2.5,37.0,152.58,2025-02-11 16:00:00,2025-02-11 22:00:00,6.0,1.252762968495368,5.034221603902398,1,0,False,16,15–18
2025-02-12,528,#3,12.0,6.0,31.0,106.05,2025-02-12 04:00:00,2025-02-12 06:00:00,2.0,1.9459101490553128,4.673296015035692,2,0,False,4,2–6
2025-02-12,529,#7,13.0,2.1666666666666665,30.0,216.36,2025-02-12 15:00:00,2025-02-12 21:00:00,6.0,1.1526795099383853,5.3815549651180925,2,1,False,15,15–18
2025-02-12,523,#14,30.0,4.285714285714286,30.0,176.52,2025-02-12 15:00:00,2025-02-12 22:00:00,7.0,1.6650077635889111,5.179083278624338,2,2,False,15,15–18
2025-02-12,524,#21,26.0,3.25,33.0,141.28,2025-02-12 08:00:00,2025-02-12 16:00:00,8.0,1.4469189829363254,4.957796947080254,2,0,False,8,6–9
2025-02-12,526,#23,23.0,5.75,23.0,157.83,2025-02-12 00:00:00,2025-02-12 04:00:00,4.0,1.9095425048844383,5.067834447847064,2,2,False,0,22–2
2025-02-12,527,#25,17.0,1.8888888888888888,30.0,131.79,2025-02-12 06:00:00,2025-02-12 15:00:00,9.0,1.0608719606852626,4.888768933002236,2,0,False,6,6–9
2025-02-13,540,#7,21.0,3.0,23.0,146.96,2025-02-13 15:00:00,2025-02-13 22:00:00,7.0,1.3862943611198906,4.996941966964253,3,0,False,15,15–18
2025-02-13,536,#21,33.0,4.125,30.0,146.97,2025-02-13 08:00:00,2025-02-13 16:00:00,8.0,1.6341305250244718,4.997009550514443,3,0,False,8,6–9
2025-02-13,537,#23,28.0,4.0,35.0,173.86,2025-02-13 00:00:00,2025-02-13 07:00:00,7.0,1.6094379124341005,5.163985653752745,3,1,False,0,22–2
2025-02-13,539,#29,34.0,5.666666666666667,26.0,172.25,2025-02-13 16:00:00,2025-02-13 22:00:00,6.0,1.8971199848858813,5.1547356380700124,3,2,False,16,15–18
2025-02-14,552,#3,29.0,14.5,39.0,139.05,2025-02-14 22:00:00,2025-02-15 00:00:00,2.0,2.740840023925201,4.941999501706118,4,2,False,22,22–2
2025-02-14,547,#21,44.0,5.5,44.0,189.71,2025-02-14 08:00:00,2025-02-14 16:00:00,8.0,1.8718021769015916,5.250753949616427,4,1,False,8,6–9
2025-02-14,550,#29,30.0,5.0,33.0,164.79,2025-02-14 16:00:00,2025-02-14 22:00:00,6.0,1.791759469228055,5.110721927251374,4,2,False,16,15–18
2025-02-15,563,#3,39.0,5.571428571428571,26.0,140.16,2025-02-15 00:00:00,2025-02-15 07:00:00,7.0,1.8827312474337816,4.949893998807069,5,2,False,0,22–2
2025-02-15,564,#5,37.0,4.625,41.0,257.73,2025-02-15 08:00:00,2025-02-15 16:00:00,8.0,1.727220948090484,5.5557850469062,5,1,False,8,6–9
2025-02-15,565,#9,12.0,6.0,22.0,171.58,2025-02-15 22:00:00,2025-02-16 00:00:00,2.0,1.9459101490553128,5.150860897080162,5,2,False,22,22–2
2025-02-15,561,#15,47.0,5.875,30.0,164.39,2025-02-15 15:00:00,2025-02-15 23:00:00,8.0,1.927891643552635,5.108306321269702,5,2,False,15,15–18
2025-02-16,576,#3,26.0,3.7142857142857135,27.0,135.58,2025-02-16 00:00:00,2025-02-16 07:00:00,7.0,1.550597412411167,4.916910523532943,6,0,False,0,22–2
2025-02-16,577,#5,44.0,6.285714285714286,43.0,203.09,2025-02-16 09:00:00,2025-02-16 16:00:00,7.0,1.9859154836690125,5.318561073025079,6,1,False,9,9–12
2025-02-16,578,#9,11.0,3.6666666666666665,28.0,173.45,2025-02-16 03:00:00,2025-02-16 06:00:00,3.0,1.5404450409471488,5.161638167632783,6,0,False,3,2–6
2025-02-16,573,#15,39.0,5.571428571428571,37.0,190.39,2025-02-16 16:00:00,2025-02-16 23:00:00,7.0,1.8827312474337816,5.254313231049982,6,1,False,16,15–18
2025-02-17,589,#3,11.0,3.6666666666666665,34.0,128.31,2025-02-17 04:00:00,2025-02-17 07:00:00,3.0,1.5404450409471488,4.86221262230776,0,0,False,4,2–6
2025-02-17,590,#5,50.0,6.25,36.0,157.16,2025-02-17 14:00:00,2025-02-17 22:00:00,8.0,1.9810014688665836,5.063607178862362,0,2,False,14,12–15
2025-02-17,585,#21,23.0,3.8333333333333335,38.0,179.76,2025-02-17 08:00:00,2025-02-17 14:00:00,6.0,1.575536360758419,5.197170184543079,0,1,False,8,6–9
2025-02-17,586,#23,16.0,4.0,33.0,110.18,2025-02-17 00:00:00,2025-02-17 04:00:00,4.0,1.6094379124341005,4.711150509525323,0,0,False,0,22–2
2025-02-18,598,#21,28.0,4.666666666666667,32.0,157.91,2025-02-18 08:00:00,2025-02-18 14:00:00,6.0,1.7346010553881064,5.068338004224545,1,2,False,8,6–9
2025-02-18,602,#26,40.0,5.0,33.0,161.92,2025-02-18 14:00:00,2025-02-18 22:00:00,8.0,1.791759469228055,5.0932592827802114,1,2,False,14,12–15
2025-02-18,603,#29,10.0,2.5,24.0,129.54,2025-02-18 00:00:00,2025-02-18 04:00:00,4.0,1.252762968495368,4.871679693207072,1,0,False,0,22–2
2025-02-19,611,#14,42.0,7.0,32.0,146.72,2025-02-19 16:00:00,2025-02-19 22:00:00,6.0,2.079441541679836,4.995318589984363,2,2,False,16,15–18
2025-02-19,612,#21,25.0,4.166666666666667,31.0,142.09,2025-02-19 08:00:00,2025-02-19 14:00:00,6.0,1.642227735257091,4.963473802918644,2,0,False,8,6–9
2025-02-19,615,#29,22.0,3.142857142857143,48.0,189.13,2025-02-19 00:00:00,2025-02-19 07:00:00,7.0,1.421385680931161,5.247708048721495,2,1,False,0,22–2
2025-02-20,629,#3,27.0,6.75,21.0,126.41,2025-02-20 00:00:00,2025-02-20 04:00:00,4.0,2.0476928433652555,4.8474102329932895,3,2,False,0,22–2
2025-02-20,624,#14,53.0,8.833333333333334,40.0,171.06,2025-02-20 16:00:00,2025-02-20 22:00:00,6.0,2.2857779746776643,5.147843253193202,3,2,False,16,15–18
2025-02-20,626,#22,41.0,6.833333333333333,31.0,168.11,2025-02-20 10:00:00,2025-02-20 16:00:00,6.0,2.0583881324820035,5.130549390761593,3,2,False,10,9–12
2025-02-21,639,#3,29.000000000000004,4.142857142857143,23.0,129.74,2025-02-21 00:00:00,2025-02-21 07:00:00,7.0,1.637608789400797,4.873210618184584,4,0,False,0,22–2
2025-02-21,640,#7,10.0,3.333333333333333,20.0,179.0,2025-02-21 00:00:00,2025-02-21 03:00:00,3.0,1.4663370687934272,5.19295685089021,4,0,False,0,22–2
2025-02-21,637,#21,30.0,4.285714285714286,27.0,154.98,2025-02-21 08:00:00,2025-02-21 15:00:00,7.0,1.6650077635889111,5.049727793902352,4,0,False,8,6–9
2025-02-21,638,#29,62.0,7.75,33.0,159.8,2025-02-21 14:00:00,2025-02-21 22:00:00,8.0,2.169053700369523,5.080161356744866,4,2,False,14,12–15
2025-02-22,653,#3,38.0,5.428571428571429,26.0,150.91,2025-02-22 00:00:00,2025-02-22 07:00:00,7.0,1.8607523407150064,5.023288240219571,5,2,False,0,22–2
2025-02-22,649,#17,19.0,2.7142857142857144,29.0,146.6,2025-02-22 08:00:00,2025-02-22 15:00:00,7.0,1.312186388966169,4.994505912166372,5,0,False,8,6–9
2025-02-22,652,#30,26.0,3.25,36.0,173.08,2025-02-22 07:00:00,2025-02-22 15:00:00,8.0,1.4469189829363254,5.1595149636675774,5,1,False,7,6–9
2025-02-22,650,#29,66.0,8.25,29.0,186.67,2025-02-22 15:00:00,2025-02-22 23:00:00,8.0,2.224623551524334,5.234685101303181,5,2,False,15,15–18
2025-02-23,662,#1,13.0,6.5,28.0,216.22,2025-02-23 14:00:00,2025-02-23 16:00:00,2.0,2.0149030205422647,5.38091066485189,6,2,False,14,12–15
2025-02-23,665,#2,10.0,3.333333333333333,18.0,136.29,2025-02-23 00:00:00,2025-02-23 03:00:00,3.0,1.4663370687934272,4.922095476909513,6,0,False,0,22–2
2025-02-23,667,#3,28.0,7.0,25.0,132.8,2025-02-23 03:00:00,2025-02-23 07:00:00,4.0,2.079441541679836,4.896346147694128,6,2,False,3,2–6
2025-02-23,668,#9,24.0,3.4285714285714284,23.0,127.55,2025-02-23 15:00:00,2025-02-23 22:00:00,7.0,1.4880770554298328,4.856317933711899,6,0,False,15,15–18
2025-02-23,661,#15,16.0,2.6666666666666665,42.0,226.09,2025-02-23 08:00:00,2025-02-23 14:00:00,6.0,1.2992829841302609,5.425346414676578,6,1,False,8,6–9
2025-02-23,664,#23,20.0,5.0,31.0,125.88,2025-02-23 00:00:00,2025-02-23 04:00:00,4.0,1.791759469228055,4.843241757886537,6,0,False,0,22–2
2025-02-23,663,#22,13.0,1.8571428571428568,24.0,128.18,2025-02-23 15:00:00,2025-02-23 22:00:00,7.0,1.0498221244986778,4.861206780604327,6,0,False,15,15–18
2025-02-24,679,#3,28.0,7.0,24.0,123.1,2025-02-24 00:00:00,2025-02-24 04:00:00,4.0,2.079441541679836,4.821087692210561,0,2,False,0,22–2
2025-02-24,675,#21,44.0,6.285714285714286,37.0,176.14,2025-02-24 08:00:00,2025-02-24 15:00:00,7.0,1.9859154836690125,5.176940380381437,0,1,False,8,6–9
2025-02-24,676,#23,13.0,4.333333333333333,29.0,159.08,2025-02-24 04:00:00,2025-02-24 07:00:00,3.0,1.6739764335716716,5.075673690275478,0,0,False,4,2–6
2025-02-24,678,#30,77.0,8.555555555555555,31.0,157.84,2025-02-24 14:00:00,2025-02-24 23:00:00,9.0,2.257122718917288,5.067897406263051,0,2,False,14,12–15
2025-02-24,677,#25,13.0,6.5,29.0,127.81,2025-02-24 22:00:00,2025-02-25 00:00:00,2.0,2.0149030205422647,4.858338450407997,0,2,False,22,22–2
2025-02-25,691,#3,32.0,5.333333333333333,32.0,177.33,2025-02-25 00:00:00,2025-02-25 06:00:00,6.0,1.8458266904983307,5.183635766464422,1,2,False,0,22–2
2025-02-25,692,#7,17.0,2.4285714285714284,35.0,178.19,2025-02-25 16:00:00,2025-02-25 23:00:00,7.0,1.2321436812926323,5.188446695412324,1,1,False,16,15–18
2025-02-25,693,#9,13.0,2.1666666666666665,32.0,154.88,2025-02-25 09:00:00,2025-02-25 15:00:00,6.0,1.1526795099383853,5.049086480470509,1,0,False,9,9–12
2025-02-25,688,#17,43.0,5.375,29.0,154.99,2025-02-25 15:00:00,2025-02-25 23:00:00,8.0,1.8523840910444895,5.049791902630777,1,2,False,15,15–18
2025-02-25,689,#21,71.0,10.142857142857142,32.0,200.06,2025-02-25 08:00:00,2025-02-25 15:00:00,7.0,2.4107986776342782,5.303603370977274,1,2,False,8,6–9
2025-02-26,701,#14,50.0,7.142857142857143,33.0,141.97,2025-02-26 15:00:00,2025-02-26 22:00:00,7.0,2.097141118779237,4.962634818041073,2,2,False,15,15–18
2025-02-26,702,#21,68.0,8.5,35.0,170.99,2025-02-26 08:00:00,2025-02-26 16:00:00,8.0,2.2512917986064958,5.147436335588401,2,2,False,8,6–9
2025-02-26,703,#23,14.0,7.0,27.0,148.38,2025-02-26 22:00:00,2025-02-27 00:00:00,2.0,2.079441541679836,5.0064933949289205,2,2,False,22,22–2
2025-02-27,717,#9,10.0,3.333333333333333,20.0,107.72,2025-02-27 00:00:00,2025-02-27 03:00:00,3.0,1.4663370687934272,4.688775769842889,3,0,False,0,22–2
2025-02-27,713,#21,68.0,8.5,32.0,177.28,2025-02-27 08:00:00,2025-02-27 16:00:00,8.0,2.2512917986064958,5.183355348078355,3,2,False,8,6–9
2025-02-27,714,#23,32.0,4.0,23.0,128.29,2025-02-27 00:00:00,2025-02-27 08:00:00,8.0,1.6094379124341005,4.8620579432664615,3,0,False,0,22–2
2025-02-27,715,#29,53.0,7.571428571428571,25.0,148.67,2025-02-27 15:00:00,2025-02-27 22:00:00,7.0,2.1484344131667874,5.008432870541055,3,2,False,15,15–18
2025-02-28,729,#3,48.0,12.0,26.0,177.4,2025-02-28 00:00:00,2025-02-28 04:00:00,4.0,2.5649493574615367,5.184028220145909,4,2,False,0,22–2
2025-02-28,731,#9,10.0,3.333333333333333,25.0,170.64,2025-02-28 04:00:00,2025-02-28 07:00:00,3.0,1.4663370687934272,5.145399260123324,4,0,False,4,2–6
2025-02-28,724,#21,57.0,7.125,34.0,157.96,2025-02-28 08:00:00,2025-02-28 16:00:00,8.0,2.094945728215801,5.0686525982435615,4,2,False,8,6–9
2025-02-28,727,#29,34.0,5.666666666666667,21.0,163.33,2025-02-28 16:00:00,2025-02-28 22:00:00,6.0,1.8971199848858813,5.101876601193199,4,2,False,16,15–18
2025-03-01,739,#1,35.0,5.0,31.0,152.04,2025-03-01 08:00:00,2025-03-01 15:00:00,7.0,1.791759469228055,5.030699325131997,5,2,False,8,6–9
2025-03-01,741,#2,12.0,1.5,25.0,179.41,2025-03-01 00:00:00,2025-03-01 08:00:00,8.0,0.9162907318741552,5.195232038464711,5,0,False,0,22–2
2025-03-01,742,#3,55.0,6.875,25.0,143.3,2025-03-01 00:00:00,2025-03-01 08:00:00,8.0,2.063693184711697,4.971894465779825,5,2,False,0,22–2
2025-03-01,738,#15,52.0,7.428571428571429,36.0,171.94,2025-03-01 15:00:00,2025-03-01 22:00:00,7.0,2.1316272948504063,5.152944713532285,5,2,False,15,15–18
2025-03-02,756,#3,38.0,4.75,31.0,181.46,2025-03-02 00:00:00,2025-03-02 08:00:00,8.0,1.749199854809259,5.206530970917329,6,2,False,0,22–2
2025-03-02,751,#14,37.0,5.285714285714286,28.0,130.3,2025-03-02 08:00:00,2025-03-02 15:00:00,7.0,1.838279484862948,4.877484781308751,6,0,False,8,6–9
2025-03-02,754,#26,66.0,6.6,29.0,171.29,2025-03-02 14:00:00,2025-03-03 00:00:00,10.0,2.028148247292285,5.149179103544315,6,2,False,14,12–15
2025-03-03,763,#11,54.0,6.0,33.0,141.09,2025-03-03 14:00:00,2025-03-03 23:00:00,9.0,1.9459101490553128,4.956460659649984,0,2,False,14,12–15
2025-03-03,764,#21,38.0,6.333333333333333,25.0,152.62,2025-03-03 08:00:00,2025-03-03 14:00:00,6.0,1.992430164690206,5.034482020570536,0,2,False,8,6–9
2025-03-04,781,#3,13.0,3.25,32.0,124.46,2025-03-04 00:00:00,2025-03-04 04:00:00,4.0,1.4469189829363254,4.831986982668597,1,0,False,0,22–2
2025-03-04,776,#21,32.0,6.4,28.0,152.26,2025-03-04 09:00:00,2025-03-04 14:00:00,5.0,2.0014800002101243,5.032135825542258,1,2,False,9,9–12
2025-03-04,777,#23,11.0,5.5,30.0,183.13,2025-03-04 03:00:00,2025-03-04 05:00:00,2.0,1.8718021769015916,5.215642029879128,1,2,False,3,2–6
2025-03-04,779,#29,31.0,5.166666666666667,37.0,227.21,2025-03-04 16:00:00,2025-03-04 22:00:00,6.0,1.8191584434161692,5.43026625767732,1,1,False,16,15–18
2025-03-05,789,#14,56.0,9.333333333333334,28.0,129.9,2025-03-05 16:00:00,2025-03-05 22:00:00,6.0,2.3353749158170367,4.874433672915854,2,2,False,16,15–18
2025-03-05,790,#21,49.0,6.125,42.0,193.68,2025-03-05 08:00:00,2025-03-05 16:00:00,8.0,1.9636097261547143,5.271357184965254,2,1,False,8,6–9
2025-03-05,792,#23,19.0,6.333333333333333,27.0,153.04,2025-03-05 00:00:00,2025-03-05 03:00:00,3.0,1.992430164690206,5.0372123089467085,2,2,False,0,22–2
2025-03-06,807,#9,11.0,2.75,19.0,125.47,2025-03-06 00:00:00,2025-03-06 04:00:00,4.0,1.3217558399823195,4.840005125891885,3,0,False,0,22–2
2025-03-06,802,#21,57.0,7.125,33.0,137.35,2025-03-06 08:00:00,2025-03-06 16:00:00,8.0,2.094945728215801,4.929786706232935,3,2,False,8,6–9
2025-03-06,804,#23,15.0,2.142857142857143,26.0,147.06,2025-03-06 00:00:00,2025-03-06 07:00:00,7.0,1.1451323043030026,4.997617597014952,3,0,False,0,22–2
2025-03-06,805,#29,52.0,10.4,28.0,140.05,2025-03-06 16:00:00,2025-03-06 21:00:00,5.0,2.4336133554004498,4.949114437448006,3,2,False,16,15–18
2025-03-07,815,#21,52.0,6.5,32.0,150.83,2025-03-07 08:00:00,2025-03-07 16:00:00,8.0,2.0149030205422647,5.022761473894096,4,2,False,8,6–9
2025-03-07,817,#23,33.0,4.125,33.0,159.99,2025-03-07 00:00:00,2025-03-07 08:00:00,8.0,1.6341305250244718,5.081342251254203,4,1,False,0,22–2
2025-03-07,816,#22,22.0,5.5,22.0,89.18,2025-03-07 00:00:00,2025-03-07 04:00:00,4.0,1.8718021769015916,4.501807672992938,4,0,False,0,22–2
2025-03-07,818,#29,79.0,13.166666666666666,30.0,156.65,2025-03-07 16:00:00,2025-03-07 22:00:00,6.0,2.6508917872622613,5.06037738599107,4,2,False,16,15–18
2025-03-08,828,#1,60.99999999999999,8.714285714285714,29.0,160.63,2025-03-08 15:00:00,2025-03-08 22:00:00,7.0,2.273597556120793,5.085309772421717,5,2,False,15,15–18
2025-03-08,833,#9,11.0,2.2,22.0,111.14,2025-03-08 15:00:00,2025-03-08 20:00:00,5.0,1.1631508098056809,4.719748090695527,5,0,False,15,15–18
2025-03-08,827,#14,57.0,8.142857142857142,31.0,136.96,2025-03-08 08:00:00,2025-03-08 15:00:00,7.0,2.2129729343043585,4.92696378806864,5,2,False,8,6–9
2025-03-08,830,#23,22.0,7.333333333333333,29.0,92.93,2025-03-08 03:00:00,2025-03-08 06:00:00,3.0,2.120263536200091,4.542549824006424,5,2,False,3,2–6
2025-03-08,829,#22,25.0,6.25,27.0,195.37,2025-03-08 00:00:00,2025-03-08 04:00:00,4.0,1.9810014688665836,5.280000634762139,5,2,False,0,22–2
2025-03-09,845,#3,15.0,3.75,26.0,124.49,2025-03-09 00:00:00,2025-03-09 04:00:00,4.0,1.55814461804655,4.832226074122216,6,0,False,0,22–2
2025-03-09,846,#4,45.0,6.428571428571429,52.0,178.66,2025-03-09 15:00:00,2025-03-09 22:00:00,7.0,2.005333569526114,5.19106617580106,6,1,False,15,15–18
2025-03-09,840,#11,18.0,2.571428571428572,44.0,250.76,2025-03-09 14:00:00,2025-03-09 21:00:00,7.0,1.2729656758128876,5.528476252756152,6,1,True,14,12–15
2025-03-09,841,#17,31.0,7.75,41.0,181.13,2025-03-09 11:00:00,2025-03-09 15:00:00,4.0,2.169053700369523,5.204720717810452,6,1,False,11,9–12
2025-03-09,842,#22,14.0,2.333333333333333,35.0,174.16,2025-03-09 01:00:00,2025-03-09 07:00:00,6.0,1.203972804325936,5.165699841933198,6,1,False,1,22–2
2025-03-10,855,#3,25.0,3.571428571428572,27.0,145.19,2025-03-10 00:00:00,2025-03-10 07:00:00,7.0,1.5198257537444133,4.9849071455235245,0,0,False,0,22–2
2025-03-10,856,#7,60.0,6.666666666666667,21.0,141.56,2025-03-10 13:00:00,2025-03-10 22:00:00,9.0,2.03688192726104,4.9597629637225,0,2,False,13,12–15
2025-03-10,853,#21,48.0,8.0,31.0,168.29,2025-03-10 08:00:00,2025-03-10 14:00:00,6.0,2.19722457733622,5.131613220649158,0,2,False,8,6–9
2025-03-11,864,#17,11.0,2.75,24.0,126.7,2025-03-11 00:00:00,2025-03-11 04:00:00,4.0,1.3217558399823195,4.8496837630384935,1,0,False,0,22–2
2025-03-11,865,#21,54.0,7.714285714285714,40.0,159.27,2025-03-11 10:00:00,2025-03-11 17:00:00,7.0,2.164963715117998,5.0768598930054845,1,2,False,10,9–12
2025-03-11,867,#29,34.0,5.666666666666667,30.0,164.25,2025-03-11 16:00:00,2025-03-11 22:00:00,6.0,1.8971199848858813,5.107459478731796,1,2,False,16,15–18
2025-03-12,877,#21,76.0,9.5,31.0,160.29,2025-03-12 08:00:00,2025-03-12 16:00:00,8.0,2.3513752571634776,5.083203986929092,2,2,False,8,6–9
2025-03-12,879,#23,14.0,3.5,30.0,134.01,2025-03-12 00:00:00,2025-03-12 04:00:00,4.0,1.5040773967762742,4.905348849769155,2,0,False,0,22–2
2025-03-12,880,#26,47.0,6.714285714285714,33.0,166.67,2025-03-12 16:00:00,2025-03-12 23:00:00,7.0,2.043073897508961,5.121997761949716,2,2,False,16,15–18
2025-03-13,892,#7,21.0,5.25,20.0,121.01,2025-03-13 00:00:00,2025-03-13 04:00:00,4.0,1.8325814637483104,4.8041030085872425,3,0,False,0,22–2
2025-03-13,887,#21,53.0,6.625,29.0,168.1,2025-03-13 08:00:00,2025-03-13 16:00:00,8.0,2.031432322493475,5.130490255904535,3,2,False,8,6–9
2025-03-13,890,#29,34.0,5.666666666666667,26.0,138.66,2025-03-13 16:00:00,2025-03-13 22:00:00,6.0,1.8971199848858813,4.939210897417889,3,2,False,16,15–18
2025-03-14,904,#3,27.0,13.5,31.0,185.96,2025-03-14 22:00:00,2025-03-15 00:00:00,2.0,2.6741486494265287,5.230894690230603,4,2,False,22,22–2
2025-03-14,906,#7,12.0,4.0,20.0,84.69,2025-03-14 00:00:00,2025-03-14 03:00:00,3.0,1.6094379124341005,4.450736132681027,4,0,False,0,22–2
2025-03-14,900,#11,11.0,1.5714285714285714,31.0,172.22,2025-03-14 14:00:00,2025-03-14 21:00:00,7.0,0.9444616088408514,5.1545624629028985,4,0,False,14,12–15
2025-03-14,901,#21,50.0,7.142857142857143,36.0,210.13,2025-03-14 09:00:00,2025-03-14 16:00:00,7.0,2.097141118779237,5.352474057499991,4,1,False,9,9–12
2025-03-14,903,#29,55.0,9.166666666666666,39.0,197.57,2025-03-14 16:00:00,2025-03-14 22:00:00,6.0,2.319114394945256,5.2911416827989415,4,1,False,16,15–18
2025-03-15,917,#3,27.0,6.75,33.0,169.22,2025-03-15 03:00:00,2025-03-15 07:00:00,4.0,2.0476928433652555,5.137091718048815,5,2,False,3,2–6
2025-03-15,913,#14,59.0,7.375,38.0,203.63,2025-03-15 08:00:00,2025-03-15 16:00:00,8.0,2.12525107771113,5.321203470334738,5,1,False,8,6–9
2025-03-15,914,#15,59.0,8.428571428571429,27.0,143.22,2025-03-15 15:00:00,2025-03-15 22:00:00,7.0,2.243744592971112,4.971339911488614,5,2,False,15,15–18
2025-03-15,915,#22,37.0,9.25,23.0,129.91,2025-03-15 00:00:00,2025-03-15 04:00:00,4.0,2.327277705584417,4.874510064192008,5,2,False,0,22–2
2025-03-16,928,#2,36.0,5.142857142857143,30.0,168.47,2025-03-16 15:00:00,2025-03-16 22:00:00,7.0,1.8152899666382487,5.132675920005281,6,2,False,15,15–18
2025-03-16,929,#9,28.0,4.666666666666667,27.0,115.72,2025-03-16 09:00:00,2025-03-16 15:00:00,6.0,1.7346010553881064,4.7597779042145305,6,0,False,9,9–12
2025-03-16,924,#11,10.0,2.0,29.0,192.16,2025-03-16 15:00:00,2025-03-16 20:00:00,5.0,1.0986122886681096,5.263518861005341,6,0,False,15,15–18
2025-03-16,926,#23,19.0,6.333333333333333,28.0,152.18,2025-03-16 00:00:00,2025-03-16 03:00:00,3.0,1.992430164690206,5.031613700481447,6,2,False,0,22–2
2025-03-16,925,#22,15.0,7.5,25.0,142.75,2025-03-16 03:00:00,2025-03-16 05:00:00,2.0,2.1400661634962708,4.96807567967746,6,2,False,3,2–6
2025-03-16,927,#25,25.0,2.7777777777777777,30.0,149.66,2025-03-16 05:00:00,2025-03-16 14:00:00,9.0,1.329135947279942,5.015025642397549,6,0,False,5,2–6
2025-03-17,942,#4,50.0,5.555555555555555,47.0,162.36,2025-03-17 14:00:00,2025-03-17 23:00:00,9.0,1.8803128665695,5.095956354416355,0,1,False,14,12–15
2025-03-17,937,#21,49.0,8.166666666666666,39.0,197.85,2025-03-17 08:00:00,2025-03-17 14:00:00,6.0,2.215573716004416,5.2925507716537,0,1,False,8,6–9
2025-03-17,938,#23,18.0,4.5,32.0,128.31,2025-03-17 03:00:00,2025-03-17 07:00:00,4.0,1.7047480922384253,4.86221262230776,0,0,False,3,2–6
2025-03-18,953,#9,16.0,5.333333333333333,24.0,72.21,2025-03-18 00:00:00,2025-03-18 03:00:00,3.0,1.8458266904983307,4.293332023658551,1,0,False,0,22–2
2025-03-18,949,#21,51.0,7.285714285714286,39.0,211.11,2025-03-18 09:00:00,2025-03-18 16:00:00,7.0,2.114532861491106,5.357105008031125,1,1,False,9,9–12
2025-03-18,950,#29,41.0,6.833333333333333,22.0,137.99,2025-03-18 16:00:00,2025-03-18 22:00:00,6.0,2.0583881324820035,4.934401988096667,1,2,False,16,15–18
2025-03-19,964,#7,40.0,6.666666666666667,20.0,126.85,2025-03-19 09:00:00,2025-03-19 15:00:00,6.0,2.03688192726104,4.850857701737196,2,2,False,9,9–12
2025-03-19,965,#9,17.0,2.833333333333333,26.0,132.78,2025-03-19 00:00:00,2025-03-19 06:00:00,6.0,1.3437347467010947,4.896196659690262,2,0,False,0,22–2
2025-03-19,960,#14,41.0,5.857142857142857,28.0,145.87,2025-03-19 15:00:00,2025-03-19 22:00:00,7.0,1.9252908618525777,4.989547841765771,2,2,False,15,15–18
2025-03-19,962,#25,17.0,2.4285714285714284,23.0,147.32,2025-03-19 15:00:00,2025-03-19 22:00:00,7.0,1.2321436812926323,4.999372101817545,2,0,False,15,15–18
2025-03-20,977,#9,26.0,5.2,26.0,89.78,2025-03-20 00:00:00,2025-03-20 05:00:00,5.0,1.8245492920510455,4.508438997028319,3,0,False,0,22–2
2025-03-20,973,#21,43.0,5.375,38.0,148.91,2025-03-20 08:00:00,2025-03-20 16:00:00,8.0,1.8523840910444895,5.010035114024223,3,1,False,8,6–9
2025-03-20,975,#29,39.0,6.5,35.0,176.51,2025-03-20 16:00:00,2025-03-20 22:00:00,6.0,2.0149030205422647,5.179026945356712,3,2,False,16,15–18
2025-03-21,984,#1,52.0,6.5,24.0,136.49,2025-03-21 14:00:00,2025-03-21 22:00:00,8.0,2.0149030205422647,4.923551187189142,4,2,False,14,12–15
2025-03-21,985,#21,37.0,6.166666666666667,30.0,154.8,2025-03-21 08:00:00,2025-03-21 14:00:00,6.0,1.9694406464655076,5.048573133436648,4,2,False,8,6–9
2025-03-21,987,#23,26.0,6.5,16.0,133.3,2025-03-21 00:00:00,2025-03-21 04:00:00,4.0,2.0149030205422647,4.900076103529192,4,2,False,0,22–2
2025-03-21,986,#22,10.0,2.0,29.0,155.18,2025-03-21 09:00:00,2025-03-21 14:00:00,5.0,1.0986122886681096,5.051009188234529,4,0,False,9,9–12
2025-03-21,988,#25,24.0,2.6666666666666665,32.0,193.61,2025-03-21 14:00:00,2025-03-21 23:00:00,9.0,1.2992829841302609,5.270997555893074,4,1,False,14,12–15
2025-03-22,999,#1,60.0,8.571428571428571,30.0,136.18,2025-03-22 15:00:00,2025-03-22 22:00:00,7.0,2.2587824703356527,4.921293932071175,5,2,False,15,15–18
2025-03-22,998,#15,56.0,8.0,35.0,183.54,2025-03-22 08:00:00,2025-03-22 15:00:00,7.0,2.19722457733622,5.21786624215041,5,2,False,8,6–9
2025-03-22,1000,#23,32.0,8.0,21.0,160.93,2025-03-22 03:00:00,2025-03-22 07:00:00,4.0,2.19722457733622,5.08716414308538,5,2,False,3,2–6
2025-03-22,1001,#25,11.0,1.8333333333333333,34.0,188.59,2025-03-22 16:00:00,2025-03-22 22:00:00,6.0,1.041453874828161,5.244863845813947,5,1,False,16,15–18
2025-03-22,1002,#29,30.0,7.5,25.0,144.57,2025-03-22 00:00:00,2025-03-22 04:00:00,4.0,2.1400661634962708,4.980657070576569,5,2,False,0,22–2
2025-03-23,1015,#3,23.0,3.2857142857142856,33.0,217.1,2025-03-23 15:00:00,2025-03-23 22:00:00,7.0,1.455287232606842,5.384953673207583,6,1,False,15,15–18
2025-03-23,1010,#11,42.0,5.25,25.0,94.66,2025-03-23 15:00:00,2025-03-23 23:00:00,8.0,1.8325814637483104,4.560800238252151,6,0,False,15,15–18
2025-03-23,1011,#14,23.0,3.8333333333333335,32.0,176.74,2025-03-23 09:00:00,2025-03-23 15:00:00,6.0,1.575536360758419,5.180321808310329,6,1,False,9,9–12
2025-03-23,1012,#23,18.0,4.5,23.0,129.49,2025-03-23 00:00:00,2025-03-23 04:00:00,4.0,1.7047480922384253,4.871296595474155,6,0,False,0,22–2
2025-03-23,1013,#29,24.0,6.0,25.0,152.24,2025-03-23 03:00:00,2025-03-23 07:00:00,4.0,1.9459101490553128,5.032005319832448,6,2,False,3,2–6
2025-03-24,1027,#3,13.0,1.625,34.0,310.31,2025-03-24 15:00:00,2025-03-24 23:00:00,8.0,0.965080896043587,5.740789200285297,0,1,True,15,15–18
2025-03-24,1028,#9,12.0,6.0,29.0,188.73,2025-03-24 22:00:00,2025-03-25 00:00:00,2.0,1.9459101490553128,5.245602008876042,0,2,False,22,22–2
2025-03-24,1023,#11,38.0,4.75,29.0,144.1,2025-03-24 14:00:00,2025-03-24 22:00:00,8.0,1.749199854809259,4.977423159890142,0,0,False,14,12–15
2025-03-24,1024,#21,37.0,4.625,25.0,110.13,2025-03-24 08:00:00,2025-03-24 16:00:00,8.0,1.727220948090484,4.710700687197555,0,0,False,8,6–9
2025-03-24,1025,#23,23.0,3.2857142857142856,31.0,114.24,2025-03-24 00:00:00,2025-03-24 07:00:00,7.0,1.455287232606842,4.747016910216328,0,0,False,0,22–2
2025-03-25,1035,#21,55.0,6.111111111111111,40.0,167.75,2025-03-25 08:00:00,2025-03-25 17:00:00,9.0,1.9616585060234524,5.128418329752639,1,1,False,8,6–9
2025-03-25,1038,#29,42.0,7.0,34.0,174.58,2025-03-25 16:00:00,2025-03-25 22:00:00,6.0,2.079441541679836,5.168094779498063,1,2,False,16,15–18
2025-03-26,1055,#9,11.0,2.75,21.0,99.63,2025-03-26 03:00:00,2025-03-26 07:00:00,4.0,1.3217558399823195,4.611450423945242,2,0,False,3,2–6
2025-03-26,1048,#14,39.0,6.5,39.0,147.39,2025-03-26 16:00:00,2025-03-26 22:00:00,6.0,2.0149030205422647,4.999843943018035,2,2,False,16,15–18
2025-03-26,1050,#21,53.0,6.625,38.0,168.71,2025-03-26 08:00:00,2025-03-26 16:00:00,8.0,2.031432322493475,5.134091098023174,2,1,False,8,6–9
2025-03-26,1052,#23,32.0,8.0,25.0,110.5,2025-03-26 00:00:00,2025-03-26 04:00:00,4.0,2.19722457733622,4.7140245909001735,2,2,False,0,22–2
2025-03-27,1062,#11,12.0,1.7142857142857142,28.0,176.58,2025-03-27 14:00:00,2025-03-27 21:00:00,7.0,0.9985288301111273,5.179421211604181,3,0,False,14,12–15
2025-03-27,1063,#17,21.0,5.25,34.0,190.26,2025-03-27 00:00:00,2025-03-27 04:00:00,4.0,1.8325814637483104,5.253633758921397,3,1,False,0,22–2
2025-03-27,1064,#21,55.0,6.875,35.0,160.57,2025-03-27 08:00:00,2025-03-27 16:00:00,8.0,2.063693184711697,5.084938485288739,3,2,False,8,6–9
2025-03-27,1067,#29,42.0,7.0,37.0,159.22,2025-03-27 16:00:00,2025-03-27 22:00:00,6.0,2.079441541679836,5.076547870786971,3,2,False,16,15–18
2025-03-28,1080,#6,10.0,1.4285714285714286,34.0,119.21,2025-03-28 16:00:00,2025-03-28 23:00:00,7.0,0.8873031950009028,4.7892402133161625,4,0,True,16,15–18
2025-03-28,1075,#15,67.0,8.375,29.0,152.42,2025-03-28 14:00:00,2025-03-28 22:00:00,8.0,2.2380465718564744,5.03317925853115,4,2,False,14,12–15
2025-03-28,1076,#17,12.0,3.0,30.0,147.24,2025-03-28 03:00:00,2025-03-28 07:00:00,4.0,1.3862943611198906,4.998832581977104,4,0,False,3,2–6
2025-03-28,1077,#21,27.0,5.4,47.0,196.35,2025-03-28 09:00:00,2025-03-28 14:00:00,5.0,1.8562979903656265,5.284978802108856,4,1,False,9,9–12
2025-03-28,1078,#23,34.0,8.5,19.0,167.23,2025-03-28 00:00:00,2025-03-28 04:00:00,4.0,2.2512917986064958,5.125332090731069,4,2,False,0,22–2
2025-03-29,1091,#2,15.0,1.875,32.0,172.36,2025-03-29 15:00:00,2025-03-29 23:00:00,8.0,1.0560526742493137,5.155370357228104,5,0,False,15,15–18
2025-03-29,1092,#3,31.0,7.75,29.0,202.24,2025-03-29 00:00:00,2025-03-29 04:00:00,4.0,2.169053700369523,5.314387546725532,5,2,False,0,22–2
2025-03-29,1087,#14,57.0,8.142857142857142,34.0,157.42,2025-03-29 08:00:00,2025-03-29 15:00:00,7.0,2.2129729343043585,5.065249734036134,5,2,False,8,6–9
2025-03-29,1088,#15,82.0,11.714285714285714,29.0,161.2,2025-03-29 15:00:00,2025-03-29 22:00:00,7.0,2.542726220676826,5.088830141681313,5,2,False,15,15–18
2025-03-29,1089,#23,32.0,8.0,21.0,149.97,2025-03-29 03:00:00,2025-03-29 07:00:00,4.0,2.19722457733622,5.017081141579645,5,2,False,3,2–6
2025-03-30,1104,#3,27.0,6.75,31.0,189.58,2025-03-30 03:00:00,2025-03-30 07:00:00,4.0,2.0476928433652555,5.250072053920042,6,2,False,3,2–6
2025-03-30,1105,#4,39.0,5.571428571428571,48.0,219.22,2025-03-30 08:00:00,2025-03-30 15:00:00,7.0,1.8827312474337816,5.394627046685445,6,1,False,8,6–9
2025-03-30,1101,#18,55.0,7.857142857142857,26.0,165.77,2025-03-30 15:00:00,2025-03-30 22:00:00,7.0,2.181224235989778,5.116615617633488,6,2,False,15,15–18
2025-03-30,1102,#23,19.0,4.75,16.0,111.7,2025-03-30 00:00:00,2025-03-30 04:00:00,4.0,1.749199854809259,4.724729421045731,6,0,False,0,22–2
2025-03-30,1103,#25,11.0,3.6666666666666665,36.0,121.44,2025-03-30 00:00:00,2025-03-30 03:00:00,3.0,1.5404450409471488,4.807621114077212,6,0,False,0,22–2
2025-03-31,1115,#21,26.0,5.2,36.0,150.49,2025-03-31 09:00:00,2025-03-31 14:00:00,5.0,1.8245492920510455,5.020519616170232,0,2,False,9,9–12
2025-03-31,1117,#23,30.0,3.75,20.0,87.35,2025-03-31 00:00:00,2025-03-31 08:00:00,8.0,1.55814461804655,4.481306198765705,0,0,False,0,22–2
2025-03-31,1118,#28,39.0,4.875,24.0,170.98,2025-03-31 14:00:00,2025-03-31 22:00:00,8.0,1.770706060030223,5.14737819098275,0,2,False,14,12–15
2025-04-01,1130,#3,18.0,4.5,20.0,136.46,2025-04-01 00:00:00,2025-04-01 04:00:00,4.0,1.7047480922384253,4.923332965693459,1,0,False,0,22–2
2025-04-01,1125,#21,32.0,6.4,36.0,171.94,2025-04-01 09:00:00,2025-04-01 14:00:00,5.0,2.0014800002101243,5.152944713532285,1,2,False,9,9–12
2025-04-01,1128,#28,63.0,7.875,28.0,169.64,2025-04-01 14:00:00,2025-04-01 22:00:00,8.0,2.1832383353614797,5.139556074163095,1,2,False,14,12–15
2025-04-02,1141,#3,31.0,3.875,26.0,137.84,2025-04-02 00:00:00,2025-04-02 08:00:00,8.0,1.5841201044498106,4.933322190993586,2,0,False,0,22–2
2025-04-02,1137,#14,62.0,10.333333333333334,41.0,197.23,2025-04-02 16:00:00,2025-04-02 22:00:00,6.0,2.427748235948052,5.28942797270212,2,1,False,16,15–18
2025-04-02,1139,#21,84.0,10.5,39.0,194.17,2025-04-02 08:00:00,2025-04-02 16:00:00,8.0,2.4423470353692043,5.273870973643111,2,2,False,8,6–9
2025-04-03,1149,#1,69.0,9.857142857142858,32.0,162.8,2025-04-03 15:00:00,2025-04-03 22:00:00,7.0,2.3848231912310176,5.098646171418969,3,2,False,15,15–18
2025-04-03,1148,#16,11.0,1.5714285714285714,32.0,122.39,2025-04-03 07:00:00,2025-04-03 14:00:00,7.0,0.9444616088408514,4.815350070910442,3,0,False,7,6–9
2025-04-03,1150,#21,65.0,9.285714285714286,34.0,176.08,2025-04-03 08:00:00,2025-04-03 15:00:00,7.0,2.330755969960742,5.17660160786394,3,2,False,8,6–9
2025-04-03,1151,#23,14.0,3.5,25.0,146.79,2025-04-03 00:00:00,2025-04-03 04:00:00,4.0,1.5040773967762742,4.995792347226481,3,0,False,0,22–2
2025-04-04,1166,#7,34.0,8.5,23.0,138.58,2025-04-04 00:00:00,2025-04-04 04:00:00,4.0,2.2512917986064958,4.938637913589005,4,2,False,0,22–2
2025-04-04,1161,#21,32.0,8.0,33.0,161.28,2025-04-04 10:00:00,2025-04-04 14:00:00,4.0,2.19722457733622,5.089323238338246,4,2,False,10,9–12
2025-04-04,1163,#23,16.0,5.333333333333333,37.0,200.7,2025-04-04 03:00:00,2025-04-04 06:00:00,3.0,1.8458266904983307,5.306781444960167,4,1,False,3,2–6
2025-04-04,1164,#28,84.0,10.5,29.0,205.55,2025-04-04 14:00:00,2025-04-04 22:00:00,8.0,2.4423470353692043,5.330542513842774,4,2,False,14,12–15
2025-04-05,1177,#2,21.0,4.2,33.0,230.01,2025-04-05 09:00:00,2025-04-05 14:00:00,5.0,1.6486586255873816,5.442460999628096,5,1,False,9,9–12
2025-04-05,1178,#3,29.0,7.25,29.0,156.09,2025-04-05 00:00:00,2025-04-05 04:00:00,4.0,2.110213200346589,5.056818889511848,5,2,False,0,22–2
2025-04-05,1179,#7,23.0,4.6,26.0,149.35,2025-04-05 03:00:00,2025-04-05 08:00:00,5.0,1.7227665977411035,5.012965909434538,5,0,False,3,2–6
2025-04-05,1176,#29,70.0,8.75,25.0,154.88,2025-04-05 14:00:00,2025-04-05 22:00:00,8.0,2.277267285009756,5.049086480470509,5,2,False,14,12–15
2025-04-06,1191,#3,43.0,6.142857142857143,23.0,148.17,2025-04-06 00:00:00,2025-04-06 07:00:00,7.0,1.9661128563728327,5.005086595165839,6,2,False,0,22–2
2025-04-06,1193,#9,39.0,7.8,34.0,203.53,2025-04-06 10:00:00,2025-04-06 15:00:00,5.0,2.174751721484161,5.320714663990075,6,2,False,10,9–12
2025-04-06,1190,#28,44.0,6.285714285714286,29.0,179.44,2025-04-06 15:00:00,2025-04-06 22:00:00,7.0,1.9859154836690125,5.195398312540196,6,2,False,15,15–18
2025-04-07,1204,#3,14.0,4.666666666666667,26.0,149.03,2025-04-07 03:00:00,2025-04-07 06:00:00,3.0,1.7346010553881064,5.010835274098922,0,0,False,3,2–6
2025-04-07,1205,#9,12.0,1.5,33.0,167.07,2025-04-07 06:00:00,2025-04-07 14:00:00,8.0,0.9162907318741552,5.124380559288476,0,0,False,6,6–9
2025-04-07,1200,#21,28.0,4.666666666666667,32.0,183.51,2025-04-07 08:00:00,2025-04-07 14:00:00,6.0,1.7346010553881064,5.217703662553791,0,1,False,8,6–9
2025-04-07,1201,#23,18.0,4.5,24.0,140.87,2025-04-07 00:00:00,2025-04-07 04:00:00,4.0,1.7047480922384253,4.954911145323894,0,0,False,0,22–2
2025-04-07,1202,#28,54.0,6.75,24.0,155.88,2025-04-07 14:00:00,2025-04-07 22:00:00,8.0,2.0476928433652555,5.055481181888091,0,2,False,14,12–15
2025-04-08,1217,#3,20.0,5.0,22.0,122.12,2025-04-08 00:00:00,2025-04-08 04:00:00,4.0,1.791759469228055,4.813159489530624,1,0,False,0,22–2
2025-04-08,1213,#21,28.0,5.6,32.0,148.04,2025-04-08 09:00:00,2025-04-08 14:00:00,5.0,1.88706964903238,5.004214726293333,1,2,False,9,9–12
2025-04-08,1216,#28,59.0,7.375,25.0,152.86,2025-04-08 14:00:00,2025-04-08 22:00:00,8.0,2.12525107771113,5.036043098030789,1,2,False,14,12–15
2025-04-09,1228,#3,29.0,4.833333333333333,39.0,163.59,2025-04-09 00:00:00,2025-04-09 06:00:00,6.0,1.7635885922613586,5.103457533055977,2,1,False,0,22–2
2025-04-09,1226,#14,49.0,8.166666666666666,34.0,147.23,2025-04-09 16:00:00,2025-04-09 22:00:00,6.0,2.215573716004416,4.998765121525769,2,2,False,16,15–18
2025-04-09,1227,#21,47.0,5.875,36.0,164.64,2025-04-09 08:00:00,2025-04-09 16:00:00,8.0,1.927891643552635,5.109816758677367,2,2,False,8,6–9
2025-04-10,1236,#21,43.0,5.375,34.0,176.43,2025-04-10 08:00:00,2025-04-10 16:00:00,8.0,1.8523840910444895,5.178576164935488,3,1,False,8,6–9
2025-04-10,1237,#23,14.0,3.5,27.0,158.08,2025-04-10 00:00:00,2025-04-10 04:00:00,4.0,1.5040773967762742,5.06940722033949,3,0,False,0,22–2
2025-04-10,1238,#29,52.0,7.428571428571429,26.0,142.37,2025-04-10 15:00:00,2025-04-10 22:00:00,7.0,2.1316272948504063,4.965428701258176,3,2,False,15,15–18
2025-04-11,1252,#3,35.0,8.75,25.0,135.61,2025-04-11 00:00:00,2025-04-11 04:00:00,4.0,2.277267285009756,4.917130150899396,4,2,False,0,22–2
2025-04-11,1249,#21,30.0,5.0,27.0,188.15,2025-04-11 09:00:00,2025-04-11 15:00:00,6.0,1.791759469228055,5.242540351079038,4,2,False,9,9–12
2025-04-11,1251,#29,53.0,7.571428571428571,27.0,181.71,2025-04-11 15:00:00,2025-04-11 22:00:00,7.0,2.1484344131667874,5.207900196423574,4,2,False,15,15–18
2025-04-12,1266,#3,25.0,6.25,23.0,133.48,2025-04-12 03:00:00,2025-04-12 07:00:00,4.0,1.9810014688665836,4.90141548910036,5,2,False,3,2–6
2025-04-12,1267,#7,13.0,6.5,27.0,116.99,2025-04-12 22:00:00,2025-04-13 00:00:00,2.0,2.0149030205422647,4.770599875111828,5,2,False,22,22–2
2025-04-12,1262,#14,46.0,6.571428571428571,32.0,150.63,2025-04-12 08:00:00,2025-04-12 15:00:00,7.0,2.0243817644968085,5.021443342812848,5,2,False,8,6–9
2025-04-12,1263,#15,59.0,7.375,44.0,225.33,2025-04-12 14:00:00,2025-04-12 22:00:00,8.0,2.12525107771113,5.421994111241634,5,1,False,14,12–15
2025-04-12,1264,#17,41.0,10.25,27.0,173.35,2025-04-12 00:00:00,2025-04-12 04:00:00,4.0,2.4203681286504293,5.161064773121661,5,2,False,0,22–2
2025-04-13,1275,#11,62.0,6.888888888888889,36.0,172.76,2025-04-13 14:00:00,2025-04-13 23:00:00,9.0,2.065455299705096,5.15767503674557,6,2,False,14,12–15
2025-04-13,1276,#17,50.0,6.25,25.0,158.06,2025-04-13 00:00:00,2025-04-13 08:00:00,8.0,1.9810014688665836,5.069281489528989,6,2,False,0,22–2
2025-04-13,1278,#26,26.0,4.333333333333333,20.0,129.38,2025-04-13 08:00:00,2025-04-13 14:00:00,6.0,1.6739764335716716,4.870453263496393,6,0,False,8,6–9
2025-04-14,1286,#17,21.0,5.25,25.0,172.67,2025-04-14 03:00:00,2025-04-14 07:00:00,4.0,1.8325814637483104,5.157156946759023,0,2,False,3,2–6
2025-04-14,1287,#21,54.0,9.0,23.0,155.98,2025-04-14 08:00:00,2025-04-14 14:00:00,6.0,2.302585092994046,5.056118408698668,0,2,False,8,6–9
2025-04-14,1288,#23,26.0,6.5,35.0,153.22,2025-04-14 00:00:00,2025-04-14 04:00:00,4.0,2.0149030205422647,5.038380154404814,0,2,False,0,22–2
2025-04-14,1289,#28,75.0,9.375,28.0,155.16,2025-04-14 14:00:00,2025-04-14 22:00:00,8.0,2.339399066116762,5.050881122664783,0,2,False,14,12–15
2025-04-15,1299,#21,15.0,5.0,26.0,139.03,2025-04-15 10:00:00,2025-04-15 13:00:00,3.0,1.791759469228055,4.941856685367686,1,0,False,10,9–12
2025-04-15,1301,#28,78.0,8.666666666666666,24.0,175.49,2025-04-15 13:00:00,2025-04-15 22:00:00,9.0,2.268683541318364,5.1732642175444745,1,2,False,13,12–15
2025-04-15,1302,#29,20.0,10.0,26.0,144.21,2025-04-15 22:00:00,2025-04-16 00:00:00,2.0,2.3978952727983707,4.978180970542646,1,2,False,22,22–2
2025-04-16,1311,#21,32.0,5.333333333333333,28.0,142.02,2025-04-16 08:00:00,2025-04-16 14:00:00,6.0,1.8458266904983307,4.96298448062025,2,2,False,8,6–9
2025-04-16,1312,#28,93.0,9.3,32.0,170.57,2025-04-16 14:00:00,2025-04-17 00:00:00,10.0,2.33214389523559,5.144991346595335,2,2,False,14,12–15
2025-04-16,1313,#29,10.0,3.333333333333333,14.0,66.15,2025-04-16 03:00:00,2025-04-16 06:00:00,3.0,1.4663370687934272,4.206928922969246,2,0,True,3,2–6
2025-04-17,1323,#6,24.0,6.0,27.0,147.69,2025-04-17 00:00:00,2025-04-17 04:00:00,4.0,1.9459101490553128,5.001863601709132,3,2,False,0,22–2
2025-04-17,1321,#21,37.0,5.285714285714286,37.0,197.67,2025-04-17 08:00:00,2025-04-17 15:00:00,7.0,1.838279484862948,5.291645156779972,3,1,False,8,6–9
2025-04-17,1322,#28,87.0,10.875,28.0,133.71,2025-04-17 14:00:00,2025-04-17 22:00:00,8.0,2.474435349920705,4.903124319710477,3,2,False,14,12–15
2025-04-18,1337,#6,28.0,9.333333333333334,20.0,109.4,2025-04-18 03:00:00,2025-04-18 06:00:00,3.0,2.3353749158170367,4.704110133842995,4,2,False,3,2–6
2025-04-18,1333,#17,27.0,6.75,30.0,129.92,2025-04-18 00:00:00,2025-04-18 04:00:00,4.0,2.0476928433652555,4.87458644963298,4,2,False,0,22–2
2025-04-18,1334,#18,11.0,2.2,45.0,205.85,2025-04-18 06:00:00,2025-04-18 11:00:00,5.0,1.1631508098056809,5.331993892907421,4,1,False,6,6–9
2025-04-18,1335,#21,26.0,5.2,34.0,202.9,2025-04-18 09:00:00,2025-04-18 14:00:00,5.0,1.8245492920510455,5.31762967758041,4,1,False,9,9–12
2025-04-18,1336,#28,49.0,5.444444444444445,25.0,147.18,2025-04-18 13:00:00,2025-04-18 22:00:00,9.0,1.8632184332102,4.998427750988511,4,2,False,13,12–15
2025-04-19,1351,#4,53.0,6.625,32.0,149.65,2025-04-19 08:00:00,2025-04-19 16:00:00,8.0,2.031432322493475,5.01495926557631,5,2,False,8,6–9
2025-04-19,1345,#17,31.0,7.75,50.0,232.13,2025-04-19 03:00:00,2025-04-19 07:00:00,4.0,2.169053700369523,5.451596237889261,5,1,False,3,2–6
2025-04-19,1347,#23,45.0,11.25,29.0,156.42,2025-04-19 00:00:00,2025-04-19 04:00:00,4.0,2.505525936990736,5.058917392714304,5,2,False,0,22–2
2025-04-19,1348,#25,26.0,3.25,39.0,200.37,2025-04-19 14:00:00,2025-04-19 22:00:00,8.0,1.4469189829363254,5.305144011890314,5,1,False,14,12–15
2025-04-19,1349,#29,59.0,9.833333333333334,32.0,203.98,2025-04-19 16:00:00,2025-04-19 22:00:00,6.0,2.3826278006675823,5.322912413403417,5,2,False,16,15–18
2025-04-20,1359,#1,74.0,12.333333333333334,39.0,172.06,2025-04-20 16:00:00,2025-04-20 22:00:00,6.0,2.5902671654458267,5.153638355178593,6,2,False,16,15–18
2025-04-20,1358,#17,30.0,3.75,30.0,145.78,2025-04-20 08:00:00,2025-04-20 16:00:00,8.0,1.55814461804655,4.9889348671169165,6,0,False,8,6–9
2025-04-20,1361,#23,48.0,6.857142857142857,25.0,126.53,2025-04-20 00:00:00,2025-04-20 07:00:00,7.0,2.0614230361771577,4.848351631038809,6,2,False,0,22–2
2025-04-20,1362,#25,10.0,2.0,38.0,166.87,2025-04-20 14:00:00,2025-04-20 19:00:00,5.0,1.0986122886681096,5.123189870334323,6,1,False,14,12–15
2025-04-21,1371,#21,16.0,2.2857142857142856,46.0,222.47,2025-04-21 08:00:00,2025-04-21 15:00:00,7.0,1.1895840668738362,5.409277176856294,0,1,False,8,6–9
2025-04-21,1372,#23,34.0,6.8,22.0,124.54,2025-04-21 03:00:00,2025-04-21 08:00:00,5.0,2.0541237336955462,4.832624432889386,0,2,False,3,2–6
2025-04-21,1373,#25,14.0,7.0,21.0,137.72,2025-04-21 22:00:00,2025-04-22 00:00:00,2.0,2.079441541679836,4.932457513032232,0,2,False,22,22–2
2025-04-21,1374,#28,80.0,10.0,24.0,133.08,2025-04-21 14:00:00,2025-04-21 22:00:00,8.0,2.3978952727983707,4.898436636733773,0,2,False,14,12–15
2025-04-22,1385,#2,13.0,13.0,25.0,104.63,2025-04-22 23:00:00,2025-04-23 00:00:00,1.0,2.639057329615259,4.659942421835071,1,2,True,23,22–2
2025-04-22,1382,#21,30.0,5.0,24.0,136.67,2025-04-22 08:00:00,2025-04-22 14:00:00,6.0,1.791759469228055,4.924859517074852,1,0,False,8,6–9
2025-04-22,1383,#23,10.0,3.333333333333333,22.0,94.64,2025-04-22 00:00:00,2025-04-22 03:00:00,3.0,1.4663370687934272,4.560591142590124,1,0,False,0,22–2
2025-04-22,1384,#28,81.0,9.0,27.0,175.91,2025-04-22 14:00:00,2025-04-22 23:00:00,9.0,2.302585092994046,5.175641128680523,1,2,False,14,12–15
2025-04-23,1400,#4,52.0,7.428571428571429,39.0,157.3,2025-04-23 15:00:00,2025-04-23 22:00:00,7.0,2.1316272948504063,5.064491966886966,2,2,False,15,15–18
2025-04-23,1395,#17,19.0,4.75,31.0,148.54,2025-04-23 00:00:00,2025-04-23 04:00:00,4.0,1.749199854809259,5.00756391557177,2,2,False,0,22–2
2025-04-23,1396,#21,39.0,5.571428571428571,35.0,149.14,2025-04-23 08:00:00,2025-04-23 15:00:00,7.0,1.8827312474337816,5.011568192144856,2,2,False,8,6–9
2025-04-24,1411,#7,44.0,7.333333333333333,22.0,133.34,2025-04-24 16:00:00,2025-04-24 22:00:00,6.0,2.120263536200091,4.900373899838718,3,2,False,16,15–18
2025-04-24,1407,#21,52.0,6.5,23.0,128.96,2025-04-24 08:00:00,2025-04-24 16:00:00,8.0,2.0149030205422647,4.8672267108009,3,2,False,8,6–9
2025-04-24,1408,#23,14.0,3.5,26.0,119.61,2025-04-24 00:00:00,2025-04-24 04:00:00,4.0,1.5040773967762742,4.792562199595151,3,0,False,0,22–2
2025-04-24,1409,#25,14.0,1.5555555555555556,19.0,110.35,2025-04-24 06:00:00,2025-04-24 15:00:00,9.0,0.9382696385929304,4.712678393703377,3,0,True,6,6–9
2025-04-25,1419,#15,40.0,5.714285714285714,28.0,117.14,2025-04-25 15:00:00,2025-04-25 22:00:00,7.0,1.9042374526547452,4.771870361879089,4,0,False,15,15–18
2025-04-25,1420,#21,32.0,5.333333333333333,29.0,164.86,2025-04-25 09:00:00,2025-04-25 15:00:00,6.0,1.8458266904983307,5.111144059023058,4,2,False,9,9–12
2025-04-25,1421,#23,51.0,7.285714285714286,26.0,148.58,2025-04-25 00:00:00,2025-04-25 07:00:00,7.0,2.114532861491106,5.007831366763521,4,2,False,0,22–2
2025-04-26,1434,#2,11.0,2.75,27.0,115.75,2025-04-26 10:00:00,2025-04-26 14:00:00,4.0,1.3217558399823195,4.760034896549007,5,0,False,10,9–12
2025-04-26,1435,#3,22.0,5.5,26.0,129.62,2025-04-26 03:00:00,2025-04-26 07:00:00,4.0,1.8718021769015916,4.872292344474511,5,0,False,3,2–6
2025-04-26,1436,#6,25.0,3.571428571428572,34.0,153.5,2025-04-26 08:00:00,2025-04-26 15:00:00,7.0,1.5198257537444133,5.0401940963378005,5,0,False,8,6–9
2025-04-26,1431,#15,31.0,3.875,28.0,128.02,2025-04-26 15:00:00,2025-04-26 23:00:00,8.0,1.5841201044498106,4.859967431104096,5,0,False,15,15–18
2025-04-26,1432,#23,24.0,6.0,23.0,186.0,2025-04-26 00:00:00,2025-04-26 04:00:00,4.0,1.9459101490553128,5.231108616854587,5,2,False,0,22–2
2025-04-26,1433,#25,42.0,4.2,25.0,129.43,2025-04-26 13:00:00,2025-04-26 23:00:00,10.0,1.6486586255873816,4.870836684382192,5,0,False,13,12–15
2025-04-27,1444,#1,30.0,3.75,34.0,203.44,2025-04-27 08:00:00,2025-04-27 16:00:00,8.0,1.55814461804655,5.320274533900079,6,1,False,8,6–9
2025-04-27,1447,#3,21.0,5.25,21.0,190.24,2025-04-27 00:00:00,2025-04-27 04:00:00,4.0,1.8325814637483104,5.253529183757903,6,2,False,0,22–2
2025-04-27,1448,#9,29.0,4.833333333333333,25.0,175.53,2025-04-27 16:00:00,2025-04-27 22:00:00,6.0,1.7635885922613586,5.173490833601192,6,2,False,16,15–18
2025-04-27,1445,#23,36.0,9.0,23.0,142.24,2025-04-27 03:00:00,2025-04-27 07:00:00,4.0,2.302585092994046,4.964521545130232,6,2,False,3,2–6
2025-04-28,1458,#2,11.0,1.375,19.0,92.26,2025-04-28 06:00:00,2025-04-28 14:00:00,8.0,0.8649974374866045,4.535391291380175,0,0,True,6,6–9
2025-04-28,1460,#4,46.0,6.571428571428571,34.0,175.33,2025-04-28 15:00:00,2025-04-28 22:00:00,7.0,2.0243817644968085,5.172357239419832,0,2,False,15,15–18
2025-04-28,1461,#9,19.0,4.75,34.0,153.44,2025-04-28 00:00:00,2025-04-28 04:00:00,4.0,1.749199854809259,5.039805671396036,0,2,False,0,22–2
2025-04-28,1456,#21,37.0,5.285714285714286,31.0,130.57,2025-04-28 08:00:00,2025-04-28 15:00:00,7.0,1.838279484862948,4.879539029377747,0,0,False,8,6–9
2025-04-29,1472,#3,13.0,4.333333333333333,27.0,127.47,2025-04-29 00:00:00,2025-04-29 03:00:00,3.0,1.6739764335716716,4.855695414043519,1,0,False,0,22–2
2025-04-29,1468,#21,57.0,7.125,33.0,178.22,2025-04-29 08:00:00,2025-04-29 16:00:00,8.0,2.094945728215801,5.188614101456073,1,2,False,8,6–9
2025-04-29,1470,#29,45.0,7.5,30.0,163.06,2025-04-29 16:00:00,2025-04-29 22:00:00,6.0,2.1400661634962708,5.100232214574604,1,2,False,16,15–18
2025-04-30,1485,#2,13.0,6.5,48.0,218.61,2025-04-30 22:00:00,2025-05-01 00:00:00,2.0,2.0149030205422647,5.391853245939202,2,1,False,22,22–2
2025-04-30,1481,#14,42.0,7.0,36.0,146.73,2025-04-30 16:00:00,2025-04-30 22:00:00,6.0,2.079441541679836,4.9953862833335165,2,2,False,16,15–18
2025-04-30,1482,#17,19.0,4.75,31.0,122.58,2025-04-30 00:00:00,2025-04-30 04:00:00,4.0,1.749199854809259,4.816888719632834,2,0,False,0,22–2
2025-04-30,1483,#21,49.0,6.125,36.0,190.71,2025-04-30 08:00:00,2025-04-30 16:00:00,8.0,1.9636097261547143,5.255983813531958,2,1,False,8,6–9
2025-05-01,1493,#17,31.0,6.2,27.0,149.32,2025-05-01 03:00:00,2025-05-01 08:00:00,5.0,1.9740810260220096,5.01276635510521,3,2,False,3,2–6
2025-05-01,1494,#21,40.0,5.714285714285714,32.0,151.48,2025-05-01 08:00:00,2025-05-01 15:00:00,7.0,1.9042374526547452,5.027033439905892,3,2,False,8,6–9
2025-05-01,1495,#23,17.0,8.5,27.0,178.31,2025-05-01 22:00:00,2025-05-02 00:00:00,2.0,2.2512917986064958,5.1891161515042725,3,2,False,22,22–2
2025-05-01,1496,#29,58.00000000000001,8.285714285714286,29.0,142.37,2025-05-01 15:00:00,2025-05-01 22:00:00,7.0,2.228477120840324,4.965428701258176,3,2,False,15,15–18
2025-05-02,1509,#7,11.0,5.5,18.0,114.46,2025-05-02 19:00:00,2025-05-02 21:00:00,2.0,1.8718021769015916,4.748924149632788,4,0,False,19,18–22
2025-05-02,1504,#17,44.0,8.8,32.0,134.12,2025-05-02 15:00:00,2025-05-02 20:00:00,5.0,2.2823823856765264,4.906163272499545,4,2,False,15,15–18
2025-05-02,1505,#21,41.0,5.857142857142857,46.0,175.69,2025-05-02 08:00:00,2025-05-02 15:00:00,7.0,1.9252908618525777,5.174396784628558,4,1,False,8,6–9
2025-05-02,1506,#23,15.0,5.0,19.0,141.61,2025-05-02 04:00:00,2025-05-02 07:00:00,3.0,1.791759469228055,4.960113631748675,4,0,False,4,2–6
2025-05-02,1508,#29,36.0,12.0,27.0,150.05,2025-05-02 21:00:00,2025-05-03 00:00:00,3.0,2.5649493574615367,5.017610907832681,4,2,False,21,18–22
2025-05-03,1522,#9,48.0,6.857142857142857,32.0,171.71,2025-05-03 09:00:00,2025-05-03 16:00:00,7.0,2.0614230361771577,5.151613887355828,5,2,False,9,9–12
2025-05-03,1518,#11,29.0,2.9,25.0,189.43,2025-05-03 14:00:00,2025-05-04 00:00:00,10.0,1.3609765531356006,5.249284672970726,5,0,False,14,12–15
2025-05-03,1519,#23,15.0,3.75,28.0,139.93,2025-05-03 03:00:00,2025-05-03 07:00:00,4.0,1.55814461804655,4.94826331320342,5,0,False,3,2–6
2025-05-03,1520,#29,29.0,4.833333333333333,27.0,186.67,2025-05-03 16:00:00,2025-05-03 22:00:00,6.0,1.7635885922613586,5.234685101303181,5,2,False,16,15–18
2025-05-04,1532,#3,22.0,5.5,23.0,112.71,2025-05-04 00:00:00,2025-05-04 04:00:00,4.0,1.8718021769015916,4.733651347636632,6,0,False,0,22–2
2025-05-04,1533,#4,52.0,7.428571428571429,30.0,162.1,2025-05-04 16:00:00,2025-05-04 23:00:00,7.0,2.1316272948504063,5.094363509626968,6,2,False,16,15–18
2025-05-04,1534,#9,21.0,2.625,29.0,174.79,2025-05-04 06:00:00,2025-05-04 14:00:00,8.0,1.2878542883066382,5.1692901008118,6,0,False,6,6–9
2025-05-04,1529,#11,16.0,4.0,23.0,128.41,2025-05-04 03:00:00,2025-05-04 07:00:00,4.0,1.6094379124341005,4.862985658833579,6,0,False,3,2–6
2025-05-04,1530,#17,28.0,3.5,38.0,238.85,2025-05-04 08:00:00,2025-05-04 16:00:00,8.0,1.5040773967762742,5.480013727948073,6,1,False,8,6–9
2025-05-05,1543,#1,12.0,3.0,45.0,238.53,2025-05-05 13:00:00,2025-05-05 17:00:00,4.0,1.3862943611198906,5.478678669966805,0,1,False,13,12–15
2025-05-05,1546,#2,13.0,1.8571428571428568,25.0,181.7,2025-05-05 16:00:00,2025-05-05 23:00:00,7.0,1.0498221244986778,5.207845463383961,0,0,False,16,15–18
2025-05-05,1548,#4,26.0,4.333333333333333,31.0,167.75,2025-05-05 16:00:00,2025-05-05 22:00:00,6.0,1.6739764335716716,5.128418329752639,0,2,False,16,15–18
2025-05-05,1544,#21,24.0,4.0,33.0,161.47,2025-05-05 08:00:00,2025-05-05 14:00:00,6.0,1.6094379124341005,5.090493369341659,0,1,False,8,6–9
2025-05-05,1545,#23,16.0,4.0,22.0,125.31,2025-05-05 00:00:00,2025-05-05 04:00:00,4.0,1.6094379124341005,4.838739202785884,0,0,False,0,22–2
2025-05-06,1556,#17,16.0,4.0,32.0,120.72,2025-05-06 00:00:00,2025-05-06 04:00:00,4.0,1.6094379124341005,4.80172332502877,1,0,False,0,22–2
2025-05-06,1557,#21,23.0,3.2857142857142856,21.0,123.83,2025-05-06 08:00:00,2025-05-06 15:00:00,7.0,1.455287232606842,4.826952811662959,1,0,False,8,6–9
2025-05-06,1560,#29,47.0,5.875,32.0,140.78,2025-05-06 14:00:00,2025-05-06 22:00:00,8.0,1.927891643552635,4.954276560426871,1,2,False,14,12–15
2025-05-07,1569,#14,53.0,8.833333333333334,30.0,141.38,2025-05-07 16:00:00,2025-05-07 22:00:00,6.0,2.2857779746776643,4.958499539675727,2,2,False,16,15–18
2025-05-07,1570,#17,15.0,3.75,34.0,193.88,2025-05-07 00:00:00,2025-05-07 04:00:00,4.0,1.55814461804655,5.272383984521532,2,1,False,0,22–2
2025-05-07,1571,#21,53.0,6.625,27.0,130.78,2025-05-07 08:00:00,2025-05-07 16:00:00,8.0,2.031432322493475,4.8811338654856735,2,2,False,8,6–9
2025-05-07,1572,#22,10.0,2.0,22.0,202.26,2025-05-07 09:00:00,2025-05-07 14:00:00,5.0,1.0986122886681096,5.3144859477096205,2,0,False,9,9–12
2025-05-08,1583,#11,10.0,2.0,23.0,79.19,2025-05-08 15:00:00,2025-05-08 20:00:00,5.0,1.0986122886681096,4.384398818818937,3,0,True,15,15–18
2025-05-08,1584,#17,11.0,2.75,38.0,179.81,2025-05-08 03:00:00,2025-05-08 07:00:00,4.0,1.3217558399823195,5.197446756163062,3,1,False,3,2–6
2025-05-08,1585,#21,30.0,5.0,44.0,189.64,2025-05-08 08:00:00,2025-05-08 14:00:00,6.0,1.791759469228055,5.250386832790487,3,1,False,8,6–9
2025-05-08,1586,#23,29.0,9.666666666666666,30.0,212.14,2025-05-08 21:00:00,2025-05-09 00:00:00,3.0,2.367123614131617,5.36194922679281,3,2,False,21,18–22
2025-05-08,1587,#29,73.0,9.125,21.0,161.74,2025-05-08 14:00:00,2025-05-08 22:00:00,8.0,2.315007612992603,5.092153835268511,3,2,False,14,12–15
2025-05-09,1602,#3,37.0,9.25,28.0,199.66,2025-05-09 00:00:00,2025-05-09 04:00:00,4.0,2.327277705584417,5.301611933497466,4,2,False,0,22–2
2025-05-09,1597,#21,41.0,6.833333333333333,38.0,175.41,2025-05-09 08:00:00,2025-05-09 14:00:00,6.0,2.0583881324820035,5.172810831308315,4,1,False,8,6–9
2025-05-09,1599,#23,14.0,4.666666666666667,28.0,104.02,2025-05-09 03:00:00,2025-05-09 06:00:00,3.0,1.7346010553881064,4.654150808209713,4,0,False,3,2–6
2025-05-09,1600,#29,72.0,9.0,32.0,148.68,2025-05-09 14:00:00,2025-05-09 22:00:00,8.0,2.302585092994046,5.0084996819658345,4,2,False,14,12–15
2025-05-10,1614,#3,64.0,9.142857142857142,28.0,136.11,2025-05-10 00:00:00,2025-05-10 07:00:00,7.0,2.316769727986002,4.920783523368564,5,2,False,0,22–2
2025-05-10,1615,#4,44.0,6.285714285714286,40.0,198.79,2025-05-10 15:00:00,2025-05-10 22:00:00,7.0,1.9859154836690125,5.297266814911858,5,1,False,15,15–18
2025-05-10,1611,#14,25.0,3.571428571428572,45.0,200.24,2025-05-10 08:00:00,2025-05-10 15:00:00,7.0,1.5198257537444133,5.304498225623118,5,1,False,8,6–9
2025-05-10,1612,#22,22.0,3.6666666666666665,36.0,164.48,2025-05-10 14:00:00,2025-05-10 20:00:00,6.0,1.5404450409471488,5.108850341593211,5,1,False,14,12–15
2025-05-11,1627,#3,38.0,4.75,26.0,141.54,2025-05-11 00:00:00,2025-05-11 08:00:00,8.0,1.749199854809259,4.959622662073724,6,0,False,0,22–2
2025-05-11,1624,#17,33.0,4.125,40.0,153.8,2025-05-11 08:00:00,2025-05-11 16:00:00,8.0,1.6341305250244718,5.042133961155627,6,1,False,8,6–9
2025-05-11,1625,#25,10.0,5.0,28.0,153.24,2025-05-11 06:00:00,2025-05-11 08:00:00,2.0,1.791759469228055,5.038509830862235,6,2,False,6,6–9
2025-05-11,1626,#29,39.0,6.5,39.0,220.89,2025-05-11 16:00:00,2025-05-11 22:00:00,6.0,2.0149030205422647,5.402181763578325,6,1,False,16,15–18
2025-05-12,1641,#3,10.0,2.5,20.0,68.46,2025-05-12 03:00:00,2025-05-12 07:00:00,4.0,1.252762968495368,4.240751047315928,0,0,True,3,2–6
2025-05-12,1642,#9,16.0,3.2,34.0,167.08,2025-05-12 14:00:00,2025-05-12 19:00:00,5.0,1.4350845252893227,5.124440056536745,0,1,False,14,12–15
2025-05-12,1637,#21,45.0,6.428571428571429,37.0,168.61,2025-05-12 08:00:00,2025-05-12 15:00:00,7.0,2.005333569526114,5.133501683883748,0,1,False,8,6–9
2025-05-12,1638,#23,11.0,2.75,25.0,121.21,2025-05-12 00:00:00,2025-05-12 04:00:00,4.0,1.3217558399823195,4.805740876449909,0,0,False,0,22–2
2025-05-12,1640,#29,30.0,5.0,31.0,138.72,2025-05-12 16:00:00,2025-05-12 22:00:00,6.0,1.791759469228055,4.939640419938631,0,0,False,16,15–18
2025-05-13,1652,#2,18.0,2.0,30.0,140.92,2025-05-13 14:00:00,2025-05-13 23:00:00,9.0,1.0986122886681096,4.955263518561269,1,0,False,14,12–15
2025-05-13,1649,#21,55.0,7.857142857142857,41.0,132.61,2025-05-13 08:00:00,2025-05-13 15:00:00,7.0,2.181224235989778,4.894925108600803,1,2,False,8,6–9
2025-05-13,1650,#23,23.0,5.75,21.0,119.67,2025-05-13 00:00:00,2025-05-13 04:00:00,4.0,1.9095425048844383,4.79305954708551,1,0,False,0,22–2
2025-05-13,1651,#29,45.0,6.428571428571429,38.0,171.13,2025-05-13 15:00:00,2025-05-13 22:00:00,7.0,2.005333569526114,5.148250005283415,1,1,False,15,15–18
2025-05-14,1663,#2,28.0,7.0,26.0,163.01,2025-05-14 00:00:00,2025-05-14 04:00:00,4.0,2.079441541679836,5.099927401575018,2,2,False,0,22–2
2025-05-14,1664,#9,57.0,8.142857142857142,29.0,134.89,2025-05-14 15:00:00,2025-05-14 22:00:00,7.0,2.2129729343043585,4.911845734932406,2,2,False,15,15–18
2025-05-14,1661,#21,38.0,5.428571428571429,32.0,174.52,2025-05-14 08:00:00,2025-05-14 15:00:00,7.0,1.8607523407150064,5.16775299652692,2,2,False,8,6–9
2025-05-15,1674,#2,12.0,4.0,51.0,118.35,2025-05-15 04:00:00,2025-05-15 07:00:00,3.0,1.6094379124341005,4.782060352784839,3,1,False,4,2–6
2025-05-15,1675,#3,15.0,7.5,19.0,111.02,2025-05-15 22:00:00,2025-05-16 00:00:00,2.0,2.1400661634962708,4.718677426781686,3,2,False,22,22–2
2025-05-15,1671,#11,59.0,7.375,29.0,157.13,2025-05-15 14:00:00,2025-05-15 22:00:00,8.0,2.12525107771113,5.063417479535225,3,2,False,14,12–15
2025-05-15,1673,#21,23.0,3.8333333333333335,39.0,181.53,2025-05-15 08:00:00,2025-05-15 14:00:00,6.0,1.575536360758419,5.206914543074693,3,1,False,8,6–9
2025-05-16,1683,#21,18.0,3.0,36.0,148.56,2025-05-16 08:00:00,2025-05-16 14:00:00,6.0,1.3862943611198906,5.007697650108913,4,0,False,8,6–9
2025-05-16,1685,#26,66.0,8.25,33.0,177.99,2025-05-16 14:00:00,2025-05-16 22:00:00,8.0,2.224623551524334,5.187329938358409,4,2,False,14,12–15
2025-05-16,1686,#29,17.0,4.25,38.0,178.72,2025-05-16 00:00:00,2025-05-16 04:00:00,4.0,1.6582280766035324,5.191400084201959,4,1,False,0,22–2
2025-05-17,1700,#4,87.0,8.7,39.0,192.32,2025-05-17 12:00:00,2025-05-17 22:00:00,10.0,2.272125885509337,5.264346846976883,5,1,False,12,12–15
2025-05-17,1697,#18,16.0,3.2,32.0,132.03,2025-05-17 07:00:00,2025-05-17 12:00:00,5.0,1.4350845252893227,4.890574666695814,5,0,False,7,6–9
2025-05-17,1698,#29,36.0,5.142857142857143,24.0,153.28,2025-05-17 00:00:00,2025-05-17 07:00:00,7.0,1.8152899666382487,5.038769133340027,5,2,False,0,22–2
2025-05-18,1711,#3,17.0,4.25,18.0,92.29,2025-05-18 00:00:00,2025-05-18 04:00:00,4.0,1.6582280766035324,4.53571292097287,6,0,False,0,22–2
2025-05-18,1712,#4,41.0,6.833333333333333,38.0,181.49,2025-05-18 16:00:00,2025-05-18 22:00:00,6.0,2.0583881324820035,5.206695377000724,6,1,False,16,15–18
2025-05-18,1708,#17,52.0,6.5,30.0,158.54,2025-05-18 08:00:00,2025-05-18 16:00:00,8.0,2.0149030205422647,5.072294674482984,6,2,False,8,6–9
2025-05-18,1709,#29,18.0,4.5,21.0,94.05,2025-05-18 03:00:00,2025-05-18 07:00:00,4.0,1.7047480922384253,4.554403068934438,6,0,False,3,2–6
2025-05-19,1721,#3,12.0,3.0,36.0,161.22,2025-05-19 03:00:00,2025-05-19 07:00:00,4.0,1.3862943611198906,5.088953438642199,0,1,False,3,2–6
2025-05-19,1722,#4,19.0,4.75,46.0,168.62,2025-05-19 12:00:00,2025-05-19 16:00:00,4.0,1.749199854809259,5.133560640933554,0,1,False,12,12–15
2025-05-19,1723,#6,17.0,4.25,33.0,155.2,2025-05-19 10:00:00,2025-05-19 14:00:00,4.0,1.6582280766035324,5.051137237405586,0,0,False,10,9–12
2025-05-19,1724,#9,14.0,3.5,33.0,163.48,2025-05-19 00:00:00,2025-05-19 04:00:00,4.0,1.5040773967762742,5.1027889822668,0,0,False,0,22–2
2025-05-19,1719,#22,16.0,2.6666666666666665,25.0,159.05,2025-05-19 17:00:00,2025-05-19 23:00:00,6.0,1.2992829841302609,5.075486266415872,0,0,False,17,15–18
2025-05-19,1720,#29,29.0,5.8,23.0,194.3,2025-05-19 15:00:00,2025-05-19 20:00:00,5.0,1.916922612182061,5.274536837882633,0,2,False,15,15–18
2025-05-20,1733,#4,40.0,6.666666666666667,42.0,190.34,2025-05-20 11:00:00,2025-05-20 17:00:00,6.0,2.03688192726104,5.254051950250021,1,1,False,11,9–12
2025-05-20,1735,#9,10.0,2.5,20.0,146.5,2025-05-20 00:00:00,2025-05-20 04:00:00,4.0,1.252762968495368,4.993828175779875,1,0,False,0,22–2
2025-05-20,1732,#23,15.0,3.75,22.0,153.41,2025-05-20 00:00:00,2025-05-20 04:00:00,4.0,1.55814461804655,5.039611402332773,1,0,False,0,22–2
2025-05-20,1731,#22,22.0,3.6666666666666665,41.0,148.88,2025-05-20 16:00:00,2025-05-20 22:00:00,6.0,1.5404450409471488,5.009834973925487,1,1,False,16,15–18
2025-05-21,1743,#14,47.0,6.714285714285714,35.0,175.08,2025-05-21 16:00:00,2025-05-21 23:00:00,7.0,2.043073897508961,5.170938437218206,2,2,False,16,15–18
2025-05-21,1744,#21,43.0,8.6,34.0,192.49,2025-05-21 11:00:00,2025-05-21 16:00:00,5.0,2.26176309847379,5.265225831547838,2,2,False,11,9–12
2025-05-21,1746,#23,20.0,3.333333333333333,22.0,121.53,2025-05-21 00:00:00,2025-05-21 06:00:00,6.0,1.4663370687934272,4.808355897961355,2,0,False,0,22–2
2025-05-22,1761,#3,24.0,12.0,25.0,123.01,2025-05-22 22:00:00,2025-05-23 00:00:00,2.0,2.5649493574615367,4.820362207514681,3,2,False,22,22–2
2025-05-22,1757,#21,36.0,6.0,26.0,186.31,2025-05-22 08:00:00,2025-05-22 14:00:00,6.0,1.9459101490553128,5.232764998307801,3,2,False,8,6–9
2025-05-22,1758,#23,12.0,4.0,20.0,121.18,2025-05-22 04:00:00,2025-05-22 07:00:00,3.0,1.6094379124341005,4.805495367221621,3,0,False,4,2–6
2025-05-22,1760,#26,57.0,6.333333333333333,37.0,148.5,2025-05-22 14:00:00,2025-05-22 23:00:00,9.0,1.992430164690206,5.0072963928307415,3,2,False,14,12–15
2025-05-23,1772,#3,39.0,6.5,28.0,140.54,2025-05-23 00:00:00,2025-05-23 06:00:00,6.0,2.0149030205422647,4.952582362647639,4,2,False,0,22–2
2025-05-23,1770,#21,62.0,7.75,30.0,182.97,2025-05-23 08:00:00,2025-05-23 16:00:00,8.0,2.169053700369523,5.214772700837692,4,2,False,8,6–9
2025-05-23,1771,#29,45.0,7.5,27.0,177.12,2025-05-23 16:00:00,2025-05-23 22:00:00,6.0,2.1400661634962708,5.182457480453501,4,2,False,16,15–18
2025-05-24,1784,#3,52.0,3.7142857142857135,28.0,158.77,2025-05-24 03:00:00,2025-05-24 17:00:00,14.0,1.550597412411167,5.073735281039481,5,0,False,3,2–6
2025-05-24,1781,#23,29.0,7.25,21.0,140.4,2025-05-24 00:00:00,2025-05-24 04:00:00,4.0,2.110213200346589,4.951592753462473,5,2,False,0,22–2
2025-05-24,1782,#29,61.0,10.166666666666666,27.0,167.5,2025-05-24 16:00:00,2025-05-24 22:00:00,6.0,2.412933150162911,5.126935749792416,5,2,False,16,15–18
2025-05-25,1796,#7,10.0,5.0,18.0,175.72,2025-05-25 15:00:00,2025-05-25 17:00:00,2.0,1.791759469228055,5.174566559111861,6,2,False,15,15–18
2025-05-25,1797,#9,10.0,1.4285714285714286,27.0,129.06,2025-05-25 00:00:00,2025-05-25 07:00:00,7.0,0.8873031950009028,4.867995882441006,6,0,False,0,22–2
2025-05-25,1793,#23,45.0,3.0,28.0,146.26,2025-05-25 00:00:00,2025-05-25 15:00:00,15.0,1.3862943611198906,4.992199731940571,6,0,False,0,22–2
2025-05-25,1794,#29,24.0,4.0,31.0,169.97,2025-05-25 16:00:00,2025-05-25 22:00:00,6.0,1.6094379124341005,5.141488102515018,6,0,False,16,15–18
2025-05-26,1809,#3,24.0,6.0,28.0,126.98,2025-05-26 00:00:00,2025-05-26 04:00:00,4.0,1.9459101490553128,4.851874001711314,0,2,False,0,22–2
2025-05-26,1804,#21,50.0,5.555555555555555,30.0,132.37,2025-05-26 07:00:00,2025-05-26 16:00:00,9.0,1.8803128665695,4.893127220634304,0,2,False,7,6–9
2025-05-26,1807,#29,38.0,6.333333333333333,42.0,172.58,2025-05-26 16:00:00,2025-05-26 22:00:00,6.0,1.992430164690206,5.156638588216099,0,1,False,16,15–18
2025-05-27,1821,#2,14.0,3.5,37.0,180.95,2025-05-27 00:00:00,2025-05-27 04:00:00,4.0,1.5040773967762742,5.203731924058169,1,1,False,0,22–2
2025-05-27,1818,#20,39.0,6.5,38.0,159.29,2025-05-27 15:00:00,2025-05-27 21:00:00,6.0,2.0149030205422647,5.07698467463779,1,2,False,15,15–18
2025-05-27,1819,#21,34.0,5.666666666666667,27.0,162.02,2025-05-27 09:00:00,2025-05-27 15:00:00,6.0,1.8971199848858813,5.093872892666312,1,2,False,9,9–12
2025-05-27,1820,#29,21.0,10.5,30.0,165.82,2025-05-27 22:00:00,2025-05-28 00:00:00,2.0,2.4423470353692043,5.116915386813465,1,2,False,22,22–2
2025-05-28,1832,#14,49.0,6.125,34.0,154.62,2025-05-28 15:00:00,2025-05-28 23:00:00,8.0,1.9636097261547143,5.047417138188784,2,2,False,15,15–18
2025-05-28,1833,#21,34.0,4.25,32.0,126.15,2025-05-28 08:00:00,2025-05-28 16:00:00,8.0,1.6582280766035324,4.845367491868129,2,0,False,8,6–9
2025-05-28,1834,#23,12.0,3.0,44.0,106.69,2025-05-28 00:00:00,2025-05-28 04:00:00,4.0,1.3862943611198906,4.679256729340789,2,0,False,0,22–2
2025-05-29,1844,#20,94.0,10.444444444444445,32.0,159.0,2025-05-29 15:00:00,2025-05-30 00:00:00,9.0,2.4375044108934163,5.075173815233827,3,2,False,15,15–18
2025-05-29,1845,#21,32.0,5.333333333333333,32.0,150.39,2025-05-29 09:00:00,2025-05-29 15:00:00,6.0,1.8458266904983307,5.019859288623787,3,2,False,9,9–12
2025-05-29,1846,#23,19.0,3.8,26.0,95.75,2025-05-29 03:00:00,2025-05-29 08:00:00,5.0,1.5686159179138452,4.572130331909891,3,0,False,3,2–6
2025-05-30,1859,#3,34.0,8.5,26.0,169.71,2025-05-30 00:00:00,2025-05-30 04:00:00,4.0,2.2512917986064958,5.139966210392662,4,2,False,0,22–2
2025-05-30,1856,#15,52.0,7.428571428571429,36.0,180.46,2025-05-30 15:00:00,2025-05-30 22:00:00,7.0,2.1316272948504063,5.201035243741483,4,2,False,15,15–18
2025-05-30,1857,#20,10.0,2.5,33.0,220.51,2025-05-30 03:00:00,2025-05-30 07:00:00,4.0,1.252762968495368,5.4004677351929695,4,1,False,3,2–6
2025-05-30,1858,#21,36.0,5.142857142857143,30.0,176.99,2025-05-30 08:00:00,2025-05-30 15:00:00,7.0,1.8152899666382487,5.181727368938661,4,2,False,8,6–9
2025-05-31,1869,#1,50.0,6.25,27.0,176.47,2025-05-31 08:00:00,2025-05-31 16:00:00,8.0,1.9810014688665836,5.178801580546473,5,2,False,8,6–9
2025-05-31,1872,#3,24.0,4.8,28.0,193.02,2025-05-31 03:00:00,2025-05-31 08:00:00,5.0,1.7578579175523736,5.267961246533138,5,2,False,3,2–6
2025-05-31,1868,#11,10.0,3.333333333333333,26.0,112.32,2025-05-31 15:00:00,2025-05-31 18:00:00,3.0,1.4663370687934272,4.730215674962316,5,0,False,15,15–18
2025-05-31,1870,#23,31.0,7.75,28.0,158.07,2025-05-31 00:00:00,2025-05-31 04:00:00,4.0,2.169053700369523,5.069344356910269,5,2,False,0,22–2
2025-05-31,1871,#29,46.0,7.666666666666667,40.0,277.88,2025-05-31 16:00:00,2025-05-31 22:00:00,6.0,2.159484249353373,5.630781581771711,5,1,False,16,15–18
2025-06-01,1880,#1,29.000000000000004,4.142857142857143,41.0,207.87,2025-06-01 08:00:00,2025-06-01 15:00:00,7.0,1.637608789400797,5.341712048867226,6,1,False,8,6–9
2025-06-01,1882,#23,36.0,5.142857142857143,25.0,157.25,2025-06-01 00:00:00,2025-06-01 07:00:00,7.0,1.8152899666382487,5.064176061024286,6,2,False,0,22–2
2025-06-01,1883,#29,33.0,4.714285714285714,29.0,171.06,2025-06-01 15:00:00,2025-06-01 22:00:00,7.0,1.742969305058623,5.147843253193202,6,2,False,15,15–18
2025-06-02,1891,#21,38.0,5.428571428571429,32.0,134.88,2025-06-02 08:00:00,2025-06-02 15:00:00,7.0,1.8607523407150064,4.911772143292383,0,2,False,8,6–9
2025-06-02,1894,#25,16.0,4.0,24.0,131.62,2025-06-02 00:00:00,2025-06-02 04:00:00,4.0,1.6094379124341005,4.887487895940722,0,0,False,0,22–2
2025-06-02,1895,#29,49.0,7.0,30.0,145.53,2025-06-02 15:00:00,2025-06-02 22:00:00,7.0,2.079441541679836,4.987230185649934,0,2,False,15,15–18
2025-06-03,1906,#3,19.0,6.333333333333333,28.0,161.49,2025-06-03 00:00:00,2025-06-03 03:00:00,3.0,1.992430164690206,5.090616461414685,1,2,False,0,22–2
2025-06-03,1902,#20,38.0,5.428571428571429,35.0,158.42,2025-06-03 15:00:00,2025-06-03 22:00:00,7.0,1.8607523407150064,5.071542228999777,1,2,False,15,15–18
2025-06-03,1903,#21,47.0,7.833333333333333,26.0,151.72,2025-06-03 09:00:00,2025-06-03 15:00:00,6.0,2.178532444324067,5.028606179417492,1,2,False,9,9–12
2025-06-04,1918,#3,19.0,4.75,27.0,125.34,2025-06-04 03:00:00,2025-06-04 07:00:00,4.0,1.749199854809259,4.838976685470555,2,0,False,3,2–6
2025-06-04,1915,#14,54.0,7.714285714285714,41.0,176.55,2025-06-04 15:00:00,2025-06-04 22:00:00,7.0,2.164963715117998,5.179252259389097,2,1,False,15,15–18
2025-06-04,1916,#21,64.0,8.0,45.0,169.78,2025-06-04 08:00:00,2025-06-04 16:00:00,8.0,2.19722457733622,5.14037617847946,2,1,False,8,6–9
2025-06-04,1917,#23,29.0,7.25,25.0,143.62,2025-06-04 00:00:00,2025-06-04 04:00:00,4.0,2.110213200346589,4.974109612746806,2,2,False,0,22–2
2025-06-05,1928,#4,57.0,7.125,37.0,171.15,2025-06-05 14:00:00,2025-06-05 22:00:00,8.0,2.094945728215801,5.148366189784533,3,2,False,14,12–15
2025-06-05,1926,#21,37.0,6.166666666666667,30.0,161.42,2025-06-05 08:00:00,2025-06-05 14:00:00,6.0,1.9694406464655076,5.090185572854264,3,2,False,8,6–9
2025-06-05,1927,#23,39.0,5.571428571428571,28.0,137.03,2025-06-05 00:00:00,2025-06-05 07:00:00,7.0,1.8827312474337816,4.927471052835487,3,2,False,0,22–2
2025-06-06,1937,#20,74.0,8.222222222222221,35.0,161.41,2025-06-06 14:00:00,2025-06-06 23:00:00,9.0,2.2216160304603783,5.090124002186512,4,2,False,14,12–15
2025-06-06,1938,#21,32.0,5.333333333333333,42.0,221.21,2025-06-06 08:00:00,2025-06-06 14:00:00,6.0,1.8458266904983307,5.403622880693308,4,1,False,8,6–9
2025-06-06,1939,#23,13.0,3.25,27.0,150.08,2025-06-06 03:00:00,2025-06-06 07:00:00,4.0,1.4469189829363254,5.017809497844256,4,0,False,3,2–6
2025-06-06,1940,#29,28.0,7.0,31.0,168.6,2025-06-06 00:00:00,2025-06-06 04:00:00,4.0,2.079441541679836,5.133442723357803,4,2,False,0,22–2
2025-06-07,1952,#1,39.0,5.571428571428571,34.0,207.31,2025-06-07 08:00:00,2025-06-07 15:00:00,7.0,1.8827312474337816,5.339027354795824,5,1,False,8,6–9
2025-06-07,1955,#9,11.0,3.6666666666666665,36.0,169.8,2025-06-07 00:00:00,2025-06-07 03:00:00,3.0,1.5404450409471488,5.14049328135447,5,1,False,0,22–2
2025-06-07,1951,#15,41.0,5.857142857142857,28.0,131.84,2025-06-07 15:00:00,2025-06-07 22:00:00,7.0,1.9252908618525777,4.889145396508546,5,2,False,15,15–18
2025-06-07,1953,#29,47.0,6.714285714285714,31.0,180.66,2025-06-07 00:00:00,2025-06-07 07:00:00,7.0,2.043073897508961,5.202136808074068,5,2,False,0,22–2
2025-06-08,1963,#1,28.0,7.0,31.0,214.36,2025-06-08 11:00:00,2025-06-08 15:00:00,4.0,2.079441541679836,5.372311046456363,6,2,False,11,9–12
2025-06-08,1967,#9,11.0,5.5,24.0,141.47,2025-06-08 05:00:00,2025-06-08 07:00:00,2.0,1.8718021769015916,4.9591314512291405,6,2,False,5,2–6
2025-06-08,1964,#20,35.0,5.0,50.0,109.01,2025-06-08 15:00:00,2025-06-08 22:00:00,7.0,1.791759469228055,4.700571270751344,6,1,True,15,15–18
2025-06-08,1965,#29,45.0,7.5,34.0,168.26,2025-06-08 00:00:00,2025-06-08 06:00:00,6.0,2.1400661634962708,5.13143599424196,6,2,False,0,22–2
2025-06-09,1974,#16,14.0,2.0,40.0,151.1,2025-06-09 15:00:00,2025-06-09 22:00:00,7.0,1.0986122886681096,5.024538199265248,0,1,False,15,15–18
2025-06-09,1975,#20,41.0,5.857142857142857,62.0,199.24,2025-06-09 15:00:00,2025-06-09 22:00:00,7.0,1.9252908618525777,5.299516647123519,0,1,True,15,15–18
2025-06-09,1976,#21,35.0,5.0,29.0,166.95,2025-06-09 08:00:00,2025-06-09 15:00:00,7.0,1.791759469228055,5.123666316058301,0,2,False,8,6–9
2025-06-09,1977,#25,18.0,4.5,26.0,124.45,2025-06-09 00:00:00,2025-06-09 04:00:00,4.0,1.7047480922384253,4.831907272812432,0,0,False,0,22–2
2025-06-09,1978,#29,18.0,4.5,32.0,121.55,2025-06-09 03:00:00,2025-06-09 07:00:00,4.0,1.7047480922384253,4.808519109974122,0,0,False,3,2–6
2025-06-10,1990,#9,10.0,2.0,23.0,147.15,2025-06-10 15:00:00,2025-06-10 20:00:00,5.0,1.0986122886681096,4.998225274019575,1,0,False,15,15–18
2025-06-10,1985,#20,57.0,6.333333333333333,41.0,176.39,2025-06-10 14:00:00,2025-06-10 23:00:00,9.0,1.992430164690206,5.178350698500848,1,1,False,14,12–15
2025-06-10,1986,#21,36.0,6.0,37.0,157.59,2025-06-10 08:00:00,2025-06-10 14:00:00,6.0,1.9459101490553128,5.066322255510509,1,2,False,8,6–9
2025-06-10,1987,#23,15.0,5.0,17.0,105.94,2025-06-10 00:00:00,2025-06-10 03:00:00,3.0,1.791759469228055,4.672267929520586,1,0,False,0,22–2
2025-06-11,1997,#14,59.0,9.833333333333334,40.0,169.34,2025-06-11 16:00:00,2025-06-11 22:00:00,6.0,2.3826278006675823,5.137796439712935,2,2,False,16,15–18
2025-06-11,2002,#29,25.0,8.333333333333334,29.0,138.62,2025-06-11 00:00:00,2025-06-11 03:00:00,3.0,2.2335922215070942,4.938924446542256,2,2,False,0,22–2
2025-06-12,2011,#20,51.0,5.666666666666667,38.0,163.93,2025-06-12 14:00:00,2025-06-12 23:00:00,9.0,1.8971199848858813,5.105521141460061,3,1,False,14,12–15
2025-06-12,2012,#21,44.0,6.285714285714286,32.0,121.1,2025-06-12 08:00:00,2025-06-12 15:00:00,7.0,1.9859154836690125,4.804840381116659,3,2,False,8,6–9
2025-06-12,2013,#29,28.0,4.666666666666667,27.0,155.38,2025-06-12 00:00:00,2025-06-12 06:00:00,6.0,1.7346010553881064,5.052288942696368,3,0,False,0,22–2
2025-06-13,2022,#1,60.0,7.5,30.0,159.85,2025-06-13 14:00:00,2025-06-13 22:00:00,8.0,2.1400661634962708,5.080472253685035,4,2,False,14,12–15
2025-06-13,2026,#3,24.0,6.0,25.0,128.91,2025-06-13 00:00:00,2025-06-13 04:00:00,4.0,1.9459101490553128,4.866841903007641,4,2,False,0,22–2
2025-06-13,2023,#21,58.00000000000001,8.285714285714286,32.0,159.53,2025-06-13 08:00:00,2025-06-13 15:00:00,7.0,2.228477120840324,5.078480840991323,4,2,False,8,6–9
2025-06-13,2024,#29,19.0,4.75,35.0,172.1,2025-06-13 03:00:00,2025-06-13 07:00:00,4.0,1.749199854809259,5.153869462182164,4,1,False,3,2–6
2025-06-14,2035,#1,82.0,10.25,34.0,174.19,2025-06-14 14:00:00,2025-06-14 22:00:00,8.0,2.4203681286504293,5.165871099247731,5,2,False,14,12–15
2025-06-14,2039,#3,20.0,4.0,25.0,127.23,2025-06-14 03:00:00,2025-06-14 08:00:00,5.0,1.6094379124341005,4.853825526471025,5,0,False,3,2–6
2025-06-14,2036,#23,27.0,6.75,25.0,179.82,2025-06-14 00:00:00,2025-06-14 04:00:00,4.0,2.0476928433652555,5.19750206130922,5,2,False,0,22–2
2025-06-14,2037,#26,32.0,4.571428571428571,39.0,172.42,2025-06-14 08:00:00,2025-06-14 15:00:00,7.0,1.717651497074333,5.155716397949014,5,1,False,8,6–9
2025-06-15,2050,#4,22.0,3.6666666666666665,36.0,173.38,2025-06-15 16:00:00,2025-06-15 22:00:00,6.0,1.5404450409471488,5.161236825999669,6,1,False,16,15–18
2025-06-15,2051,#6,10.0,1.6666666666666667,38.0,237.42,2025-06-15 07:00:00,2025-06-15 13:00:00,6.0,0.9808292530117262,5.474033824289855,6,1,True,7,6–9
2025-06-15,2047,#15,38.0,6.333333333333333,30.0,134.75,2025-06-15 10:00:00,2025-06-15 16:00:00,6.0,1.992430164690206,4.910814958814044,6,2,False,10,9–12
2025-06-15,2048,#23,43.0,6.142857142857143,28.0,200.37,2025-06-15 00:00:00,2025-06-15 07:00:00,7.0,1.9661128563728327,5.305144011890314,6,2,False,0,22–2
2025-06-16,2062,#4,38.0,5.428571428571429,34.0,158.41,2025-06-16 15:00:00,2025-06-16 22:00:00,7.0,1.8607523407150064,5.071479499645555,0,2,False,15,15–18
2025-06-16,2063,#7,14.0,3.5,19.0,152.09,2025-06-16 00:00:00,2025-06-16 04:00:00,4.0,1.5040773967762742,5.03102598374399,0,0,False,0,22–2
2025-06-16,2060,#21,28.0,4.0,45.0,161.93,2025-06-16 08:00:00,2025-06-16 15:00:00,7.0,1.6094379124341005,5.093320660714864,0,1,False,8,6–9
2025-06-17,2072,#20,49.0,5.444444444444445,36.0,160.04,2025-06-17 14:00:00,2025-06-17 23:00:00,9.0,1.8632184332102,5.081652781331536,1,1,False,14,12–15
2025-06-17,2073,#21,29.0,4.833333333333333,30.0,138.61,2025-06-17 09:00:00,2025-06-17 15:00:00,6.0,1.7635885922613586,4.938852821000557,1,0,False,9,9–12
2025-06-17,2074,#29,17.0,8.5,33.0,161.19,2025-06-17 22:00:00,2025-06-18 00:00:00,2.0,2.2512917986064958,5.088768487499598,1,2,False,22,22–2
2025-06-18,2083,#20,54.0,6.0,27.0,137.24,2025-06-18 14:00:00,2025-06-18 23:00:00,9.0,1.9459101490553128,4.928991305055746,2,2,False,14,12–15
2025-06-18,2084,#21,41.0,5.857142857142857,31.0,165.45,2025-06-18 08:00:00,2025-06-18 15:00:00,7.0,1.9252908618525777,5.114694964021034,2,2,False,8,6–9
2025-06-18,2086,#29,23.0,3.2857142857142856,20.0,124.43,2025-06-18 00:00:00,2025-06-18 07:00:00,7.0,1.455287232606842,4.831747834036584,2,0,False,0,22–2
2025-06-19,2099,#3,15.0,3.75,27.0,178.57,2025-06-19 00:00:00,2025-06-19 04:00:00,4.0,1.55814461804655,5.190565104053807,3,0,False,0,22–2
2025-06-19,2095,#20,54.0,4.909090909090909,33.0,167.59,2025-06-19 13:00:00,2025-06-20 00:00:00,11.0,1.7764919970972666,5.12746973182771,3,2,False,13,12–15
2025-06-19,2096,#21,34.0,5.666666666666667,30.0,139.33,2025-06-19 08:00:00,2025-06-19 14:00:00,6.0,1.8971199848858813,4.943996791763045,3,2,False,8,6–9
2025-06-19,2098,#29,14.0,4.666666666666667,20.0,106.73,2025-06-19 04:00:00,2025-06-19 07:00:00,3.0,1.7346010553881064,4.679628096906101,3,0,False,4,2–6
2025-06-20,2111,#3,20.0,4.0,50.0,190.2,2025-06-20 03:00:00,2025-06-20 08:00:00,5.0,1.6094379124341005,5.2533200006173,4,1,False,3,2–6
2025-06-20,2107,#20,67.0,8.375,30.0,149.93,2025-06-20 14:00:00,2025-06-20 22:00:00,8.0,2.2380465718564744,5.016816153171337,4,2,False,14,12–15
2025-06-20,2108,#21,36.0,6.0,30.0,142.39,2025-06-20 08:00:00,2025-06-20 14:00:00,6.0,1.9459101490553128,4.965568190726947,4,2,False,8,6–9
2025-06-20,2110,#29,27.0,6.75,26.0,145.75,2025-06-20 00:00:00,2025-06-20 04:00:00,4.0,2.0476928433652555,4.988730458708206,4,2,False,0,22–2
2025-06-21,2118,#1,16.0,4.0,34.0,147.29,2025-06-21 10:00:00,2025-06-21 14:00:00,4.0,1.6094379124341005,4.999169815986978,5,0,False,10,9–12
2025-06-21,2119,#20,54.0,7.714285714285714,22.0,154.41,2025-06-21 14:00:00,2025-06-21 21:00:00,7.0,2.164963715117998,5.04606678592752,5,2,False,14,12–15
2025-06-21,2120,#23,33.0,11.0,23.0,148.12,2025-06-21 21:00:00,2025-06-22 00:00:00,3.0,2.4849066497880004,5.004751350937281,5,2,False,21,18–22
2025-06-21,2122,#29,22.0,5.5,36.0,205.22,2025-06-21 03:00:00,2025-06-21 07:00:00,4.0,1.8718021769015916,5.328943560089797,5,1,False,3,2–6
2025-06-22,2130,#23,42.0,5.25,53.0,205.74,2025-06-22 00:00:00,2025-06-22 08:00:00,8.0,1.8325814637483104,5.331461965140338,6,1,False,0,22–2
2025-06-22,2131,#25,23.0,2.875,25.0,155.16,2025-06-22 07:00:00,2025-06-22 15:00:00,8.0,1.3545456628053103,5.050881122664783,6,0,False,7,6–9
2025-06-22,2132,#26,73.0,7.3,30.0,140.13,2025-06-22 14:00:00,2025-06-23 00:00:00,10.0,2.1162555148025524,4.949681451425915,6,2,False,14,12–15
2025-06-23,2144,#7,19.0,9.5,27.0,146.88,2025-06-23 22:00:00,2025-06-24 00:00:00,2.0,2.3513752571634776,4.996401134068432,0,2,False,22,22–2
2025-06-23,2140,#15,52.0,5.2,31.0,115.4,2025-06-23 13:00:00,2025-06-23 23:00:00,10.0,1.8245492920510455,4.757032535297338,0,0,False,13,12–15
2025-06-23,2141,#21,36.0,6.0,31.0,146.17,2025-06-23 08:00:00,2025-06-23 14:00:00,6.0,1.9459101490553128,4.9915883811760215,0,2,False,8,6–9
2025-06-23,2142,#23,35.0,5.0,31.0,152.01,2025-06-23 00:00:00,2025-06-23 07:00:00,7.0,1.791759469228055,5.030503278733722,0,2,False,0,22–2
2025-06-24,2154,#3,23.0,5.75,26.0,144.02,2025-06-24 00:00:00,2025-06-24 04:00:00,4.0,1.9095425048844383,4.976871663943447,1,2,False,0,22–2
2025-06-24,2155,#4,35.0,5.833333333333333,33.0,127.05,2025-06-24 16:00:00,2025-06-24 22:00:00,6.0,1.9218125974762528,4.852420812645534,1,2,False,16,15–18
2025-06-24,2152,#21,51.0,7.285714285714286,27.0,152.25,2025-06-24 09:00:00,2025-06-24 16:00:00,7.0,2.114532861491106,5.032070574816321,1,2,False,9,9–12
2025-06-25,2163,#15,54.0,9.0,34.0,142.82,2025-06-25 16:00:00,2025-06-25 22:00:00,6.0,2.302585092994046,4.968562517674348,2,2,False,16,15–18
2025-06-25,2164,#21,31.0,3.4444444444444446,40.0,190.21,2025-06-25 08:00:00,2025-06-25 17:00:00,9.0,1.491654876777717,5.253372300504868,2,1,False,8,6–9
2025-06-25,2166,#29,27.0,6.75,25.0,130.63,2025-06-25 00:00:00,2025-06-25 04:00:00,4.0,2.0476928433652555,4.879994956437316,2,2,False,0,22–2
2025-06-26,2176,#21,63.0,9.0,31.0,154.31,2025-06-26 08:00:00,2025-06-26 15:00:00,7.0,2.302585092994046,5.04542311958192,3,2,False,8,6–9
2025-06-26,2177,#26,44.0,5.5,34.0,153.76,2025-06-26 15:00:00,2025-06-26 23:00:00,8.0,1.8718021769015916,5.041875529832312,3,2,False,15,15–18
2025-06-26,2178,#29,31.0,4.428571428571429,25.0,154.04,2025-06-26 00:00:00,2025-06-26 07:00:00,7.0,1.6916760106710726,5.043683148142456,3,0,False,0,22–2
2025-06-27,2192,#3,35.0,8.75,31.0,178.51,2025-06-27 00:00:00,2025-06-27 04:00:00,4.0,2.277267285009756,5.190230916682979,4,2,False,0,22–2
2025-06-27,2187,#20,45.0,5.625,34.0,153.34,2025-06-27 14:00:00,2025-06-27 22:00:00,8.0,1.890850371872286,5.039157961029457,4,2,False,14,12–15
2025-06-27,2188,#21,39.0,5.571428571428571,26.0,104.3,2025-06-27 08:00:00,2025-06-27 15:00:00,7.0,1.8827312474337816,4.6568134191399295,4,0,False,8,6–9
2025-06-27,2190,#29,12.0,3.0,25.0,78.69,2025-06-27 03:00:00,2025-06-27 07:00:00,4.0,1.3862943611198906,4.378144107409657,4,0,False,3,2–6
2025-06-28,2202,#2,12.0,6.0,25.0,113.37,2025-06-28 22:00:00,2025-06-29 00:00:00,2.0,1.9459101490553128,4.7394388067931255,5,0,False,22,22–2
2025-06-28,2203,#3,34.0,5.666666666666667,28.0,136.75,2025-06-28 00:00:00,2025-06-28 06:00:00,6.0,1.8971199848858813,4.925440448033024,5,2,False,0,22–2
2025-06-28,2199,#15,33.0,3.6666666666666665,33.0,152.8,2025-06-28 08:00:00,2025-06-28 17:00:00,9.0,1.5404450409471488,5.035653057071544,5,0,False,8,6–9
2025-06-28,2201,#29,46.0,7.666666666666667,27.0,189.4,2025-06-28 17:00:00,2025-06-28 23:00:00,6.0,2.159484249353373,5.249127122357265,5,2,False,17,15–18
2025-06-29,2215,#3,47.0,7.833333333333333,22.0,144.19,2025-06-29 00:00:00,2025-06-29 06:00:00,6.0,2.178532444324067,4.978043229495596,6,2,False,0,22–2
2025-06-29,2216,#4,46.0,5.111111111111111,39.0,174.12,2025-06-29 14:00:00,2025-06-29 23:00:00,9.0,1.810108607896252,5.165471453214607,6,1,False,14,12–15
2025-06-29,2212,#15,15.0,2.142857142857143,21.0,146.96,2025-06-29 08:00:00,2025-06-29 15:00:00,7.0,1.1451323043030026,4.996941966964253,6,0,False,8,6–9
2025-06-29,2213,#25,10.0,5.0,34.0,136.49,2025-06-29 12:00:00,2025-06-29 14:00:00,2.0,1.791759469228055,4.923551187189142,6,2,False,12,12–15
2025-06-30,2227,#3,17.0,4.25,31.0,149.98,2025-06-30 03:00:00,2025-06-30 07:00:00,4.0,1.6582280766035324,5.017147377711479,0,0,False,3,2–6
2025-06-30,2228,#9,10.0,2.0,22.0,98.91,2025-06-30 16:00:00,2025-06-30 21:00:00,5.0,1.0986122886681096,4.604269780744927,0,0,False,16,15–18
2025-06-30,2224,#20,33.0,4.714285714285714,51.0,256.35,2025-06-30 15:00:00,2025-06-30 22:00:00,7.0,1.742969305058623,5.550437026098764,0,1,False,15,15–18
2025-06-30,2225,#21,37.0,5.285714285714286,32.0,167.22,2025-06-30 08:00:00,2025-06-30 15:00:00,7.0,1.838279484862948,5.125272646534292,0,2,False,8,6–9
2025-06-30,2226,#23,15.0,7.5,19.0,121.49,2025-06-30 22:00:00,2025-07-01 00:00:00,2.0,2.1400661634962708,4.808029393999594,0,2,False,22,22–2
2025-07-01,2235,#1,16.0,5.333333333333333,25.0,96.27,2025-07-01 15:00:00,2025-07-01 18:00:00,3.0,1.8458266904983307,4.577490616881349,1,0,False,15,15–18
2025-07-01,2238,#7,25.0,6.25,22.0,143.1,2025-07-01 00:00:00,2025-07-01 04:00:00,4.0,1.9810014688665836,4.970507503005476,1,2,False,0,22–2
2025-07-01,2239,#9,36.0,4.5,32.0,178.17,2025-07-01 15:00:00,2025-07-01 23:00:00,8.0,1.7047480922384253,5.188335075811807,1,1,False,15,15–18
2025-07-01,2236,#21,30.0,4.285714285714286,29.0,152.09,2025-07-01 08:00:00,2025-07-01 15:00:00,7.0,1.6650077635889111,5.03102598374399,1,0,False,8,6–9
2025-07-02,2249,#7,12.0,3.0,20.0,166.83,2025-07-02 04:00:00,2025-07-02 08:00:00,4.0,1.3862943611198906,5.122951562320088,2,0,False,4,2–6
2025-07-02,2246,#14,31.0,4.428571428571429,33.0,188.39,2025-07-02 08:00:00,2025-07-02 15:00:00,7.0,1.6916760106710726,5.243808381047644,2,1,False,8,6–9
2025-07-02,2247,#20,51.0,6.375,39.0,154.14,2025-07-02 15:00:00,2025-07-02 23:00:00,8.0,1.9980959022258835,5.044327935062725,2,1,False,15,15–18
2025-07-02,2248,#23,29.0,7.25,25.0,160.7,2025-07-02 00:00:00,2025-07-02 04:00:00,4.0,2.110213200346589,5.085742766583061,2,2,False,0,22–2
2025-07-03,2259,#4,45.0,5.0,36.0,132.76,2025-07-03 14:00:00,2025-07-03 23:00:00,9.0,1.791759469228055,4.896047149336392,3,2,False,14,12–15
2025-07-03,2257,#14,32.0,4.571428571428571,32.0,137.46,2025-07-03 08:00:00,2025-07-03 15:00:00,7.0,1.717651497074333,4.93058147524988,3,0,False,8,6–9
2025-07-03,2258,#23,23.0,4.6,26.0,146.07,2025-07-03 00:00:00,2025-07-03 05:00:00,5.0,1.7227665977411035,4.990908663912222,3,0,False,0,22–2
2025-07-04,2270,#6,12.0,1.5,26.0,113.22,2025-07-04 07:00:00,2025-07-04 15:00:00,8.0,0.9162907318741552,4.738126413236717,4,0,False,7,6–9
2025-07-04,2271,#9,12.0,4.0,24.0,137.4,2025-07-04 03:00:00,2025-07-04 06:00:00,3.0,1.6094379124341005,4.93014804318357,4,0,False,3,2–6
2025-07-04,2268,#23,36.0,9.0,26.0,162.3,2025-07-04 00:00:00,2025-07-04 04:00:00,4.0,2.302585092994046,5.095588999976419,4,2,False,0,22–2
2025-07-04,2269,#29,44.0,6.285714285714286,31.0,167.04,2025-07-04 15:00:00,2025-07-04 22:00:00,7.0,1.9859154836690125,5.124202046301181,4,2,False,15,15–18
2025-07-05,2283,#7,24.0,6.0,21.0,186.2,2025-07-05 00:00:00,2025-07-05 04:00:00,4.0,1.9459101490553128,5.232177564043492,5,2,False,0,22–2
2025-07-05,2279,#15,27.0,5.4,33.0,170.0,2025-07-05 10:00:00,2025-07-05 15:00:00,5.0,1.8562979903656265,5.14166355650266,5,2,False,10,9–12
2025-07-05,2281,#23,32.0,8.0,30.0,156.06,2025-07-05 03:00:00,2025-07-05 07:00:00,4.0,2.19722457733622,5.056627897946728,5,2,False,3,2–6
2025-07-05,2282,#29,41.0,5.857142857142857,46.0,213.56,2025-07-05 15:00:00,2025-07-05 22:00:00,7.0,1.9252908618525777,5.368589419533368,5,1,False,15,15–18
2025-07-06,2294,#3,14.0,3.5,32.0,139.41,2025-07-06 00:00:00,2025-07-06 04:00:00,4.0,1.5040773967762742,4.944566714126551,6,0,False,0,22–2
2025-07-06,2295,#7,16.0,4.0,18.0,131.07,2025-07-06 03:00:00,2025-07-06 07:00:00,4.0,1.6094379124341005,4.883332085055713,6,0,False,3,2–6
2025-07-06,2291,#15,25.0,3.571428571428572,32.0,182.17,2025-07-06 08:00:00,2025-07-06 15:00:00,7.0,1.5198257537444133,5.210414683372125,6,1,False,8,6–9
2025-07-06,2293,#29,52.0,7.428571428571429,31.0,169.03,2025-07-06 15:00:00,2025-07-06 22:00:00,7.0,2.1316272948504063,5.135974892069394,6,2,False,15,15–18
2025-07-07,2305,#3,39.0,4.875,31.0,187.13,2025-07-07 00:00:00,2025-07-07 08:00:00,8.0,1.770706060030223,5.237133213223039,0,1,False,0,22–2
2025-07-07,2302,#21,21.0,3.5,31.0,127.73,2025-07-07 08:00:00,2025-07-07 14:00:00,6.0,1.5040773967762742,4.857717187671543,0,0,False,8,6–9
2025-07-07,2303,#22,15.0,1.6666666666666667,23.0,68.91,2025-07-07 14:00:00,2025-07-07 23:00:00,9.0,0.9808292530117262,4.247208700523894,0,0,True,14,12–15
2025-07-07,2304,#25,52.0,5.777777777777778,36.0,159.02,2025-07-07 14:00:00,2025-07-07 23:00:00,9.0,1.913649286837092,5.075298807421978,0,2,False,14,12–15
2025-07-08,2312,#21,34.0,4.857142857142857,31.0,138.21,2025-07-08 08:00:00,2025-07-08 15:00:00,7.0,1.7676619176489945,4.935983584400476,1,0,False,8,6–9
2025-07-08,2313,#23,28.0,7.0,20.0,125.57,2025-07-08 00:00:00,2025-07-08 04:00:00,4.0,2.079441541679836,4.840795514804357,1,2,False,0,22–2
2025-07-08,2314,#26,44.0,6.285714285714286,32.0,142.23,2025-07-08 15:00:00,2025-07-08 22:00:00,7.0,1.9859154836690125,4.964451729791774,1,2,False,15,15–18
2025-07-09,2324,#14,41.0,5.857142857142857,45.0,204.15,2025-07-09 16:00:00,2025-07-09 23:00:00,7.0,1.9252908618525777,5.323741418888195,2,1,False,16,15–18
2025-07-09,2325,#21,30.0,3.75,45.0,189.5,2025-07-09 08:00:00,2025-07-09 16:00:00,8.0,1.55814461804655,5.249652194566756,2,1,False,8,6–9
2025-07-09,2326,#23,38.0,5.428571428571429,41.0,194.27,2025-07-09 00:00:00,2025-07-09 07:00:00,7.0,1.8607523407150064,5.274383216252406,2,1,False,0,22–2
2025-07-10,2339,#3,18.0,4.5,20.0,144.58,2025-07-10 00:00:00,2025-07-10 04:00:00,4.0,1.7047480922384253,4.980725763690112,3,0,False,0,22–2
2025-07-10,2335,#20,42.0,6.0,29.0,171.66,2025-07-10 15:00:00,2025-07-10 22:00:00,7.0,1.9459101490553128,5.151324342807377,3,2,False,15,15–18
2025-07-10,2336,#21,29.000000000000004,4.142857142857143,45.0,184.02,2025-07-10 08:00:00,2025-07-10 15:00:00,7.0,1.637608789400797,5.2204639273431725,3,1,False,8,6–9
2025-07-10,2337,#23,13.0,4.333333333333333,53.0,248.0,2025-07-10 03:00:00,2025-07-10 06:00:00,3.0,1.6739764335716716,5.517452896464707,3,1,False,3,2–6
2025-07-11,2351,#3,31.0,4.428571428571429,24.0,140.36,2025-07-11 00:00:00,2025-07-11 07:00:00,7.0,1.6916760106710726,4.951309828011441,4,0,False,0,22–2
2025-07-11,2348,#20,67.0,8.375,34.0,178.23,2025-07-11 15:00:00,2025-07-11 23:00:00,8.0,2.2380465718564744,5.188669897243506,4,2,False,15,15–18
2025-07-11,2349,#21,33.0,5.5,32.0,187.85,2025-07-11 09:00:00,2025-07-11 15:00:00,6.0,1.8718021769015916,5.240953049158466,4,2,False,9,9–12
2025-07-12,2363,#2,12.0,6.0,38.0,251.16,2025-07-12 22:00:00,2025-07-13 00:00:00,2.0,1.9459101490553128,5.5300638066695145,5,1,False,22,22–2
2025-07-12,2364,#3,25.0,6.25,27.0,139.44,2025-07-12 03:00:00,2025-07-12 07:00:00,4.0,1.9810014688665836,4.944780351300231,5,2,False,3,2–6
2025-07-12,2359,#14,27.0,4.5,33.0,193.27,2025-07-12 09:00:00,2025-07-12 15:00:00,6.0,1.7047480922384253,5.269248944050689,5,1,False,9,9–12
2025-07-12,2360,#15,30.0,4.285714285714286,53.0,256.9,2025-07-12 15:00:00,2025-07-12 22:00:00,7.0,1.6650077635889111,5.552571912887299,5,1,True,15,15–18
2025-07-12,2361,#23,17.0,4.25,30.0,193.52,2025-07-12 00:00:00,2025-07-12 04:00:00,4.0,1.6582280766035324,5.270534985535585,5,1,False,0,22–2
2025-07-13,2370,#17,34.0,4.857142857142857,39.0,181.84,2025-07-13 08:00:00,2025-07-13 15:00:00,7.0,1.7676619176489945,5.208611453463544,6,1,False,8,6–9
2025-07-13,2371,#20,36.0,5.142857142857143,34.0,176.39,2025-07-13 15:00:00,2025-07-13 22:00:00,7.0,1.8152899666382487,5.178350698500848,6,1,False,15,15–18
2025-07-13,2373,#23,36.0,5.142857142857143,35.0,148.23,2025-07-13 00:00:00,2025-07-13 07:00:00,7.0,1.8152899666382487,5.0054887399433765,6,2,False,0,22–2
2025-07-13,2372,#22,15.0,2.142857142857143,32.0,131.28,2025-07-13 07:00:00,2025-07-13 14:00:00,7.0,1.1451323043030026,4.884920888113592,6,0,False,7,6–9
2025-07-13,2374,#25,20.0,2.2222222222222223,37.0,186.34,2025-07-13 14:00:00,2025-07-13 23:00:00,9.0,1.1700712526502546,5.232925147780985,6,1,False,14,12–15
2025-07-14,2382,#20,43.0,5.375,29.0,160.71,2025-07-14 14:00:00,2025-07-14 22:00:00,8.0,1.8523840910444895,5.085804607589853,0,2,False,14,12–15
2025-07-14,2383,#21,21.0,3.5,30.0,142.76,2025-07-14 08:00:00,2025-07-14 14:00:00,6.0,1.5040773967762742,4.968145242475304,0,0,False,8,6–9
2025-07-14,2385,#23,15.0,5.0,33.0,130.58,2025-07-14 04:00:00,2025-07-14 07:00:00,3.0,1.791759469228055,4.879615031657852,0,0,False,4,2–6
2025-07-14,2384,#22,18.0,2.0,23.0,68.15,2025-07-14 14:00:00,2025-07-14 23:00:00,9.0,1.0986122886681096,4.236278058110767,0,0,True,14,12–15
2025-07-14,2387,#29,14.0,3.5,25.0,144.01,2025-07-14 00:00:00,2025-07-14 04:00:00,4.0,1.5040773967762742,4.976802705559804,0,0,False,0,22–2
2025-07-15,2396,#1,46.0,6.571428571428571,34.0,172.34,2025-07-15 15:00:00,2025-07-15 22:00:00,7.0,2.0243817644968085,5.155254983706199,1,2,False,15,15–18
2025-07-15,2395,#17,22.0,5.5,28.0,190.25,2025-07-15 00:00:00,2025-07-15 04:00:00,4.0,1.8718021769015916,5.253581472706645,1,2,False,0,22–2
2025-07-15,2397,#21,33.0,8.25,45.0,224.52,2025-07-15 11:00:00,2025-07-15 15:00:00,4.0,2.224623551524334,5.418408846805857,1,1,False,11,9–12
2025-07-16,2406,#14,46.0,6.571428571428571,33.0,172.14,2025-07-16 16:00:00,2025-07-16 23:00:00,7.0,2.0243817644968085,5.154100515787627,2,2,False,16,15–18
2025-07-16,2407,#17,17.0,3.4,34.0,163.55,2025-07-16 03:00:00,2025-07-16 08:00:00,5.0,1.4816045409242156,5.103214475389349,2,1,False,3,2–6
2025-07-16,2408,#21,45.0,5.625,32.0,129.91,2025-07-16 08:00:00,2025-07-16 16:00:00,8.0,1.890850371872286,4.874510064192008,2,2,False,8,6–9
2025-07-16,2409,#23,19.0,9.5,20.0,103.63,2025-07-16 22:00:00,2025-07-17 00:00:00,2.0,2.3513752571634776,4.650430317392956,2,2,False,22,22–2
2025-07-17,2417,#21,19.0,2.7142857142857144,35.0,177.91,2025-07-17 08:00:00,2025-07-17 15:00:00,7.0,1.312186388966169,5.186882886101731,3,1,False,8,6–9
2025-07-17,2418,#23,27.0,3.375,25.0,131.24,2025-07-17 00:00:00,2025-07-17 08:00:00,8.0,1.4759065198095778,4.884618453512769,3,0,False,0,22–2
2025-07-17,2420,#26,50.0,5.555555555555555,40.0,190.7,2025-07-17 14:00:00,2025-07-17 23:00:00,9.0,1.8803128665695,5.255931650051599,3,1,False,14,12–15
2025-07-18,2430,#20,54.0,6.75,29.0,122.13,2025-07-18 14:00:00,2025-07-18 22:00:00,8.0,2.0476928433652555,4.81324070780478,4,2,False,14,12–15
2025-07-18,2431,#21,28.0,4.0,36.0,179.08,2025-07-18 08:00:00,2025-07-18 15:00:00,7.0,1.6094379124341005,5.193401196598477,4,1,False,8,6–9
2025-07-18,2433,#23,18.0,6.0,44.0,193.66,2025-07-18 04:00:00,2025-07-18 07:00:00,3.0,1.9459101490553128,5.271254446998348,4,1,False,4,2–6
2025-07-18,2435,#29,13.0,3.25,26.0,169.45,2025-07-18 00:00:00,2025-07-18 04:00:00,4.0,1.4469189829363254,5.138441998583912,4,0,False,0,22–2
2025-07-19,2443,#14,21.0,3.5,32.0,144.42,2025-07-19 08:00:00,2025-07-19 14:00:00,6.0,1.5040773967762742,4.979626107221911,5,0,False,8,6–9
2025-07-19,2444,#20,85.0,9.444444444444445,37.0,185.31,2025-07-19 14:00:00,2025-07-19 23:00:00,9.0,2.3460702049337847,5.227411953032263,5,2,False,14,12–15
2025-07-19,2446,#29,39.0,5.571428571428571,24.0,180.88,2025-07-19 00:00:00,2025-07-19 07:00:00,7.0,1.8827312474337816,5.20334712895681,5,2,False,0,22–2
2025-07-20,2458,#3,22.0,11.0,22.0,107.99,2025-07-20 22:00:00,2025-07-21 00:00:00,2.0,2.4849066497880004,4.69125613490122,6,2,True,22,22–2
2025-07-20,2454,#14,15.0,3.75,60.0,272.46,2025-07-20 10:00:00,2025-07-20 14:00:00,4.0,1.55814461804655,5.611155358880936,6,1,True,10,9–12
2025-07-20,2455,#20,44.0,5.5,50.0,203.4,2025-07-20 14:00:00,2025-07-20 22:00:00,8.0,1.8718021769015916,5.320078858329549,6,1,False,14,12–15
2025-07-20,2457,#29,11.0,3.6666666666666665,15.0,89.19,2025-07-20 03:00:00,2025-07-20 06:00:00,3.0,1.5404450409471488,4.501918556177617,6,0,True,3,2–6
2025-07-21,2470,#3,23.0,5.75,34.0,206.64,2025-07-21 03:00:00,2025-07-21 07:00:00,4.0,1.9095425048844383,5.3358058109590285,0,1,False,3,2–6
2025-07-21,2465,#15,46.0,5.111111111111111,36.0,177.22,2025-07-21 13:00:00,2025-07-21 22:00:00,9.0,1.810108607896252,5.183018742184574,0,1,False,13,12–15
2025-07-21,2467,#21,21.0,3.5,37.0,173.25,2025-07-21 08:00:00,2025-07-21 14:00:00,6.0,1.5040773967762742,5.160491049640633,0,1,False,8,6–9
2025-07-21,2468,#23,18.0,4.5,22.0,136.9,2025-07-21 00:00:00,2025-07-21 04:00:00,4.0,1.7047480922384253,4.926528784799256,0,0,False,0,22–2
2025-07-22,2477,#17,47.0,5.222222222222222,39.0,203.24,2025-07-22 14:00:00,2025-07-22 23:00:00,9.0,1.8281271133989296,5.319295772933229,1,1,False,14,12–15
2025-07-22,2478,#21,32.0,5.333333333333333,33.0,140.11,2025-07-22 08:00:00,2025-07-22 14:00:00,6.0,1.8458266904983307,4.949539728069669,1,2,False,8,6–9
2025-07-22,2480,#23,14.0,2.8,27.0,144.34,2025-07-22 00:00:00,2025-07-22 05:00:00,5.0,1.33500106673234,4.97907582518849,1,0,False,0,22–2
2025-07-23,2490,#2,11.0,3.6666666666666665,31.0,144.65,2025-07-23 00:00:00,2025-07-23 03:00:00,3.0,1.5404450409471488,4.981206483405444,2,0,False,0,22–2
2025-07-23,2487,#21,26.0,4.333333333333333,30.0,146.71,2025-07-23 08:00:00,2025-07-23 14:00:00,6.0,1.6739764335716716,4.995250892052509,2,0,False,8,6–9
2025-07-23,2488,#22,52.0,5.777777777777778,25.0,137.58,2025-07-23 13:00:00,2025-07-23 22:00:00,9.0,1.913649286837092,4.931447776199235,2,2,False,13,12–15
2025-07-24,2500,#1,42.0,6.0,40.0,189.65,2025-07-24 08:00:00,2025-07-24 15:00:00,7.0,1.9459101490553128,5.250439286303573,3,1,False,8,6–9
2025-07-24,2502,#3,17.0,5.666666666666667,38.0,129.76,2025-07-24 04:00:00,2025-07-24 07:00:00,3.0,1.8971199848858813,4.87336358185601,3,2,False,4,2–6
2025-07-24,2499,#15,44.0,6.285714285714286,32.0,130.48,2025-07-24 15:00:00,2025-07-24 22:00:00,7.0,1.9859154836690125,4.8788547487960185,3,2,False,15,15–18
2025-07-24,2501,#23,17.0,4.25,36.0,162.14,2025-07-24 00:00:00,2025-07-24 04:00:00,4.0,1.6582280766035324,5.094608727872434,3,1,False,0,22–2
2025-07-25,2511,#1,49.0,6.125,35.0,184.3,2025-07-25 14:00:00,2025-07-25 22:00:00,8.0,1.9636097261547143,5.221976133291314,4,1,False,14,12–15
2025-07-25,2514,#3,25.0,12.5,30.0,163.9,2025-07-25 22:00:00,2025-07-26 00:00:00,2.0,2.602689685444384,5.105339229565553,4,2,False,22,22–2
2025-07-25,2509,#14,23.0,3.8333333333333335,35.0,162.98,2025-07-25 08:00:00,2025-07-25 14:00:00,6.0,1.575536360758419,5.099744469168032,4,1,False,8,6–9
2025-07-25,2512,#23,19.0,6.333333333333333,45.0,242.36,2025-07-25 04:00:00,2025-07-25 07:00:00,3.0,1.992430164690206,5.494541828510982,4,1,False,4,2–6
2025-07-26,2522,#1,62.0,8.857142857142858,33.0,158.32,2025-07-26 15:00:00,2025-07-26 22:00:00,7.0,2.2881963555419462,5.070914758313443,5,2,False,15,15–18
2025-07-26,2524,#3,47.0,5.875,25.0,129.43,2025-07-26 00:00:00,2025-07-26 08:00:00,8.0,1.927891643552635,4.870836684382192,5,2,False,0,22–2
2025-07-26,2521,#14,26.0,3.7142857142857135,30.0,114.48,2025-07-26 08:00:00,2025-07-26 15:00:00,7.0,1.550597412411167,4.749097354794735,5,0,False,8,6–9
2025-07-27,2534,#3,47.0,5.875,38.0,143.56,2025-07-27 00:00:00,2025-07-27 08:00:00,8.0,1.927891643552635,4.973694646283973,6,2,False,0,22–2
2025-07-27,2535,#4,44.0,5.5,36.0,157.47,2025-07-27 14:00:00,2025-07-27 22:00:00,8.0,1.8718021769015916,5.065565300954717,6,2,False,14,12–15
2025-07-27,2532,#20,25.0,4.166666666666667,50.0,213.26,2025-07-27 09:00:00,2025-07-27 15:00:00,6.0,1.642227735257091,5.367190230834412,6,1,False,9,9–12
2025-07-28,2546,#3,13.0,4.333333333333333,28.0,125.67,2025-07-28 04:00:00,2025-07-28 07:00:00,3.0,1.6739764335716716,4.841585279495541,0,0,False,4,2–6
2025-07-28,2547,#4,42.0,6.0,30.0,156.74,2025-07-28 15:00:00,2025-07-28 22:00:00,7.0,1.9459101490553128,5.060948107969845,0,2,False,15,15–18
2025-07-28,2544,#17,35.0,4.375,39.0,173.67,2025-07-28 08:00:00,2025-07-28 16:00:00,8.0,1.6817585740137266,5.162898479440301,0,1,False,8,6–9
2025-07-28,2545,#23,24.0,6.0,25.0,160.7,2025-07-28 00:00:00,2025-07-28 04:00:00,4.0,1.9459101490553128,5.085742766583061,0,2,False,0,22–2
2025-07-29,2556,#1,46.0,5.75,31.0,134.14,2025-07-29 08:00:00,2025-07-29 16:00:00,8.0,1.9095425048844383,4.906311278124028,1,2,False,8,6–9
2025-07-29,2555,#17,47.0,7.833333333333333,41.0,219.5,2025-07-29 16:00:00,2025-07-29 22:00:00,6.0,2.178532444324067,5.395897694886901,1,1,False,16,15–18
2025-07-29,2558,#29,13.0,3.25,29.0,127.46,2025-07-29 00:00:00,2025-07-29 04:00:00,4.0,1.4469189829363254,4.855617571829646,1,0,False,0,22–2
2025-07-30,2566,#1,49.0,6.125,40.0,186.86,2025-07-30 15:00:00,2025-07-30 23:00:00,8.0,1.9636097261547143,5.2356970045663696,2,1,False,15,15–18
2025-07-30,2569,#3,23.0,5.75,22.0,131.4,2025-07-30 00:00:00,2025-07-30 04:00:00,4.0,1.9095425048844383,4.885827643502908,2,0,False,0,22–2
2025-07-30,2570,#4,17.0,2.833333333333333,37.0,147.25,2025-07-30 09:00:00,2025-07-30 15:00:00,6.0,1.3437347467010947,4.998900037877835,2,0,False,9,9–12
2025-07-30,2572,#9,14.0,2.8,23.0,106.88,2025-07-30 10:00:00,2025-07-30 15:00:00,5.0,1.33500106673234,4.681019498271529,2,0,False,10,9–12
2025-07-31,2581,#1,43.0,4.777777777777778,34.0,137.96,2025-07-31 14:00:00,2025-07-31 23:00:00,9.0,1.754019141245208,4.93418612193285,3,0,False,14,12–15
2025-07-31,2580,#17,30.0,4.285714285714286,33.0,144.8,2025-07-31 08:00:00,2025-07-31 15:00:00,7.0,1.6650077635889111,4.982235819574558,3,0,False,8,6–9
2025-07-31,2582,#23,22.0,5.5,27.0,141.1,2025-07-31 00:00:00,2025-07-31 04:00:00,4.0,1.8718021769015916,4.956531035103055,3,2,False,0,22–2
2025-08-01,2594,#7,41.0,10.25,27.0,133.47,2025-08-01 00:00:00,2025-08-01 04:00:00,4.0,2.4203681286504293,4.901341125835779,4,2,False,0,22–2
2025-08-01,2590,#10,30.0,4.285714285714286,37.0,146.16,2025-08-01 15:00:00,2025-08-01 22:00:00,7.0,1.6650077635889111,4.991520430236574,4,1,False,15,15–18
2025-08-01,2591,#17,41.0,6.833333333333333,42.0,164.06,2025-08-01 09:00:00,2025-08-01 15:00:00,6.0,2.0583881324820035,5.106309044164538,4,1,False,9,9–12
2025-08-01,2592,#23,14.0,3.5,55.0,228.01,2025-08-01 04:00:00,2025-08-01 08:00:00,4.0,1.5040773967762742,5.433765670723085,4,1,True,4,2–6
2025-08-01,2593,#25,17.0,2.4285714285714284,42.0,194.52,2025-08-01 15:00:00,2025-08-01 22:00:00,7.0,1.2321436812926323,5.275662675983231,4,1,False,15,15–18
2025-08-02,2605,#4,26.0,3.7142857142857135,39.0,137.12,2025-08-02 09:00:00,2025-08-02 16:00:00,7.0,1.550597412411167,4.928122872521792,5,1,False,9,9–12
2025-08-02,2606,#7,13.0,3.25,17.0,101.92,2025-08-02 03:00:00,2025-08-02 07:00:00,4.0,1.4469189829363254,4.633951987413544,5,0,False,3,2–6
2025-08-02,2602,#10,37.0,5.285714285714286,30.0,140.76,2025-08-02 15:00:00,2025-08-02 22:00:00,7.0,1.838279484862948,4.954135486856771,5,2,False,15,15–18
2025-08-02,2607,#9,16.0,4.0,34.0,169.67,2025-08-02 15:00:00,2025-08-02 19:00:00,4.0,1.6094379124341005,5.139731867430665,5,1,False,15,15–18
2025-08-02,2604,#23,24.0,6.0,32.0,133.41,2025-08-02 00:00:00,2025-08-02 04:00:00,4.0,1.9459101490553128,4.900894830083057,5,2,False,0,22–2
2025-08-03,2617,#4,21.0,2.625,38.0,138.64,2025-08-03 08:00:00,2025-08-03 16:00:00,8.0,1.2878542883066382,4.939067682236836,6,0,False,8,6–9
2025-08-03,2614,#10,48.0,8.0,46.0,136.85,2025-08-03 16:00:00,2025-08-03 22:00:00,6.0,2.19722457733622,4.926166137469806,6,1,False,16,15–18
2025-08-03,2616,#23,45.0,5.625,33.0,162.62,2025-08-03 00:00:00,2025-08-03 08:00:00,8.0,1.890850371872286,5.097546666085552,6,2,False,0,22–2
2025-08-04,2625,#10,14.0,7.0,39.0,159.92,2025-08-04 22:00:00,2025-08-05 00:00:00,2.0,2.079441541679836,5.080907347081587,0,2,False,22,22–2
2025-08-04,2627,#15,35.0,4.375,22.0,130.42,2025-08-04 14:00:00,2025-08-04 22:00:00,8.0,1.6817585740137266,4.878398301469722,0,0,False,14,12–15
2025-08-04,2629,#20,22.0,3.6666666666666665,41.0,194.19,2025-08-04 08:00:00,2025-08-04 14:00:00,6.0,1.5404450409471488,5.27397344315852,0,1,False,8,6–9
2025-08-04,2630,#23,21.0,5.25,46.0,205.32,2025-08-04 03:00:00,2025-08-04 07:00:00,4.0,1.8325814637483104,5.32942836157309,0,1,False,3,2–6
2025-08-05,2639,#14,21.0,3.5,35.0,180.47,2025-08-05 16:00:00,2025-08-05 22:00:00,6.0,1.5040773967762742,5.201090350786933,1,1,False,16,15–18
2025-08-05,2640,#20,16.0,4.0,41.0,167.95,2025-08-05 00:00:00,2025-08-05 04:00:00,4.0,1.6094379124341005,5.129602813160298,1,1,False,0,22–2
2025-08-05,2642,#26,45.0,5.0,35.0,156.88,2025-08-05 08:00:00,2025-08-05 17:00:00,9.0,1.791759469228055,5.061835250794647,1,1,False,8,6–9
2025-08-06,2651,#14,42.0,6.0,44.0,193.52,2025-08-06 15:00:00,2025-08-06 22:00:00,7.0,1.9459101490553128,5.270534985535585,2,1,False,15,15–18
2025-08-06,2652,#15,30.0,4.285714285714286,42.0,377.41,2025-08-06 08:00:00,2025-08-06 15:00:00,7.0,1.6650077635889111,5.9359782638898455,2,1,True,8,6–9
2025-08-06,2654,#20,21.0,3.5,35.0,162.78,2025-08-06 00:00:00,2025-08-06 06:00:00,6.0,1.5040773967762742,5.098524063842042,2,1,False,0,22–2
2025-08-07,2667,#4,33.0,4.714285714285714,37.0,115.67,2025-08-07 09:00:00,2025-08-07 16:00:00,7.0,1.742969305058623,4.759349436835766,3,0,False,9,9–12
2025-08-07,2662,#10,18.0,6.0,37.0,159.91,2025-08-07 00:00:00,2025-08-07 03:00:00,3.0,1.9459101490553128,5.080845202471059,3,2,False,0,22–2
2025-08-07,2663,#15,37.0,5.285714285714286,35.0,153.99,2025-08-07 16:00:00,2025-08-07 23:00:00,7.0,1.838279484862948,5.04336059870896,3,2,False,16,15–18
2025-08-07,2664,#20,15.0,3.75,43.0,170.18,2025-08-07 03:00:00,2025-08-07 07:00:00,4.0,1.55814461804655,5.142715634453464,3,1,False,3,2–6
2025-08-07,2665,#22,11.0,1.2222222222222223,28.0,100.12,2025-08-07 06:00:00,2025-08-07 15:00:00,9.0,0.7985076962177716,4.616307930398548,3,0,True,6,6–9
2025-08-08,2678,#7,29.0,4.833333333333333,25.0,215.57,2025-08-08 09:00:00,2025-08-08 15:00:00,6.0,1.7635885922613586,5.377913820819179,4,2,False,9,9–12
2025-08-08,2674,#10,31.0,5.166666666666667,42.0,156.19,2025-08-08 00:00:00,2025-08-08 06:00:00,6.0,1.8191584434161692,5.057455264740146,4,1,False,0,22–2
2025-08-08,2675,#14,35.0,5.0,35.0,180.7,2025-08-08 14:00:00,2025-08-08 21:00:00,7.0,1.791759469228055,5.202356975402125,4,1,False,14,12–15
2025-08-09,2687,#4,49.0,6.125,41.0,209.08,2025-08-09 14:00:00,2025-08-09 22:00:00,8.0,1.9636097261547143,5.347488410554486,5,1,False,14,12–15
2025-08-09,2684,#10,23.0,5.75,60.0,220.27,2025-08-09 03:00:00,2025-08-09 07:00:00,4.0,1.9095425048844383,5.39938367528284,5,1,True,3,2–6
2025-08-09,2685,#14,16.0,3.2,24.0,119.14,2025-08-09 09:00:00,2025-08-09 14:00:00,5.0,1.4350845252893227,4.788657729422015,5,0,False,9,9–12
2025-08-09,2686,#23,24.0,6.0,35.0,234.41,2025-08-09 00:00:00,2025-08-09 04:00:00,4.0,1.9459101490553128,5.461328674807492,5,1,False,0,22–2
2025-08-10,2698,#4,21.0,5.25,44.0,185.88,2025-08-10 11:00:00,2025-08-10 15:00:00,4.0,1.8325814637483104,5.230466699639862,6,1,False,11,9–12
2025-08-10,2695,#15,36.0,4.0,28.0,178.75,2025-08-10 14:00:00,2025-08-10 23:00:00,9.0,1.6094379124341005,5.191566996601156,6,0,False,14,12–15
2025-08-10,2696,#23,48.0,6.857142857142857,37.0,193.7,2025-08-10 00:00:00,2025-08-10 07:00:00,7.0,2.0614230361771577,5.271459912378154,6,1,False,0,22–2
2025-08-11,2706,#14,40.0,8.0,36.0,160.39,2025-08-11 17:00:00,2025-08-11 22:00:00,5.0,2.19722457733622,5.083823796047731,0,2,False,17,15–18
2025-08-11,2707,#20,47.0,5.222222222222222,40.0,212.4,2025-08-11 08:00:00,2025-08-11 17:00:00,9.0,1.8281271133989296,5.363168338867653,0,1,False,8,6–9
2025-08-11,2708,#23,34.0,4.857142857142857,45.0,201.5,2025-08-11 00:00:00,2025-08-11 07:00:00,7.0,1.7676619176489945,5.310739886546594,0,1,False,0,22–2
2025-08-12,2714,#10,18.0,6.0,45.0,164.33,2025-08-12 00:00:00,2025-08-12 03:00:00,3.0,1.9459101490553128,5.107943476563253,1,1,False,0,22–2
2025-08-12,2715,#14,28.0,4.666666666666667,66.0,261.76,2025-08-12 16:00:00,2025-08-12 22:00:00,6.0,1.7346010553881064,5.571241068024272,1,1,True,16,15–18
2025-08-12,2716,#20,28.0,4.0,48.0,190.18,2025-08-12 09:00:00,2025-08-12 16:00:00,7.0,1.6094379124341005,5.253215392635616,1,1,False,9,9–12
2025-08-13,2725,#10,32.0,5.333333333333333,26.0,112.05,2025-08-13 00:00:00,2025-08-13 06:00:00,6.0,1.8458266904983307,4.727830198723979,2,0,False,0,22–2
2025-08-13,2726,#14,45.0,5.625,26.0,117.73,2025-08-13 14:00:00,2025-08-13 22:00:00,8.0,1.890850371872286,4.776852007677701,2,0,False,14,12–15
2025-08-13,2727,#15,24.0,3.4285714285714284,40.0,114.75,2025-08-13 08:00:00,2025-08-13 15:00:00,7.0,1.4880770554298328,4.751432692966343,2,0,False,8,6–9
2025-08-14,2735,#10,13.0,3.25,20.0,123.19,2025-08-14 03:00:00,2025-08-14 07:00:00,4.0,1.4469189829363254,4.8218126509599415,3,0,False,3,2–6
2025-08-14,2736,#14,47.0,6.714285714285714,46.0,177.47,2025-08-14 16:00:00,2025-08-14 23:00:00,7.0,2.043073897508961,5.184420519867924,3,1,False,16,15–18
2025-08-14,2737,#21,30.0,3.75,45.0,193.17,2025-08-14 09:00:00,2025-08-14 17:00:00,8.0,1.55814461804655,5.268734064006362,3,1,False,9,9–12
2025-08-14,2738,#23,18.0,4.5,28.0,111.68,2025-08-14 00:00:00,2025-08-14 04:00:00,4.0,1.7047480922384253,4.724551943008172,3,0,False,0,22–2
2025-08-15,2746,#20,40.0,5.0,40.0,176.79,2025-08-15 14:00:00,2025-08-15 22:00:00,8.0,1.791759469228055,5.18060307852848,4,1,False,14,12–15
2025-08-15,2747,#21,24.0,3.4285714285714284,34.0,189.87,2025-08-15 08:00:00,2025-08-15 15:00:00,7.0,1.4880770554298328,5.251592568041801,4,1,False,8,6–9
2025-08-15,2749,#29,32.0,8.0,24.0,148.04,2025-08-15 00:00:00,2025-08-15 04:00:00,4.0,2.19722457733622,5.004214726293333,4,2,False,0,22–2
2025-08-16,2758,#20,26.0,3.25,35.0,186.94,2025-08-16 08:00:00,2025-08-16 16:00:00,8.0,1.4469189829363254,5.236122762954919,5,1,False,8,6–9
2025-08-16,2759,#23,29.0,14.5,26.0,157.67,2025-08-16 22:00:00,2025-08-17 00:00:00,2.0,2.740840023925201,5.066826573745998,5,2,False,22,22–2
2025-08-16,2760,#24,53.0,7.571428571428571,52.0,191.18,2025-08-16 15:00:00,2025-08-16 22:00:00,7.0,2.1484344131667874,5.258432432849122,5,1,False,15,15–18
2025-08-16,2762,#29,17.0,4.25,31.0,207.7,2025-08-16 03:00:00,2025-08-16 07:00:00,4.0,1.6582280766035324,5.340897814083155,5,1,False,3,2–6
2025-08-17,2772,#4,47.0,7.833333333333333,39.0,185.08,2025-08-17 16:00:00,2025-08-17 22:00:00,6.0,2.178532444324067,5.226176688770354,6,1,False,16,15–18
2025-08-17,2770,#20,33.0,4.714285714285714,39.0,226.95,2025-08-17 09:00:00,2025-08-17 16:00:00,7.0,1.742969305058623,5.42912630665945,6,1,False,9,9–12
2025-08-17,2771,#23,33.0,4.714285714285714,24.0,133.02,2025-08-17 00:00:00,2025-08-17 07:00:00,7.0,1.742969305058623,4.897989042545024,6,0,False,0,22–2
2025-08-18,2783,#4,42.0,5.25,45.0,200.54,2025-08-18 14:00:00,2025-08-18 22:00:00,8.0,1.8325814637483104,5.305987872852256,0,1,False,14,12–15
2025-08-18,2780,#21,25.0,3.571428571428572,34.0,143.94,2025-08-18 08:00:00,2025-08-18 15:00:00,7.0,1.5198257537444133,4.976319863681136,0,0,False,8,6–9
2025-08-18,2781,#23,30.0,4.285714285714286,23.0,159.58,2025-08-18 00:00:00,2025-08-18 07:00:00,7.0,1.6650077635889111,5.078792260756538,0,0,False,0,22–2
2025-08-19,2791,#10,23.0,5.75,33.0,191.41,2025-08-19 00:00:00,2025-08-19 04:00:00,4.0,1.9095425048844383,5.259628511932925,1,1,False,0,22–2
2025-08-19,2793,#14,51.0,8.5,35.0,188.02,2025-08-19 16:00:00,2025-08-19 22:00:00,6.0,2.2512917986064958,5.24185282956691,1,2,False,16,15–18
2025-08-19,2794,#21,32.0,4.0,52.0,220.98,2025-08-19 08:00:00,2025-08-19 16:00:00,8.0,1.6094379124341005,5.402587287723834,1,1,False,8,6–9
2025-08-20,2805,#4,52.0,4.727272727272728,40.0,170.83,2025-08-20 08:00:00,2025-08-20 19:00:00,11.0,1.745239453593162,5.146505615958654,2,1,False,8,6–9
2025-08-20,2803,#10,40.0,5.714285714285714,35.0,139.97,2025-08-20 00:00:00,2025-08-20 07:00:00,7.0,1.9042374526547452,4.948547101782834,2,2,False,0,22–2
2025-08-20,2804,#14,35.0,8.75,33.0,197.96,2025-08-20 18:00:00,2025-08-20 22:00:00,4.0,2.277267285009756,5.2931037994951495,2,2,False,18,18–22
2025-08-21,2814,#10,12.0,6.0,38.0,131.14,2025-08-21 04:00:00,2025-08-21 06:00:00,2.0,1.9459101490553128,4.88386196660174,3,2,False,4,2–6
2025-08-21,2816,#15,28.0,4.0,29.0,133.79,2025-08-21 16:00:00,2025-08-21 23:00:00,7.0,1.6094379124341005,4.903718011750178,3,0,False,16,15–18
2025-08-21,2817,#21,37.0,5.285714285714286,36.0,192.95,2025-08-21 09:00:00,2025-08-21 16:00:00,7.0,1.838279484862948,5.267600393885976,3,1,False,9,9–12
2025-08-21,2818,#23,20.0,5.0,23.0,177.36,2025-08-21 00:00:00,2025-08-21 04:00:00,4.0,1.791759469228055,5.183803979759276,3,2,False,0,22–2
2025-08-22,2825,#15,41.0,5.125,36.0,145.55,2025-08-22 14:00:00,2025-08-22 22:00:00,8.0,1.8123787564307907,4.987366667156902,4,2,False,14,12–15
2025-08-22,2826,#21,18.0,2.571428571428572,38.0,153.54,2025-08-22 08:00:00,2025-08-22 15:00:00,7.0,1.2729656758128876,5.040452962505438,4,1,False,8,6–9
2025-08-22,2827,#23,38.0,6.333333333333333,26.0,123.09,2025-08-22 00:00:00,2025-08-22 06:00:00,6.0,1.992430164690206,4.821007108786528,4,2,False,0,22–2
2025-08-23,2835,#15,49.0,5.444444444444445,32.0,197.06,2025-08-23 14:00:00,2025-08-23 23:00:00,9.0,1.8632184332102,5.288570015093157,5,1,False,14,12–15
2025-08-23,2836,#21,21.0,4.2,43.0,213.56,2025-08-23 09:00:00,2025-08-23 14:00:00,5.0,1.6486586255873816,5.368589419533368,5,1,False,9,9–12
2025-08-23,2837,#23,38.0,5.428571428571429,25.0,147.29,2025-08-23 00:00:00,2025-08-23 07:00:00,7.0,1.8607523407150064,4.999169815986978,5,2,False,0,22–2
2025-08-24,2848,#4,49.0,4.083333333333333,49.0,196.51,2025-08-24 08:00:00,2025-08-24 20:00:00,12.0,1.625967214385311,5.285789215970766,6,1,False,8,6–9
2025-08-24,2849,#9,21.0,7.0,23.0,143.28,2025-08-24 21:00:00,2025-08-25 00:00:00,3.0,2.079441541679836,4.9717558560353385,6,2,False,21,18–22
2025-08-24,2845,#23,21.0,4.2,34.0,163.05,2025-08-24 03:00:00,2025-08-24 08:00:00,5.0,1.6486586255873816,5.100171259407111,6,1,False,3,2–6
2025-08-25,2861,#4,37.0,4.111111111111111,37.0,159.37,2025-08-25 14:00:00,2025-08-25 23:00:00,9.0,1.6314168191528755,5.077483645520718,0,1,False,14,12–15
2025-08-25,2857,#10,21.0,5.25,34.0,145.42,2025-08-25 00:00:00,2025-08-25 04:00:00,4.0,1.8325814637483104,4.986479204218496,0,2,False,0,22–2
2025-08-25,2858,#17,15.0,3.75,45.0,176.79,2025-08-25 03:00:00,2025-08-25 07:00:00,4.0,1.55814461804655,5.18060307852848,0,1,False,3,2–6
2025-08-25,2859,#21,15.0,3.0,24.0,89.31,2025-08-25 09:00:00,2025-08-25 14:00:00,5.0,1.3862943611198906,4.503248196262708,0,0,False,9,9–12
2025-08-26,2870,#14,69.0,7.666666666666667,38.0,181.64,2025-08-26 14:00:00,2025-08-26 23:00:00,9.0,2.159484249353373,5.20751700222154,1,1,False,14,12–15
2025-08-26,2871,#21,24.0,4.8,30.0,175.15,2025-08-26 09:00:00,2025-08-26 14:00:00,5.0,1.7578579175523736,5.171335904787247,1,2,False,9,9–12
2025-08-26,2872,#23,22.0,11.0,25.0,121.96,2025-08-26 22:00:00,2025-08-27 00:00:00,2.0,2.4849066497880004,4.8118590992303405,1,2,False,22,22–2
2025-08-27,2880,#14,40.0,6.666666666666667,40.0,180.86,2025-08-27 16:00:00,2025-08-27 22:00:00,6.0,2.03688192726104,5.203237160297767,2,1,False,16,15–18
2025-08-27,2881,#21,35.0,4.375,47.0,175.66,2025-08-27 08:00:00,2025-08-27 16:00:00,8.0,1.6817585740137266,5.174226981316986,2,1,False,8,6–9
2025-08-27,2882,#23,45.0,6.428571428571429,21.0,122.84,2025-08-27 00:00:00,2025-08-27 07:00:00,7.0,2.005333569526114,4.818990409841417,2,2,False,0,22–2
2025-08-28,2890,#10,17.0,4.25,29.0,169.84,2025-08-28 00:00:00,2025-08-28 04:00:00,4.0,1.6582280766035324,5.1407274459732655,3,0,False,0,22–2
2025-08-28,2891,#20,47.0,6.714285714285714,38.0,190.53,2025-08-28 15:00:00,2025-08-28 22:00:00,7.0,2.043073897508961,5.25504445431457,3,1,False,15,15–18
2025-08-28,2892,#21,32.0,4.0,43.0,175.46,2025-08-28 07:00:00,2025-08-28 15:00:00,8.0,1.6094379124341005,5.173094221793959,3,1,False,7,6–9
2025-08-28,2893,#23,17.0,4.25,23.0,143.49,2025-08-28 03:00:00,2025-08-28 07:00:00,4.0,1.6582280766035324,4.97321030100552,3,0,False,3,2–6
2025-08-29,2900,#10,34.0,4.857142857142857,27.0,126.88,2025-08-29 00:00:00,2025-08-29 07:00:00,7.0,1.7676619176489945,4.851092324191641,4,0,False,0,22–2
2025-08-29,2901,#20,48.0,6.0,29.0,139.1,2025-08-29 14:00:00,2025-08-29 22:00:00,8.0,1.9459101490553128,4.942356453342962,4,2,False,14,12–15
2025-08-29,2902,#21,18.0,3.0,39.0,185.41,2025-08-29 08:00:00,2025-08-29 14:00:00,6.0,1.3862943611198906,5.227948548881154,4,1,False,8,6–9
2025-08-30,2916,#2,40.0,5.0,36.0,149.27,2025-08-30 07:00:00,2025-08-30 15:00:00,8.0,1.791759469228055,5.012433676037635,5,1,False,7,6–9
2025-08-30,2912,#10,22.0,4.4,42.0,157.75,2025-08-30 03:00:00,2025-08-30 08:00:00,5.0,1.6863989535702286,5.067330637772801,5,1,False,3,2–6
2025-08-30,2914,#20,54.0,6.75,39.0,191.52,2025-08-30 15:00:00,2025-08-30 23:00:00,8.0,2.0476928433652555,5.260200044434908,5,1,False,15,15–18
2025-08-30,2915,#23,22.0,5.5,34.0,148.58,2025-08-30 00:00:00,2025-08-30 04:00:00,4.0,1.8718021769015916,5.007831366763521,5,2,False,0,22–2
2025-08-31,2926,#4,42.0,4.666666666666667,37.0,158.83,2025-08-31 14:00:00,2025-08-31 23:00:00,9.0,1.7346010553881064,5.074110750380562,6,1,False,14,12–15
2025-08-31,2923,#20,13.0,3.25,27.0,130.95,2025-08-31 10:00:00,2025-08-31 14:00:00,4.0,1.4469189829363254,4.882423062949333,6,0,False,10,9–12
2025-08-31,2925,#23,35.0,4.375,31.0,154.18,2025-08-31 00:00:00,2025-08-31 08:00:00,8.0,1.6817585740137266,5.044585733465803,6,0,False,0,22–2
2025-09-01,2937,#4,45.0,5.625,27.0,138.04,2025-09-01 08:00:00,2025-09-01 16:00:00,8.0,1.890850371872286,4.934761661517082,0,2,False,8,6–9
2025-09-01,2933,#10,22.0,5.5,33.0,165.96,2025-09-01 00:00:00,2025-09-01 04:00:00,4.0,1.8718021769015916,5.117754262768945,0,2,False,0,22–2
2025-09-01,2934,#20,41.0,5.857142857142857,39.0,204.67,2025-09-01 16:00:00,2025-09-01 23:00:00,7.0,1.9252908618525777,5.326272942561368,0,1,False,16,15–18
2025-09-01,2935,#23,15.0,5.0,31.0,133.91,2025-09-01 03:00:00,2025-09-01 06:00:00,3.0,1.791759469228055,4.904607889450726,0,0,False,3,2–6
2025-09-02,2947,#20,55.0,6.875,32.0,129.46,2025-09-02 15:00:00,2025-09-02 23:00:00,8.0,2.063693184711697,4.87106666636795,1,2,False,15,15–18
2025-09-02,2948,#21,23.0,3.2857142857142856,36.0,138.42,2025-09-02 08:00:00,2025-09-02 15:00:00,7.0,1.455287232606842,4.937490960058253,1,0,False,8,6–9
2025-09-02,2949,#23,28.0,7.0,29.0,117.01,2025-09-02 00:00:00,2025-09-02 04:00:00,4.0,2.079441541679836,4.770769366637658,1,2,False,0,22–2
2025-09-03,2956,#14,32.0,4.571428571428571,40.0,189.2,2025-09-03 15:00:00,2025-09-03 22:00:00,7.0,1.717651497074333,5.24807615011129,2,1,False,15,15–18
2025-09-03,2957,#21,33.0,4.714285714285714,28.0,145.08,2025-09-03 09:00:00,2025-09-03 16:00:00,7.0,1.742969305058623,4.984154416846659,2,0,False,9,9–12
2025-09-03,2958,#23,49.0,6.125,28.0,155.1,2025-09-03 00:00:00,2025-09-03 08:00:00,8.0,1.9636097261547143,5.050496827521386,2,2,False,0,22–2
2025-09-04,2966,#20,63.0,7.875,31.0,119.55,2025-09-04 14:00:00,2025-09-04 22:00:00,8.0,2.1832383353614797,4.79206460462718,3,2,False,14,12–15
2025-09-04,2967,#21,21.0,4.2,39.0,163.17,2025-09-04 09:00:00,2025-09-04 14:00:00,5.0,1.6486586255873816,5.100902476306427,3,1,False,9,9–12
2025-09-04,2969,#25,26.0,6.5,26.0,157.76,2025-09-04 00:00:00,2025-09-04 04:00:00,4.0,2.0149030205422647,5.067393627914864,3,2,False,0,22–2
2025-09-05,2976,#20,30.0,5.0,33.0,116.99,2025-09-05 15:00:00,2025-09-05 21:00:00,6.0,1.791759469228055,4.770599875111828,4,0,False,15,15–18
2025-09-05,2977,#21,31.0,4.428571428571429,31.0,161.15,2025-09-05 08:00:00,2025-09-05 15:00:00,7.0,1.6916760106710726,5.088521832753327,4,2,False,8,6–9
2025-09-05,2978,#25,28.0,4.666666666666667,29.0,186.38,2025-09-05 00:00:00,2025-09-05 06:00:00,6.0,1.7346010553881064,5.233138640523042,4,2,False,0,22–2
2025-09-06,2991,#9,53.0,7.571428571428571,27.0,159.46,2025-09-06 15:00:00,2025-09-06 22:00:00,7.0,2.1484344131667874,5.07804469032551,5,2,False,15,15–18
2025-09-06,2987,#15,27.0,9.0,29.0,146.89,2025-09-06 00:00:00,2025-09-06 03:00:00,3.0,2.302585092994046,4.996468754178678,5,2,False,0,22–2
2025-09-06,2988,#24,28.0,4.0,24.0,108.43,2025-09-06 09:00:00,2025-09-06 16:00:00,7.0,1.6094379124341005,4.695285075430352,5,0,False,9,9–12
2025-09-06,2989,#25,17.0,4.25,26.0,94.74,2025-09-06 03:00:00,2025-09-06 07:00:00,4.0,1.6582280766035324,4.561636183964363,5,0,False,3,2–6
2025-09-07,3000,#4,67.0,5.583333333333333,40.0,230.68,2025-09-07 08:00:00,2025-09-07 20:00:00,12.0,1.8845412026790207,5.445357109197351,6,1,False,8,6–9
2025-09-07,2998,#15,14.0,3.5,27.0,152.77,2025-09-07 03:00:00,2025-09-07 07:00:00,4.0,1.5040773967762742,5.035457979527601,6,0,False,3,2–6
2025-09-07,2999,#23,41.0,10.25,38.0,210.82,2025-09-07 20:00:00,2025-09-08 00:00:00,4.0,2.4203681286504293,5.355736857415523,6,2,False,20,18–22
2025-09-08,3008,#17,13.0,3.25,17.0,155.54,2025-09-08 00:00:00,2025-09-08 04:00:00,4.0,1.4469189829363254,5.053311568376692,0,0,False,0,22–2
2025-09-08,3009,#20,22.0,3.6666666666666665,25.0,109.94,2025-09-08 08:00:00,2025-09-08 14:00:00,6.0,1.5404450409471488,4.708989514627088,0,0,False,8,6–9
2025-09-08,3010,#23,13.0,3.25,30.0,193.59,2025-09-08 03:00:00,2025-09-08 07:00:00,4.0,1.4469189829363254,5.270894780970065,0,1,False,3,2–6
2025-09-08,3011,#25,37.0,4.625,35.0,208.38,2025-09-08 14:00:00,2025-09-08 22:00:00,8.0,1.727220948090484,5.344150782891209,0,1,False,14,12–15
2025-09-09,3020,#20,38.0,5.428571428571429,30.0,162.58,2025-09-09 15:00:00,2025-09-09 22:00:00,7.0,1.8607523407150064,5.097302167306828,1,2,False,15,15–18
2025-09-09,3021,#21,39.0,5.571428571428571,28.0,164.08,2025-09-09 08:00:00,2025-09-09 15:00:00,7.0,1.8827312474337816,5.106430204884381,1,2,False,8,6–9
2025-09-09,3022,#25,17.0,8.5,29.0,148.16,2025-09-09 22:00:00,2025-09-10 00:00:00,2.0,2.2512917986064958,5.00501955531062,1,2,False,22,22–2
2025-09-10,3029,#14,44.0,7.333333333333333,28.0,171.96,2025-09-10 16:00:00,2025-09-10 22:00:00,6.0,2.120263536200091,5.153060353890898,2,2,False,16,15–18
2025-09-10,3030,#21,45.0,5.625,36.0,194.24,2025-09-10 08:00:00,2025-09-10 16:00:00,8.0,1.890850371872286,5.274229571018947,2,1,False,8,6–9
2025-09-10,3031,#25,10.0,2.5,31.0,134.85,2025-09-10 03:00:00,2025-09-10 07:00:00,4.0,1.252762968495368,4.911551335872357,2,0,False,3,2–6
2025-09-10,3032,#29,12.0,6.0,34.0,119.18,2025-09-10 22:00:00,2025-09-11 00:00:00,2.0,1.9459101490553128,4.788990618905782,2,2,False,22,22–2
2025-09-11,3043,#6,10.0,10.0,38.0,211.67,2025-09-11 16:00:00,2025-09-11 17:00:00,1.0,2.3978952727983707,5.359741668535036,3,2,False,16,15–18
2025-09-11,3038,#14,49.0,9.8,39.0,165.06,2025-09-11 17:00:00,2025-09-11 22:00:00,5.0,2.379546134130174,5.112349168833885,3,2,False,17,15–18
2025-09-11,3039,#21,44.0,5.5,42.0,171.12,2025-09-11 08:00:00,2025-09-11 16:00:00,8.0,1.8718021769015916,5.148191907970399,3,1,False,8,6–9
2025-09-11,3041,#25,20.0,6.666666666666667,26.0,134.71,2025-09-11 21:00:00,2025-09-12 00:00:00,3.0,2.03688192726104,4.910520256093279,3,2,False,21,18–22
2025-09-11,3042,#29,11.0,2.75,38.0,170.34,2025-09-11 03:00:00,2025-09-11 07:00:00,4.0,1.3217558399823195,5.143649886535898,3,1,False,3,2–6
2025-09-12,3050,#20,39.0,4.875,33.0,155.35,2025-09-12 14:00:00,2025-09-12 22:00:00,8.0,1.770706060030223,5.05209708390385,4,2,False,14,12–15
2025-09-12,3051,#21,23.0,3.8333333333333335,37.0,197.56,2025-09-12 08:00:00,2025-09-12 14:00:00,6.0,1.575536360758419,5.291091321456297,4,1,False,8,6–9
2025-09-12,3052,#23,26.0,6.5,35.0,137.53,2025-09-12 00:00:00,2025-09-12 04:00:00,4.0,2.0149030205422647,4.931086908669788,4,2,False,0,22–2
2025-09-12,3053,#25,12.0,3.0,24.0,95.17,2025-09-12 03:00:00,2025-09-12 07:00:00,4.0,1.3862943611198906,4.56611745872439,4,0,False,3,2–6
2025-09-13,3064,#7,56.0,6.222222222222222,28.0,186.95,2025-09-13 06:00:00,2025-09-13 15:00:00,9.0,1.9771626925594177,5.236175970010187,5,2,False,6,6–9
2025-09-13,3061,#15,39.0,4.875,31.0,180.48,2025-09-13 14:00:00,2025-09-13 22:00:00,8.0,1.770706060030223,5.201145454795763,5,2,False,14,12–15
2025-09-13,3062,#23,30.0,5.0,29.0,192.69,2025-09-13 00:00:00,2025-09-13 06:00:00,6.0,1.791759469228055,5.266258942854148,5,2,False,0,22–2
2025-09-14,3073,#4,63.0,6.3,42.0,183.95,2025-09-14 12:00:00,2025-09-14 22:00:00,10.0,1.9878743481543453,5.220085518278463,6,1,False,12,12–15
2025-09-14,3071,#20,16.0,8.0,27.0,118.66,2025-09-14 22:00:00,2025-09-15 00:00:00,2.0,2.19722457733622,4.7846543879618855,6,2,False,22,22–2
2025-09-14,3072,#23,14.0,3.5,25.0,153.58,2025-09-14 03:00:00,2025-09-14 07:00:00,4.0,1.5040773967762742,5.040711761678725,6,0,False,3,2–6
2025-09-15,3082,#20,14.0,3.5,20.0,173.84,2025-09-15 03:00:00,2025-09-15 07:00:00,4.0,1.5040773967762742,5.163871269995114,0,0,False,3,2–6
2025-09-15,3083,#21,45.0,7.5,42.0,161.04,2025-09-15 10:00:00,2025-09-15 16:00:00,6.0,2.1400661634962708,5.0878432183344895,0,1,False,10,9–12
2025-09-15,3086,#24,35.0,5.833333333333333,46.0,149.73,2025-09-15 16:00:00,2025-09-15 22:00:00,6.0,1.9218125974762528,5.0154901568224375,0,1,False,16,15–18
2025-09-16,3093,#20,50.0,5.555555555555555,26.0,160.74,2025-09-16 15:00:00,2025-09-17 00:00:00,9.0,1.8803128665695,5.085990107667676,1,2,False,15,15–18
2025-09-16,3094,#21,48.0,6.857142857142857,37.0,389.75,2025-09-16 08:00:00,2025-09-16 15:00:00,7.0,2.0614230361771577,5.968067969301586,1,1,False,8,6–9
2025-09-16,3096,#25,14.0,3.5,31.0,170.7,2025-09-16 00:00:00,2025-09-16 04:00:00,4.0,1.5040773967762742,5.14574876790343,1,0,False,0,22–2
2025-09-17,3103,#14,49.0,8.166666666666666,31.0,234.38,2025-09-17 16:00:00,2025-09-17 22:00:00,6.0,2.215573716004416,5.461201229449516,2,2,False,16,15–18
2025-09-17,3105,#20,21.0,5.25,27.0,150.16,2025-09-17 00:00:00,2025-09-17 04:00:00,4.0,1.8325814637483104,5.018338878481289,2,2,False,0,22–2
2025-09-17,3106,#21,44.0,6.285714285714286,40.0,178.72,2025-09-17 09:00:00,2025-09-17 16:00:00,7.0,1.9859154836690125,5.191400084201959,2,1,False,9,9–12
2025-09-18,3117,#7,56.0,7.0,29.0,166.32,2025-09-18 15:00:00,2025-09-18 23:00:00,8.0,2.079441541679836,5.119908146573998,3,2,False,15,15–18
2025-09-18,3114,#20,34.0,4.857142857142857,27.0,193.18,2025-09-18 00:00:00,2025-09-18 07:00:00,7.0,1.7676619176489945,5.268785563941999,3,2,False,0,22–2
2025-09-18,3115,#21,31.0,4.428571428571429,49.0,210.89,2025-09-18 08:00:00,2025-09-18 15:00:00,7.0,1.6916760106710726,5.35606727208894,3,1,False,8,6–9
2025-09-19,3128,#7,67.0,8.375,30.0,154.24,2025-09-19 15:00:00,2025-09-19 23:00:00,8.0,2.2380465718564744,5.044972306500705,4,2,False,15,15–18
2025-09-19,3124,#20,14.0,4.666666666666667,41.0,170.55,2025-09-19 03:00:00,2025-09-19 06:00:00,3.0,1.7346010553881064,5.144874769304459,4,1,False,3,2–6
2025-09-19,3125,#21,17.0,2.4285714285714284,27.0,114.64,2025-09-19 08:00:00,2025-09-19 15:00:00,7.0,1.2321436812926323,4.750481917148146,4,0,False,8,6–9
2025-09-19,3127,#29,27.0,6.75,24.0,149.35,2025-09-19 00:00:00,2025-09-19 04:00:00,4.0,2.0476928433652555,5.012965909434538,4,2,False,0,22–2
2025-09-20,3135,#14,45.0,6.428571428571429,40.0,166.82,2025-09-20 08:00:00,2025-09-20 15:00:00,7.0,2.005333569526114,5.122891976441923,5,1,False,8,6–9
2025-09-20,3136,#15,54.0,6.75,34.0,143.91,2025-09-20 14:00:00,2025-09-20 22:00:00,8.0,2.0476928433652555,4.976112860057833,5,2,False,14,12–15
2025-09-20,3139,#29,43.0,6.142857142857143,34.0,147.75,2025-09-20 00:00:00,2025-09-20 07:00:00,7.0,1.9661128563728327,5.002267044425739,5,2,False,0,22–2
2025-09-21,3148,#4,78.0,7.8,33.0,136.07,2025-09-21 13:00:00,2025-09-21 23:00:00,10.0,2.174751721484161,4.920491744243289,6,2,False,13,12–15
2025-09-21,3149,#9,20.0,4.0,17.0,176.17,2025-09-21 08:00:00,2025-09-21 13:00:00,5.0,1.6094379124341005,5.177109723612346,6,0,False,8,6–9
2025-09-21,3146,#22,25.0,6.25,21.0,138.3,2025-09-21 00:00:00,2025-09-21 04:00:00,4.0,1.9810014688665836,4.93662988078576,6,2,False,0,22–2
2025-09-21,3147,#29,16.0,4.0,25.0,136.97,2025-09-21 03:00:00,2025-09-21 07:00:00,4.0,1.6094379124341005,4.927036270219942,6,0,False,3,2–6
2025-09-22,3156,#20,42.0,5.25,32.0,144.1,2025-09-22 15:00:00,2025-09-22 23:00:00,8.0,1.8325814637483104,4.977423159890142,0,2,False,15,15–18
2025-09-22,3157,#21,22.0,3.6666666666666665,34.0,167.26,2025-09-22 09:00:00,2025-09-22 15:00:00,6.0,1.5404450409471488,5.125510402122668,0,1,False,9,9–12
2025-09-22,3158,#22,14.0,3.5,27.0,142.61,2025-09-22 03:00:00,2025-09-22 07:00:00,4.0,1.5040773967762742,4.967101292072528,0,0,False,3,2–6
2025-09-22,3159,#25,19.0,4.75,26.0,618.44,2025-09-22 00:00:00,2025-09-22 04:00:00,4.0,1.749199854809259,6.428815844078469,0,1,True,0,22–2
2025-09-23,3166,#20,53.0,7.571428571428571,35.0,147.01,2025-09-23 15:00:00,2025-09-23 22:00:00,7.0,2.1484344131667874,4.997279839049098,1,2,False,15,15–18
2025-09-23,3167,#21,37.0,5.285714285714286,28.0,146.97,2025-09-23 08:00:00,2025-09-23 15:00:00,7.0,1.838279484862948,4.997009550514443,1,2,False,8,6–9
2025-09-23,3168,#25,26.0,5.2,26.0,144.99,2025-09-23 00:00:00,2025-09-23 05:00:00,5.0,1.8245492920510455,4.983538126211888,1,2,False,0,22–2
2025-09-24,3176,#14,46.0,7.666666666666667,34.0,129.15,2025-09-24 16:00:00,2025-09-24 22:00:00,6.0,2.159484249353373,4.868687631440574,2,2,False,16,15–18
2025-09-24,3177,#21,41.0,5.125,35.0,167.08,2025-09-24 08:00:00,2025-09-24 16:00:00,8.0,1.8123787564307907,5.124440056536745,2,1,False,8,6–9
2025-09-24,3179,#25,38.0,5.428571428571429,24.0,176.47,2025-09-24 00:00:00,2025-09-24 07:00:00,7.0,1.8607523407150064,5.178801580546473,2,2,False,0,22–2
2025-09-25,3188,#20,42.0,5.25,37.0,174.13,2025-09-25 14:00:00,2025-09-25 22:00:00,8.0,1.8325814637483104,5.165528555284573,3,1,False,14,12–15
2025-09-25,3189,#21,32.0,4.571428571428571,38.0,177.85,2025-09-25 08:00:00,2025-09-25 15:00:00,7.0,1.717651497074333,5.186547465705027,3,1,False,8,6–9
2025-09-25,3190,#23,22.0,5.5,25.0,239.77,2025-09-25 00:00:00,2025-09-25 04:00:00,4.0,1.8718021769015916,5.483842120955737,3,2,False,0,22–2
2025-09-26,3199,#20,46.0,5.75,26.0,132.27,2025-09-26 14:00:00,2025-09-26 22:00:00,8.0,1.9095425048844383,4.892377145591635,4,2,False,14,12–15
2025-09-26,3200,#21,20.0,3.333333333333333,26.0,112.13,2025-09-26 09:00:00,2025-09-26 15:00:00,6.0,1.4663370687934272,4.728537599938376,4,0,False,9,9–12
2025-09-26,3201,#23,33.0,4.714285714285714,27.0,206.35,2025-09-26 00:00:00,2025-09-26 07:00:00,7.0,1.742969305058623,5.33440818669239,4,2,False,0,22–2
2025-09-26,3202,#25,10.0,3.333333333333333,29.0,133.52,2025-09-26 10:00:00,2025-09-26 13:00:00,3.0,1.4663370687934272,4.901712886872069,4,0,False,10,9–12
2025-09-27,3213,#4,44.0,6.285714285714286,41.0,159.2,2025-09-27 15:00:00,2025-09-27 22:00:00,7.0,1.9859154836690125,5.076423034634259,5,1,False,15,15–18
2025-09-27,3210,#14,23.0,5.75,35.0,151.03,2025-09-27 11:00:00,2025-09-27 15:00:00,4.0,1.9095425048844383,5.024077869792745,5,2,False,11,9–12
2025-09-27,3211,#23,45.0,6.428571428571429,27.0,141.21,2025-09-27 00:00:00,2025-09-27 07:00:00,7.0,2.005333569526114,4.957304838384605,5,2,False,0,22–2
2025-09-28,3225,#4,82.0,8.2,29.0,143.86,2025-09-28 12:00:00,2025-09-28 22:00:00,10.0,2.2192034840549946,4.97576775876718,6,2,False,12,12–15
2025-09-28,3221,#17,23.0,5.75,26.0,197.45,2025-09-28 00:00:00,2025-09-28 04:00:00,4.0,1.9095425048844383,5.290537179229075,6,2,False,0,22–2
2025-09-28,3224,#25,11.0,1.375,30.0,193.47,2025-09-28 05:00:00,2025-09-28 13:00:00,8.0,0.8649974374866045,5.270277909516791,6,0,False,5,2–6
2025-09-29,3233,#17,11.0,2.2,24.0,141.3,2025-09-29 03:00:00,2025-09-29 08:00:00,5.0,1.1631508098056809,4.957937505095806,0,0,False,3,2–6
2025-09-29,3234,#20,56.0,7.0,38.0,166.75,2025-09-29 14:00:00,2025-09-29 22:00:00,8.0,2.079441541679836,5.122474775851791,0,2,False,14,12–15
2025-09-29,3235,#21,24.0,4.0,29.0,162.93,2025-09-29 08:00:00,2025-09-29 14:00:00,6.0,1.6094379124341005,5.099439507438365,0,0,False,8,6–9
2025-09-29,3237,#29,17.0,8.5,38.0,167.92,2025-09-29 22:00:00,2025-09-30 00:00:00,2.0,2.2512917986064958,5.129425230065743,0,2,False,22,22–2
2025-09-30,3245,#20,54.0,6.0,32.0,134.3,2025-09-30 14:00:00,2025-09-30 23:00:00,9.0,1.9459101490553128,4.907494535176743,1,2,False,14,12–15
2025-09-30,3246,#21,43.0,6.142857142857143,31.0,149.02,2025-09-30 08:00:00,2025-09-30 15:00:00,7.0,1.9661128563728327,5.010768618541491,1,2,False,8,6–9
2025-09-30,3247,#25,21.0,5.25,32.0,216.51,2025-09-30 00:00:00,2025-09-30 04:00:00,4.0,1.8325814637483104,5.382244826483323,1,1,False,0,22–2
2025-10-01,3255,#20,36.0,4.5,40.0,142.12,2025-10-01 15:00:00,2025-10-01 23:00:00,8.0,1.7047480922384253,4.963683439200464,2,1,False,15,15–18
2025-10-01,3256,#21,32.0,4.0,34.0,196.6,2025-10-01 08:00:00,2025-10-01 16:00:00,8.0,1.6094379124341005,5.286244785313768,2,1,False,8,6–9
2025-10-01,3258,#23,13.0,3.25,28.0,124.51,2025-10-01 00:00:00,2025-10-01 04:00:00,4.0,1.4469189829363254,4.832385436672355,2,0,False,0,22–2
2025-10-01,3257,#22,14.0,4.666666666666667,32.0,111.11,2025-10-01 03:00:00,2025-10-01 06:00:00,3.0,1.7346010553881064,4.719480532165502,2,0,False,3,2–6
2025-10-02,3266,#15,30.0,7.5,29.0,127.2,2025-10-02 14:00:00,2025-10-02 18:00:00,4.0,2.1400661634962708,4.853591544486569,3,2,False,14,12–15
2025-10-02,3267,#20,12.0,3.0,29.0,103.88,2025-10-02 18:00:00,2025-10-02 22:00:00,4.0,1.3862943611198906,4.652816839455444,3,0,False,18,18–22
2025-10-02,3268,#21,28.0,3.5,46.0,167.01,2025-10-02 07:00:00,2025-10-02 15:00:00,8.0,1.5040773967762742,5.124023501441311,3,1,False,7,6–9
2025-10-02,3269,#23,37.0,5.285714285714286,30.0,253.56,2025-10-02 00:00:00,2025-10-02 07:00:00,7.0,1.838279484862948,5.5395365645894765,3,1,False,0,22–2
2025-10-03,3277,#20,71.0,7.888888888888889,36.0,179.93,2025-10-03 14:00:00,2025-10-03 23:00:00,9.0,2.184802057337662,5.198110216131005,4,2,False,14,12–15
2025-10-03,3278,#21,23.0,3.2857142857142856,37.0,160.8,2025-10-03 08:00:00,2025-10-03 15:00:00,7.0,1.455287232606842,5.086361004624392,4,1,False,8,6–9
2025-10-03,3279,#23,16.0,3.2,32.0,173.26,2025-10-03 03:00:00,2025-10-03 08:00:00,5.0,1.4350845252893227,5.160548436803141,4,1,False,3,2–6
2025-10-03,3280,#29,33.0,8.25,30.0,146.91,2025-10-03 00:00:00,2025-10-03 04:00:00,4.0,2.224623551524334,4.996603980683279,4,2,False,0,22–2
2025-10-04,3290,#4,25.0,4.166666666666667,47.0,141.59,2025-10-04 10:00:00,2025-10-04 16:00:00,6.0,1.642227735257091,4.959973379294028,5,1,False,10,9–12
2025-10-04,3288,#23,39.0,5.571428571428571,34.0,156.59,2025-10-04 15:00:00,2025-10-04 22:00:00,7.0,1.8827312474337816,5.05999672363398,5,2,False,15,15–18
2025-10-04,3289,#29,41.0,5.125,24.0,212.73,2025-10-04 00:00:00,2025-10-04 08:00:00,8.0,1.8123787564307907,5.364713536187719,5,2,False,0,22–2
2025-10-05,3300,#4,60.0,6.0,35.0,175.98,2025-10-05 12:00:00,2025-10-05 22:00:00,10.0,1.9459101490553128,5.176036731839204,6,2,False,12,12–15
2025-10-05,3297,#23,25.0,6.25,20.0,203.67,2025-10-05 00:00:00,2025-10-05 04:00:00,4.0,1.9810014688665836,5.321398925991358,6,2,False,0,22–2
2025-10-05,3298,#24,11.0,2.75,27.0,120.39,2025-10-05 08:00:00,2025-10-05 12:00:00,4.0,1.3217558399823195,4.799008502909713,6,0,False,8,6–9
2025-10-05,3299,#29,37.0,7.4,27.0,284.46,2025-10-05 03:00:00,2025-10-05 08:00:00,5.0,2.128231705849268,5.654101914201623,6,2,False,3,2–6
2025-10-06,3308,#20,30.0,4.285714285714286,39.0,147.94,2025-10-06 15:00:00,2025-10-06 22:00:00,7.0,1.6650077635889111,5.003543540282499,0,1,False,15,15–18
2025-10-06,3309,#21,24.0,4.0,23.0,135.73,2025-10-06 09:00:00,2025-10-06 15:00:00,6.0,1.6094379124341005,4.91800817832099,0,0,False,9,9–12
2025-10-06,3311,#23,26.0,3.7142857142857135,30.0,176.31,2025-10-06 00:00:00,2025-10-06 07:00:00,7.0,1.550597412411167,5.177899613068897,0,0,False,0,22–2
2025-10-07,3322,#2,36.0,5.142857142857143,31.0,151.77,2025-10-07 16:00:00,2025-10-07 23:00:00,7.0,1.8152899666382487,5.028933522377631,1,2,False,16,15–18
2025-10-07,3319,#21,38.0,4.222222222222222,39.0,166.93,2025-10-07 08:00:00,2025-10-07 17:00:00,9.0,1.652923024373839,5.123547225906917,1,1,False,8,6–9
2025-10-07,3320,#23,25.0,5.0,27.0,179.68,2025-10-07 00:00:00,2025-10-07 05:00:00,5.0,1.791759469228055,5.196727510786404,1,2,False,0,22–2
2025-10-08,3334,#2,25.0,4.166666666666667,37.0,158.72,2025-10-08 16:00:00,2025-10-08 22:00:00,6.0,1.642227735257091,5.07342228219502,2,1,False,16,15–18
2025-10-08,3330,#21,48.0,6.857142857142857,31.0,146.78,2025-10-08 08:00:00,2025-10-08 15:00:00,7.0,2.0614230361771577,4.995724681360501,2,2,False,8,6–9
2025-10-08,3332,#25,15.0,5.0,25.0,112.7,2025-10-08 14:00:00,2025-10-08 17:00:00,3.0,1.791759469228055,4.73356340075649,2,0,False,14,12–15
2025-10-08,3333,#29,28.0,7.0,26.0,209.07,2025-10-08 00:00:00,2025-10-08 04:00:00,4.0,2.079441541679836,5.347440808507589,2,2,False,0,22–2
2025-10-09,3342,#15,43.0,6.142857142857143,25.0,137.94,2025-10-09 14:00:00,2025-10-09 21:00:00,7.0,1.9661128563728327,4.934042185264735,3,2,False,14,12–15
2025-10-09,3344,#21,37.0,5.285714285714286,42.0,204.13,2025-10-09 08:00:00,2025-10-09 15:00:00,7.0,1.838279484862948,5.323643924494045,3,1,False,8,6–9
2025-10-09,3345,#29,40.0,5.0,34.0,239.58,2025-10-09 00:00:00,2025-10-09 08:00:00,8.0,1.791759469228055,5.483052674565927,3,1,False,0,22–2
2025-10-10,3353,#12,39.0,6.5,52.0,142.54,2025-10-10 15:00:00,2025-10-10 21:00:00,6.0,2.0149030205422647,4.966613742001925,4,1,False,15,15–18
2025-10-10,3354,#20,27.0,6.75,40.0,215.71,2025-10-10 00:00:00,2025-10-10 04:00:00,4.0,2.0476928433652555,5.37856005422424,4,1,False,0,22–2
2025-10-10,3355,#21,47.0,5.875,33.0,158.78,2025-10-10 08:00:00,2025-10-10 16:00:00,8.0,1.927891643552635,5.073797869053896,4,2,False,8,6–9
2025-10-10,3356,#29,14.0,4.666666666666667,23.0,135.25,2025-10-10 03:00:00,2025-10-10 06:00:00,3.0,1.7346010553881064,4.914491433543353,4,0,False,3,2–6
2025-10-11,3368,#4,47.0,7.833333333333333,31.0,128.75,2025-10-11 15:00:00,2025-10-11 21:00:00,6.0,2.178532444324067,4.865609522045998,5,2,False,15,15–18
2025-10-11,3369,#8,18.0,6.0,39.0,358.08,2025-10-11 21:00:00,2025-10-12 00:00:00,3.0,1.9459101490553128,5.883545204888487,5,1,False,21,18–22
2025-10-11,3364,#14,37.0,6.166666666666667,49.0,188.98,2025-10-11 09:00:00,2025-10-11 15:00:00,6.0,1.9694406464655076,5.246918803462036,5,1,False,9,9–12
2025-10-11,3365,#20,32.0,8.0,32.0,151.39,2025-10-11 03:00:00,2025-10-11 07:00:00,4.0,2.19722457733622,5.026443024301769,5,2,False,3,2–6
2025-10-12,3378,#4,62.0,5.636363636363637,33.0,137.27,2025-10-12 11:00:00,2025-10-12 22:00:00,11.0,1.8925641683500207,4.929208295400526,6,2,False,11,9–12
2025-10-12,3379,#8,28.0,7.0,27.0,110.95,2025-10-12 03:00:00,2025-10-12 07:00:00,4.0,2.079441541679836,4.718052343044764,6,2,False,3,2–6
2025-10-12,3376,#20,30.0,7.5,30.0,214.6,2025-10-12 00:00:00,2025-10-12 04:00:00,4.0,2.1400661634962708,5.3734248390348425,6,2,False,0,22–2
2025-10-12,3377,#25,14.0,1.4,20.0,168.7,2025-10-12 06:00:00,2025-10-12 16:00:00,10.0,0.8754687373538999,5.134032172240181,6,0,True,6,6–9
2025-10-13,3390,#2,34.0,5.666666666666667,30.0,119.52,2025-10-13 16:00:00,2025-10-13 22:00:00,6.0,1.8971199848858813,4.791815714262101,0,0,False,16,15–18
2025-10-13,3391,#7,12.0,6.0,22.0,129.36,2025-10-13 15:00:00,2025-10-13 17:00:00,2.0,1.9459101490553128,4.870299853969361,0,2,False,15,15–18
2025-10-13,3388,#20,22.0,3.6666666666666665,36.0,221.91,2025-10-13 00:00:00,2025-10-13 06:00:00,6.0,1.5404450409471488,5.406768102552841,0,1,False,0,22–2
2025-10-13,3389,#21,35.0,5.0,22.0,150.81,2025-10-13 08:00:00,2025-10-13 15:00:00,7.0,1.791759469228055,5.022629738944624,0,0,False,8,6–9
2025-10-14,3402,#8,19.0,4.75,27.0,110.29,2025-10-14 00:00:00,2025-10-14 04:00:00,4.0,1.749199854809259,4.712139406985334,1,0,False,0,22–2
2025-10-14,3399,#21,44.0,6.285714285714286,34.0,159.99,2025-10-14 09:00:00,2025-10-14 16:00:00,7.0,1.9859154836690125,5.081342251254203,1,2,False,9,9–12
2025-10-14,3401,#23,21.0,3.0,32.0,179.7,2025-10-14 16:00:00,2025-10-14 23:00:00,7.0,1.3862943611198906,5.196838197598183,1,1,False,16,15–18
2025-10-15,3414,#8,37.0,5.285714285714286,30.0,230.96,2025-10-15 00:00:00,2025-10-15 07:00:00,7.0,1.838279484862948,5.44656494300824,2,1,False,0,22–2
2025-10-15,3409,#14,40.0,5.714285714285714,37.0,120.01,2025-10-15 16:00:00,2025-10-15 23:00:00,7.0,1.9042374526547452,4.7958731868099616,2,2,False,16,15–18
2025-10-15,3411,#17,11.0,11.0,37.0,204.27,2025-10-15 15:00:00,2025-10-15 16:00:00,1.0,2.4849066497880004,5.324326185729087,2,2,False,15,15–18
2025-10-15,3412,#21,26.0,3.7142857142857135,38.0,166.97,2025-10-15 08:00:00,2025-10-15 15:00:00,7.0,1.550597412411167,5.123785392028911,2,1,False,8,6–9
2025-10-16,3424,#8,34.0,5.666666666666667,37.0,164.61,2025-10-16 00:00:00,2025-10-16 06:00:00,6.0,1.8971199848858813,5.1096356266014,3,1,False,0,22–2
2025-10-16,3421,#17,51.0,6.375,33.0,133.04,2025-10-16 15:00:00,2025-10-16 23:00:00,8.0,1.9980959022258835,4.89813826286911,3,2,False,15,15–18
2025-10-16,3422,#20,31.0,4.428571428571429,25.0,126.9,2025-10-16 08:00:00,2025-10-16 15:00:00,7.0,1.6916760106710726,4.851248708584797,3,0,False,8,6–9
2025-10-17,3437,#8,15.0,3.75,29.0,179.94,2025-10-17 03:00:00,2025-10-17 07:00:00,4.0,1.55814461804655,5.198165484597595,4,0,False,3,2–6
2025-10-17,3432,#20,55.0,9.166666666666666,32.0,140.67,2025-10-17 16:00:00,2025-10-17 22:00:00,6.0,2.319114394945256,4.95350040939126,4,2,False,16,15–18
2025-10-17,3433,#21,36.0,4.5,33.0,154.77,2025-10-17 08:00:00,2025-10-17 16:00:00,8.0,1.7047480922384253,5.048380560338515,4,2,False,8,6–9
2025-10-17,3435,#23,30.0,7.5,19.0,178.81,2025-10-17 00:00:00,2025-10-17 04:00:00,4.0,2.1400661634962708,5.191900737843547,4,2,False,0,22–2
2025-10-17,3434,#22,13.0,2.6,34.0,144.81,2025-10-17 18:00:00,2025-10-17 23:00:00,5.0,1.2809338454620645,4.982304404328194,4,0,False,18,18–22
2025-10-18,3449,#4,78.0,8.666666666666666,34.0,157.2,2025-10-18 14:00:00,2025-10-18 23:00:00,9.0,2.268683541318364,5.063860055333554,5,2,False,14,12–15
2025-10-18,3445,#14,32.0,5.333333333333333,39.0,204.42,2025-10-18 08:00:00,2025-10-18 14:00:00,6.0,1.8458266904983307,5.325056663737659,5,1,False,8,6–9
2025-10-18,3447,#23,51.0,7.285714285714286,22.0,179.03,2025-10-18 00:00:00,2025-10-18 07:00:00,7.0,2.114532861491106,5.193123503669531,5,2,False,0,22–2
2025-10-19,3460,#4,94.0,8.545454545454545,39.0,162.17,2025-10-19 11:00:00,2025-10-19 22:00:00,11.0,2.256065077359153,5.094792602102979,6,2,False,11,9–12
2025-10-19,3461,#8,28.0,7.0,34.0,163.21,2025-10-19 00:00:00,2025-10-19 04:00:00,4.0,2.079441541679836,5.101146096503746,6,2,False,0,22–2
2025-10-19,3457,#17,11.0,1.5714285714285714,29.0,78.12,2025-10-19 08:00:00,2025-10-19 15:00:00,7.0,0.9444616088408514,4.370965687314457,6,0,True,8,6–9
2025-10-19,3458,#23,18.0,3.6,29.0,151.42,2025-10-19 03:00:00,2025-10-19 08:00:00,5.0,1.5260563034950494,5.026639868237972,6,0,False,3,2–6
2025-10-20,3472,#8,15.0,3.75,38.0,147.8,2025-10-20 03:00:00,2025-10-20 07:00:00,4.0,1.55814461804655,5.002603122398992,0,1,False,3,2–6
2025-10-20,3469,#20,51.0,5.666666666666667,32.0,133.85,2025-10-20 14:00:00,2025-10-20 23:00:00,9.0,1.8971199848858813,4.904163049585739,0,2,False,14,12–15
2025-10-20,3470,#21,33.0,5.5,33.0,162.28,2025-10-20 09:00:00,2025-10-20 15:00:00,6.0,1.8718021769015916,5.095466518501589,0,2,False,9,9–12
2025-10-20,3471,#23,15.0,3.75,21.0,168.51,2025-10-20 00:00:00,2025-10-20 04:00:00,4.0,1.55814461804655,5.132911922130395,0,0,False,0,22–2
2025-10-21,3480,#14,42.0,8.4,42.0,153.12,2025-10-21 16:00:00,2025-10-21 21:00:00,5.0,2.2407096892759584,5.037731519757957,1,2,False,16,15–18
2025-10-21,3481,#23,23.0,7.666666666666667,24.0,148.28,2025-10-21 01:00:00,2025-10-21 04:00:00,3.0,2.159484249353373,5.005823737099034,1,2,False,1,22–2
2025-10-22,3493,#8,17.0,4.25,39.0,159.59,2025-10-22 00:00:00,2025-10-22 04:00:00,4.0,1.6582280766035324,5.078854533073399,2,1,False,0,22–2
2025-10-22,3488,#14,34.0,5.666666666666667,38.0,142.89,2025-10-22 16:00:00,2025-10-22 22:00:00,6.0,1.8971199848858813,4.969049118775327,2,2,False,16,15–18
2025-10-22,3489,#21,28.0,3.111111111111111,31.0,119.45,2025-10-22 08:00:00,2025-10-22 17:00:00,9.0,1.413693335308005,4.79123472906088,2,0,False,8,6–9
2025-10-23,3503,#8,19.0,6.333333333333333,39.0,132.11,2025-10-23 04:00:00,2025-10-23 07:00:00,3.0,1.992430164690206,4.891175854058928,3,2,False,4,2–6
2025-10-23,3500,#20,20.0,3.333333333333333,37.0,192.55,2025-10-23 15:00:00,2025-10-23 21:00:00,6.0,1.4663370687934272,5.265535877023657,3,1,False,15,15–18
2025-10-23,3501,#21,42.0,6.0,32.0,163.57,2025-10-23 08:00:00,2025-10-23 15:00:00,7.0,1.9459101490553128,5.103336011607292,3,2,False,8,6–9
2025-10-23,3502,#23,28.0,9.333333333333334,33.0,236.3,2025-10-23 21:00:00,2025-10-24 00:00:00,3.0,2.3353749158170367,5.469325163441718,3,2,False,21,18–22
2025-10-24,3511,#12,27.0,5.4,56.0,172.34,2025-10-24 16:00:00,2025-10-24 21:00:00,5.0,1.8562979903656265,5.155254983706199,4,1,False,16,15–18
2025-10-24,3512,#20,31.0,10.333333333333334,27.0,194.57,2025-10-24 00:00:00,2025-10-24 03:00:00,3.0,2.427748235948052,5.275918371604558,4,2,False,0,22–2
2025-10-24,3513,#21,42.0,5.25,33.0,162.36,2025-10-24 08:00:00,2025-10-24 16:00:00,8.0,1.8325814637483104,5.095956354416355,4,2,False,8,6–9
2025-10-24,3514,#23,12.0,3.0,37.0,205.19,2025-10-24 03:00:00,2025-10-24 07:00:00,4.0,1.3862943611198906,5.328798073801623,4,1,False,3,2–6
2025-10-25,3526,#4,46.0,7.666666666666667,41.0,148.31,2025-10-25 10:00:00,2025-10-25 16:00:00,6.0,2.159484249353373,5.006024681538572,5,2,False,10,9–12
2025-10-25,3522,#12,39.0,6.5,48.0,176.37,2025-10-25 15:00:00,2025-10-25 21:00:00,6.0,2.0149030205422647,5.178237946217495,5,1,False,15,15–18
2025-10-25,3523,#17,12.0,6.0,20.0,103.15,2025-10-25 21:00:00,2025-10-25 23:00:00,2.0,1.9459101490553128,4.645832167706981,5,0,False,21,18–22
2025-10-25,3524,#20,27.0,6.75,28.0,122.37,2025-10-25 03:00:00,2025-10-25 07:00:00,4.0,2.0476928433652555,4.8151879700833735,5,2,False,3,2–6
2025-10-25,3525,#22,29.0,7.25,50.0,257.42,2025-10-25 00:00:00,2025-10-25 04:00:00,4.0,2.110213200346589,5.554586168294074,5,1,True,0,22–2
2025-10-26,3535,#4,38.0,3.8,41.0,176.35,2025-10-26 08:00:00,2025-10-26 18:00:00,10.0,1.5686159179138452,5.178125181219631,6,1,False,8,6–9
2025-10-26,3536,#8,23.0,5.75,22.0,200.82,2025-10-26 00:00:00,2025-10-26 04:00:00,4.0,1.9095425048844383,5.307376211036383,6,2,False,0,22–2
2025-10-26,3533,#20,17.0,4.25,36.0,120.57,2025-10-26 18:00:00,2025-10-26 22:00:00,4.0,1.6582280766035324,4.800490228567703,6,0,False,18,18–22
2025-10-26,3534,#22,16.0,4.0,48.0,223.96,2025-10-26 03:00:00,2025-10-26 07:00:00,4.0,1.6094379124341005,5.4159226086223,6,1,False,3,2–6
2025-10-27,3544,#20,37.0,3.7,32.0,155.88,2025-10-27 14:00:00,2025-10-28 00:00:00,10.0,1.547562508716013,5.055481181888091,0,0,False,14,12–15
2025-10-27,3545,#21,24.0,4.8,36.0,169.11,2025-10-27 09:00:00,2025-10-27 14:00:00,5.0,1.7578579175523736,5.136445286621491,0,1,False,9,9–12
2025-10-27,3546,#23,21.0,5.25,27.0,129.63,2025-10-27 00:00:00,2025-10-27 04:00:00,4.0,1.8325814637483104,4.872368899498472,0,0,False,0,22–2
2025-10-28,3561,#4,49.0,6.125,42.0,183.81,2025-10-28 14:00:00,2025-10-28 22:00:00,8.0,1.9636097261547143,5.219328270297665,1,1,False,14,12–15
2025-10-28,3558,#20,20.0,10.0,21.0,177.09,2025-10-28 22:00:00,2025-10-29 00:00:00,2.0,2.3978952727983707,5.182289040487914,1,2,False,22,22–2
2025-10-28,3559,#21,12.0,2.4,30.0,139.73,2025-10-28 09:00:00,2025-10-28 14:00:00,5.0,1.2237754316221157,4.946843161008476,1,0,False,9,9–12
2025-10-29,3568,#12,23.0,3.8333333333333335,48.0,214.53,2025-10-29 15:00:00,2025-10-29 21:00:00,6.0,1.575536360758419,5.3731001109917225,2,1,False,15,15–18
2025-10-29,3570,#21,26.0,3.7142857142857135,36.0,148.67,2025-10-29 08:00:00,2025-10-29 15:00:00,7.0,1.550597412411167,5.008432870541055,2,0,False,8,6–9
2025-10-29,3572,#23,18.0,6.0,31.0,211.24,2025-10-29 21:00:00,2025-10-30 00:00:00,3.0,1.9459101490553128,5.357717709829484,2,2,False,21,18–22
2025-10-30,3579,#20,56.0,7.0,31.0,151.61,2025-10-30 14:00:00,2025-10-30 22:00:00,8.0,2.079441541679836,5.027885647502783,3,2,False,14,12–15
2025-10-30,3580,#21,26.0,4.333333333333333,39.0,180.4,2025-10-30 08:00:00,2025-10-30 14:00:00,6.0,1.6739764335716716,5.200704537681037,3,1,False,8,6–9
2025-10-30,3581,#23,34.0,4.857142857142857,25.0,163.5,2025-10-30 00:00:00,2025-10-30 07:00:00,7.0,1.7676619176489945,5.1029105702054265,3,2,False,0,22–2
2025-10-31,3590,#20,37.0,4.625,34.0,147.08,2025-10-31 14:00:00,2025-10-31 22:00:00,8.0,1.727220948090484,4.997752668265242,4,2,False,14,12–15
2025-10-31,3591,#21,22.0,3.6666666666666665,28.0,142.03,2025-10-31 08:00:00,2025-10-31 14:00:00,6.0,1.5404450409471488,4.9630543984668085,4,0,False,8,6–9
2025-10-31,3593,#23,50.0,7.142857142857143,22.0,183.98,2025-10-31 00:00:00,2025-10-31 07:00:00,7.0,2.097141118779237,5.220247711126114,4,2,False,0,22–2
2025-10-31,3592,#22,11.0,1.5714285714285714,27.0,126.7,2025-10-31 16:00:00,2025-10-31 23:00:00,7.0,0.9444616088408514,4.8496837630384935,4,0,False,16,15–18
2025-11-01,3602,#4,51.0,6.375,38.0,144.66,2025-11-01 09:00:00,2025-11-01 17:00:00,8.0,1.9980959022258835,4.981275138789769,5,2,False,9,9–12
2025-11-01,3603,#7,13.0,4.333333333333333,50.0,203.5,2025-11-01 01:00:00,2025-11-01 04:00:00,3.0,1.6739764335716716,5.320567975482857,5,1,False,1,22–2
2025-11-01,3600,#23,33.0,6.6,31.0,180.72,2025-11-01 03:00:00,2025-11-01 08:00:00,5.0,2.028148247292285,5.202467040891203,5,2,False,3,2–6
2025-11-01,3601,#26,68.0,9.714285714285714,27.0,204.07,2025-11-01 17:00:00,2025-11-02 00:00:00,7.0,2.371577964480997,5.323351384267679,5,2,False,17,15–18
2025-11-02,3613,#6,16.0,2.2857142857142856,25.0,90.81,2025-11-02 07:00:00,2025-11-02 14:00:00,7.0,1.1895840668738362,4.519721224155608,6,0,False,7,6–9
2025-11-02,3614,#8,17.0,4.25,21.0,134.05,2025-11-02 03:00:00,2025-11-02 07:00:00,4.0,1.6582280766035324,4.905645080238624,6,0,False,3,2–6
2025-11-02,3611,#23,12.0,3.0,24.0,191.41,2025-11-02 00:00:00,2025-11-02 04:00:00,4.0,1.3862943611198906,5.259628511932925,6,0,False,0,22–2
2025-11-02,3612,#26,39.0,4.875,33.0,161.72,2025-11-02 15:00:00,2025-11-02 23:00:00,8.0,1.770706060030223,5.09203093230025,6,2,False,15,15–18
2025-11-03,3626,#4,44.0,5.5,34.0,155.58,2025-11-03 14:00:00,2025-11-03 22:00:00,8.0,1.8718021769015916,5.053567061479768,0,2,False,14,12–15
2025-11-03,3627,#9,17.0,4.25,22.0,175.52,2025-11-03 00:00:00,2025-11-03 04:00:00,4.0,1.6582280766035324,5.173434184401346,0,0,False,0,22–2
2025-11-03,3623,#21,23.0,4.6,26.0,114.59,2025-11-03 09:00:00,2025-11-03 14:00:00,5.0,1.7227665977411035,4.750049447306176,0,0,False,9,9–12
2025-11-03,3625,#23,13.0,2.6,21.0,164.87,2025-11-03 03:00:00,2025-11-03 08:00:00,5.0,1.2809338454620645,5.111204349017951,0,0,False,3,2–6
2025-11-04,3635,#14,22.0,3.6666666666666665,45.0,178.64,2025-11-04 15:00:00,2025-11-04 21:00:00,6.0,1.5404450409471488,5.190954848219537,1,1,False,15,15–18
2025-11-04,3636,#21,27.0,3.857142857142857,32.0,161.34,2025-11-04 09:00:00,2025-11-04 16:00:00,7.0,1.580450375560848,5.08969290133303,1,0,False,9,9–12
2025-11-04,3637,#23,17.0,4.25,21.0,207.19,2025-11-04 00:00:00,2025-11-04 04:00:00,4.0,1.6582280766035324,5.338451124287682,1,2,False,0,22–2
2025-11-05,3650,#8,17.0,4.25,30.0,187.97,2025-11-05 00:00:00,2025-11-05 04:00:00,4.0,1.6582280766035324,5.241588272301947,2,1,False,0,22–2
2025-11-05,3646,#21,20.0,3.333333333333333,24.0,131.08,2025-11-05 08:00:00,2025-11-05 14:00:00,6.0,1.4663370687934272,4.883407799611873,2,0,False,8,6–9
2025-11-05,3648,#26,31.0,3.4444444444444446,33.0,126.88,2025-11-05 14:00:00,2025-11-05 23:00:00,9.0,1.491654876777717,4.851092324191641,2,0,False,14,12–15
2025-11-06,3663,#8,31.0,5.166666666666667,36.0,202.97,2025-11-06 00:00:00,2025-11-06 06:00:00,6.0,1.8191584434161692,5.317972924206478,3,1,False,0,22–2
2025-11-06,3660,#20,28.0,4.0,25.0,135.37,2025-11-06 15:00:00,2025-11-06 22:00:00,7.0,1.6094379124341005,4.915371779869743,3,0,False,15,15–18
2025-11-06,3661,#21,29.000000000000004,4.142857142857143,37.0,192.54,2025-11-06 08:00:00,2025-11-06 15:00:00,7.0,1.637608789400797,5.265484209452796,3,1,False,8,6–9
2025-11-07,3676,#8,15.0,3.75,55.0,164.93,2025-11-07 03:00:00,2025-11-07 07:00:00,4.0,1.55814461804655,5.111566012674697,4,1,False,3,2–6
2025-11-07,3671,#12,33.0,6.6,61.0,184.6,2025-11-07 16:00:00,2025-11-07 21:00:00,5.0,2.028148247292285,5.2235938203521,4,1,True,16,15–18
2025-11-07,3672,#21,53.0,6.625,35.0,166.87,2025-11-07 08:00:00,2025-11-07 16:00:00,8.0,2.031432322493475,5.123189870334323,4,2,False,8,6–9
2025-11-07,3673,#23,23.0,5.75,23.0,197.05,2025-11-07 00:00:00,2025-11-07 04:00:00,4.0,1.9095425048844383,5.288519524067926,4,2,False,0,22–2
2025-11-08,3686,#6,21.0,2.625,54.0,221.11,2025-11-08 07:00:00,2025-11-08 15:00:00,8.0,1.2878542883066382,5.403172754650417,5,1,True,7,6–9
2025-11-08,3684,#12,70.0,7.777777777777778,42.0,165.02,2025-11-08 12:00:00,2025-11-08 21:00:00,9.0,2.172223275130802,5.112108263026889,5,1,False,12,12–15
2025-11-08,3685,#23,50.0,6.25,27.0,227.62,2025-11-08 00:00:00,2025-11-08 08:00:00,8.0,1.9810014688665836,5.432061236597632,5,2,False,0,22–2
2025-11-09,3695,#4,26.0,5.2,30.0,178.68,2025-11-09 10:00:00,2025-11-09 15:00:00,5.0,1.8245492920510455,5.191177490990133,6,2,False,10,9–12
2025-11-09,3696,#8,12.0,3.0,35.0,200.59,2025-11-09 00:00:00,2025-11-09 04:00:00,4.0,1.3862943611198906,5.306235931792332,6,1,False,0,22–2
2025-11-09,3693,#20,31.0,4.428571428571429,39.0,177.48,2025-11-09 15:00:00,2025-11-09 22:00:00,7.0,1.6916760106710726,5.184476550124277,6,1,False,15,15–18
2025-11-09,3694,#23,15.0,3.75,50.0,148.46,2025-11-09 03:00:00,2025-11-09 07:00:00,4.0,1.55814461804655,5.007028798502144,6,1,False,3,2–6
2025-11-10,3705,#20,46.0,6.571428571428571,47.0,186.14,2025-11-10 15:00:00,2025-11-10 22:00:00,7.0,2.0243817644968085,5.231856999847767,0,1,False,15,15–18
2025-11-10,3706,#21,27.0,3.857142857142857,30.0,129.59,2025-11-10 08:00:00,2025-11-10 15:00:00,7.0,1.580450375560848,4.872062644232316,0,0,False,8,6–9
2025-11-10,3707,#23,29.0,7.25,20.0,187.65,2025-11-10 00:00:00,2025-11-10 04:00:00,4.0,2.110213200346589,5.23989344641032,0,2,False,0,22–2
2025-11-11,3717,#20,37.0,4.625,34.0,143.13,2025-11-11 15:00:00,2025-11-11 23:00:00,8.0,1.727220948090484,4.970715670095012,1,0,False,15,15–18
2025-11-11,3718,#21,35.0,5.0,39.0,179.84,2025-11-11 08:00:00,2025-11-11 15:00:00,7.0,1.791759469228055,5.197612662426405,1,1,False,8,6–9
2025-11-12,3732,#8,14.0,3.5,45.0,124.76,2025-11-12 03:00:00,2025-11-12 07:00:00,4.0,1.5040773967762742,4.834375328680896,2,1,False,3,2–6
2025-11-12,3728,#14,24.0,3.4285714285714284,42.0,221.15,2025-11-12 15:00:00,2025-11-12 22:00:00,7.0,1.4880770554298328,5.403352829381918,2,1,False,15,15–18
2025-11-12,3730,#21,37.0,4.625,30.0,179.03,2025-11-12 08:00:00,2025-11-12 16:00:00,8.0,1.727220948090484,5.193123503669531,2,2,False,8,6–9
2025-11-12,3731,#23,15.0,3.75,18.0,139.69,2025-11-12 00:00:00,2025-11-12 04:00:00,4.0,1.55814461804655,4.946558888389122,2,0,False,0,22–2
2025-11-13,3744,#8,16.0,4.0,43.0,227.63,2025-11-13 00:00:00,2025-11-13 04:00:00,4.0,1.6094379124341005,5.432104976346135,3,1,False,0,22–2
2025-11-13,3740,#20,36.0,5.142857142857143,37.0,180.5,2025-11-13 15:00:00,2025-11-13 22:00:00,7.0,1.8152899666382487,5.201255653704905,3,1,False,15,15–18
2025-11-13,3741,#21,35.0,5.0,38.0,151.03,2025-11-13 08:00:00,2025-11-13 15:00:00,7.0,1.791759469228055,5.024077869792745,3,1,False,8,6–9
2025-11-13,3742,#23,13.0,2.6,28.0,131.28,2025-11-13 03:00:00,2025-11-13 08:00:00,5.0,1.2809338454620645,4.884920888113592,3,0,False,3,2–6
2025-11-14,3754,#8,11.0,3.6666666666666665,41.0,115.51,2025-11-14 04:00:00,2025-11-14 07:00:00,3.0,1.5404450409471488,4.757977106231849,4,0,False,4,2–6
2025-11-14,3755,#9,29.000000000000004,4.142857142857143,27.0,188.79,2025-11-14 08:00:00,2025-11-14 15:00:00,7.0,1.637608789400797,5.2459181977488285,4,2,False,8,6–9
2025-11-14,3751,#19,33.0,6.6,33.0,130.27,2025-11-14 15:00:00,2025-11-14 20:00:00,5.0,2.028148247292285,4.877256270815316,4,2,False,15,15–18
2025-11-14,3752,#23,25.0,8.333333333333334,23.0,252.43,2025-11-14 21:00:00,2025-11-15 00:00:00,3.0,2.2335922215070942,5.535087650776903,4,2,False,21,18–22
2025-11-15,3765,#4,56.0,6.222222222222222,33.0,145.85,2025-11-15 13:00:00,2025-11-15 22:00:00,9.0,1.9771626925594177,4.989411657644629,5,2,False,13,12–15
2025-11-15,3763,#23,55.0,7.857142857142857,26.0,211.44,2025-11-15 00:00:00,2025-11-15 07:00:00,7.0,2.181224235989778,5.358659595554198,5,2,False,0,22–2
2025-11-15,3764,#25,16.0,2.0,75.0,225.13,2025-11-15 06:00:00,2025-11-15 14:00:00,8.0,1.0986122886681096,5.421110055134903,5,1,True,6,6–9
2025-11-16,3775,#4,27.0,5.4,29.0,129.36,2025-11-16 15:00:00,2025-11-16 20:00:00,5.0,1.8562979903656265,4.870299853969361,6,0,False,15,15–18
2025-11-16,3776,#7,17.0,8.5,13.0,99.35,2025-11-16 22:00:00,2025-11-17 00:00:00,2.0,2.2512917986064958,4.608664075242347,6,2,True,22,22–2
2025-11-16,3777,#9,17.0,3.4,45.0,178.54,2025-11-16 18:00:00,2025-11-16 23:00:00,5.0,1.4816045409242156,5.190398024328543,6,1,False,18,18–22
2025-11-16,3773,#23,30.0,5.0,28.0,269.97,2025-11-16 01:00:00,2025-11-16 07:00:00,6.0,1.791759469228055,5.60200811364487,6,1,False,1,22–2
2025-11-16,3774,#25,31.0,3.4444444444444446,36.0,219.0,2025-11-16 06:00:00,2025-11-16 15:00:00,9.0,1.491654876777717,5.393627546352361,6,1,False,6,6–9
2025-11-17,3788,#4,71.0,8.875,30.0,132.15,2025-11-17 15:00:00,2025-11-17 23:00:00,8.0,2.2900063107871858,4.891476312259941,0,2,False,15,15–18
2025-11-17,3789,#8,23.0,5.75,33.0,273.36,2025-11-17 00:00:00,2025-11-17 04:00:00,4.0,1.9095425048844383,5.614441112631121,0,1,False,0,22–2
2025-11-17,3785,#21,33.0,4.714285714285714,36.0,173.43,2025-11-17 08:00:00,2025-11-17 15:00:00,7.0,1.742969305058623,5.161523515030043,0,1,False,8,6–9
2025-11-17,3787,#23,23.0,5.75,25.0,112.55,2025-11-17 03:00:00,2025-11-17 07:00:00,4.0,1.9095425048844383,4.732243268551567,0,0,False,3,2–6
2025-11-17,3786,#22,29.000000000000004,4.142857142857143,28.0,100.82,2025-11-17 14:00:00,2025-11-17 21:00:00,7.0,1.637608789400797,4.62320654847419,0,0,False,14,12–15
2025-11-18,3800,#8,18.0,3.6,33.0,127.48,2025-11-18 00:00:00,2025-11-18 05:00:00,5.0,1.5260563034950494,4.855773250198451,1,0,False,0,22–2
2025-11-18,3797,#20,27.0,4.5,38.0,206.06,2025-11-18 16:00:00,2025-11-18 22:00:00,6.0,1.7047480922384253,5.333008606337967,1,1,False,16,15–18
2025-11-18,3798,#21,37.0,5.285714285714286,42.0,172.22,2025-11-18 09:00:00,2025-11-18 16:00:00,7.0,1.838279484862948,5.1545624629028985,1,1,False,9,9–12
2025-11-19,3809,#8,23.0,3.2857142857142856,35.0,165.54,2025-11-19 00:00:00,2025-11-19 07:00:00,7.0,1.455287232606842,5.115235520807673,2,1,False,0,22–2
2025-11-19,3806,#14,29.0,4.833333333333333,32.0,200.72,2025-11-19 16:00:00,2025-11-19 22:00:00,6.0,1.7635885922613586,5.306880597208525,2,1,False,16,15–18
2025-11-19,3808,#21,32.0,4.0,26.0,175.04,2025-11-19 08:00:00,2025-11-19 16:00:00,8.0,1.6094379124341005,5.17071124194289,2,0,False,8,6–9
2025-11-20,3818,#4,34.0,4.25,34.0,178.27,2025-11-20 14:00:00,2025-11-20 22:00:00,8.0,1.6582280766035324,5.188893049266747,3,1,False,14,12–15
2025-11-20,3820,#8,21.0,3.5,25.0,162.67,2025-11-20 00:00:00,2025-11-20 06:00:00,6.0,1.5040773967762742,5.097852205517793,3,0,False,0,22–2
2025-11-20,3816,#21,23.0,3.8333333333333335,28.0,151.45,2025-11-20 08:00:00,2025-11-20 14:00:00,6.0,1.575536360758419,5.026836673434263,3,0,False,8,6–9
2025-11-21,3827,#20,59.0,7.375,32.0,137.74,2025-11-21 14:00:00,2025-11-21 22:00:00,8.0,2.12525107771113,4.932601677957155,4,2,False,14,12–15
2025-11-21,3828,#21,21.0,3.5,31.0,152.89,2025-11-21 08:00:00,2025-11-21 14:00:00,6.0,1.5040773967762742,5.0362380614757605,4,0,False,8,6–9
2025-11-21,3829,#23,28.0,7.0,32.0,242.73,2025-11-21 00:00:00,2025-11-21 04:00:00,4.0,2.079441541679836,5.496061055229514,4,1,False,0,22–2
2025-11-22,3841,#4,39.0,4.875,41.0,160.05,2025-11-22 14:00:00,2025-11-22 22:00:00,8.0,1.770706060030223,5.081714875777208,5,1,False,14,12–15
2025-11-22,3838,#14,25.0,6.25,37.0,185.47,2025-11-22 10:00:00,2025-11-22 14:00:00,4.0,1.9810014688665836,5.228270368236002,5,1,False,10,9–12
2025-11-22,3840,#23,26.0,3.7142857142857135,20.0,226.83,2025-11-22 00:00:00,2025-11-22 07:00:00,7.0,1.550597412411167,5.428599736810959,5,2,False,0,22–2
2025-11-22,3839,#22,26.0,2.888888888888889,41.0,164.8,2025-11-22 14:00:00,2025-11-22 23:00:00,9.0,1.3581234841531944,5.110782242701195,5,1,False,14,12–15
2025-11-23,3851,#4,39.0,4.333333333333333,38.0,183.06,2025-11-23 13:00:00,2025-11-23 22:00:00,9.0,1.6739764335716716,5.215261791410711,6,1,False,13,12–15
2025-11-23,3852,#7,20.0,2.5,29.0,166.32,2025-11-23 06:00:00,2025-11-23 14:00:00,8.0,1.252762968495368,5.119908146573998,6,0,False,6,6–9
2025-11-23,3853,#8,20.0,5.0,34.0,157.79,2025-11-23 00:00:00,2025-11-23 04:00:00,4.0,1.791759469228055,5.067582574538005,6,2,False,0,22–2
2025-11-23,3850,#23,19.0,4.75,30.0,155.16,2025-11-23 03:00:00,2025-11-23 07:00:00,4.0,1.749199854809259,5.050881122664783,6,2,False,3,2–6
2025-11-24,3862,#4,40.0,4.444444444444445,30.0,140.8,2025-11-24 14:00:00,2025-11-24 23:00:00,9.0,1.6945957207744071,4.954417614098027,0,0,False,14,12–15
2025-11-24,3863,#8,26.0,4.333333333333333,37.0,114.78,2025-11-24 00:00:00,2025-11-24 06:00:00,6.0,1.6739764335716716,4.751691838650858,0,0,False,0,22–2
2025-11-24,3861,#21,26.0,5.2,30.0,150.46,2025-11-24 10:00:00,2025-11-24 15:00:00,5.0,1.8245492920510455,5.020321563685677,0,2,False,10,9–12
2025-11-25,3872,#4,35.0,3.888888888888889,31.0,154.85,2025-11-25 14:00:00,2025-11-25 23:00:00,9.0,1.5869650565820417,5.048894006213346,1,0,False,14,12–15
2025-11-25,3873,#8,21.0,5.25,26.0,126.85,2025-11-25 01:00:00,2025-11-25 05:00:00,4.0,1.8325814637483104,4.850857701737196,1,0,False,1,22–2
2025-11-25,3870,#21,22.0,4.4,32.0,175.12,2025-11-25 09:00:00,2025-11-25 14:00:00,5.0,1.6863989535702286,5.171165580887553,1,1,False,9,9–12
2025-11-25,3871,#22,12.0,1.7142857142857142,34.0,158.16,2025-11-25 15:00:00,2025-11-25 22:00:00,7.0,0.9985288301111273,5.069909985558728,1,0,False,15,15–18
2025-11-26,3884,#8,12.0,3.0,27.0,188.23,2025-11-26 03:00:00,2025-11-26 07:00:00,4.0,1.3862943611198906,5.242963206415959,2,0,False,3,2–6
2025-11-26,3881,#14,42.0,7.0,45.0,196.71,2025-11-26 16:00:00,2025-11-26 22:00:00,6.0,2.079441541679836,5.286801310586789,2,1,False,16,15–18
2025-11-26,3882,#21,38.0,6.333333333333333,29.0,158.15,2025-11-26 10:00:00,2025-11-26 16:00:00,6.0,1.992430164690206,5.069847153728102,2,2,False,10,9–12
2025-11-27,3896,#7,23.0,5.75,20.0,131.36,2025-11-27 00:00:00,2025-11-27 04:00:00,4.0,1.9095425048844383,4.885525483053412,3,0,False,0,22–2
2025-11-27,3891,#14,28.0,5.6,36.0,148.03,2025-11-27 18:00:00,2025-11-27 23:00:00,5.0,1.88706964903238,5.004147627960702,3,2,False,18,18–22
2025-11-27,3892,#19,19.0,6.333333333333333,36.0,140.93,2025-11-27 15:00:00,2025-11-27 18:00:00,3.0,1.992430164690206,4.955333978311167,3,2,False,15,15–18
2025-11-27,3893,#21,23.0,3.8333333333333335,32.0,162.88,2025-11-27 09:00:00,2025-11-27 15:00:00,6.0,1.575536360758419,5.09913445267867,3,0,False,9,9–12
2025-11-28,3904,#17,24.0,4.0,49.0,208.47,2025-11-28 15:00:00,2025-11-28 21:00:00,6.0,1.6094379124341005,5.344580531017675,4,1,False,15,15–18
2025-11-28,3905,#20,23.0,5.75,27.0,113.53,2025-11-28 18:00:00,2025-11-28 22:00:00,4.0,1.9095425048844383,4.740836797409625,4,0,False,18,18–22
2025-11-28,3906,#21,42.0,5.25,31.0,107.68,2025-11-28 08:00:00,2025-11-28 16:00:00,8.0,1.8325814637483104,4.688407784558147,4,0,False,8,6–9
2025-11-28,3908,#23,49.0,7.0,22.0,192.81,2025-11-28 00:00:00,2025-11-28 07:00:00,7.0,2.079441541679836,5.2668782977126565,4,2,False,0,22–2
2025-11-29,3915,#14,21.0,3.0,35.0,175.25,2025-11-29 08:00:00,2025-11-29 15:00:00,7.0,1.3862943611198906,5.171903441692378,5,1,False,8,6–9
2025-11-29,3916,#20,64.0,9.142857142857142,34.0,169.24,2025-11-29 15:00:00,2025-11-29 22:00:00,7.0,2.316769727986002,5.13720920615328,5,2,False,15,15–18
2025-11-29,3918,#23,81.0,13.5,26.0,226.49,2025-11-29 00:00:00,2025-11-29 06:00:00,6.0,2.6741486494265287,5.427106281380954,5,2,True,0,22–2
2025-11-29,3919,#25,23.0,2.555555555555556,29.0,215.11,2025-11-29 14:00:00,2025-11-29 23:00:00,9.0,1.2685113254635072,5.375787537314936,5,1,False,14,12–15
2025-11-30,3931,#4,58.0,6.444444444444445,36.0,151.91,2025-11-30 14:00:00,2025-11-30 23:00:00,9.0,2.0074680420547466,5.02984951302006,6,2,False,14,12–15
2025-11-30,3933,#8,15.0,3.75,35.0,129.79,2025-11-30 00:00:00,2025-11-30 04:00:00,4.0,1.55814461804655,4.8735929835010605,6,0,False,0,22–2
2025-11-30,3928,#14,15.0,5.0,30.0,179.23,2025-11-30 11:00:00,2025-11-30 14:00:00,3.0,1.791759469228055,5.194233813004714,6,2,False,11,9–12
2025-12-01,3943,#8,36.0,4.5,26.0,194.44,2025-12-01 00:00:00,2025-12-01 08:00:00,8.0,1.7047480922384253,5.275253426949485,0,2,False,0,22–2
2025-12-01,3940,#20,38.0,4.222222222222222,41.0,144.81,2025-12-01 14:00:00,2025-12-01 23:00:00,9.0,1.652923024373839,4.982304404328194,0,1,False,14,12–15
2025-12-01,3941,#21,29.0,4.833333333333333,28.0,124.45,2025-12-01 08:00:00,2025-12-01 14:00:00,6.0,1.7635885922613586,4.831907272812432,0,0,False,8,6–9
2025-12-02,3953,#8,21.0,4.2,24.0,241.49,2025-12-02 00:00:00,2025-12-02 05:00:00,5.0,1.6486586255873816,5.490960472413863,1,1,False,0,22–2
2025-12-02,3951,#21,39.0,4.875,33.0,155.44,2025-12-02 08:00:00,2025-12-02 16:00:00,8.0,1.770706060030223,5.052672549887314,1,2,False,8,6–9
2025-12-02,3952,#26,33.0,5.5,33.0,144.82,2025-12-02 16:00:00,2025-12-02 22:00:00,6.0,1.8718021769015916,4.9823729843782845,1,2,False,16,15–18
2025-12-03,3964,#8,35.0,5.0,27.0,171.38,2025-12-03 00:00:00,2025-12-03 07:00:00,7.0,1.791759469228055,5.149701342219253,2,2,False,0,22–2
2025-12-03,3960,#14,39.0,6.5,30.0,134.23,2025-12-03 16:00:00,2025-12-03 22:00:00,6.0,2.0149030205422647,4.906977032485268,2,2,False,16,15–18
2025-12-03,3961,#21,45.0,6.428571428571429,44.0,181.16,2025-12-03 09:00:00,2025-12-03 16:00:00,7.0,2.005333569526114,5.204885421755484,2,1,False,9,9–12
2025-12-04,3972,#20,47.0,5.222222222222222,28.0,137.93,2025-12-04 14:00:00,2025-12-04 23:00:00,9.0,1.8281271133989296,4.93397020916077,3,2,False,14,12–15
2025-12-04,3973,#21,26.0,5.2,47.0,231.65,2025-12-04 09:00:00,2025-12-04 14:00:00,5.0,1.8245492920510455,5.449535178290658,3,1,False,9,9–12
2025-12-04,3974,#23,15.0,7.5,15.0,206.84,2025-12-04 22:00:00,2025-12-05 00:00:00,2.0,2.1400661634962708,5.3367685529222895,3,2,False,22,22–2
2025-12-05,3982,#20,48.0,5.333333333333333,39.0,149.3,2025-12-05 14:00:00,2025-12-05 23:00:00,9.0,1.8458266904983307,5.012633296758929,4,1,False,14,12–15
2025-12-05,3983,#21,16.0,3.2,23.0,192.97,2025-12-05 09:00:00,2025-12-05 14:00:00,5.0,1.4350845252893227,5.2677035079302,4,0,False,9,9–12
2025-12-05,3985,#23,49.0,8.166666666666666,25.0,199.97,2025-12-05 00:00:00,2025-12-05 06:00:00,6.0,2.215573716004416,5.303155643188286,4,2,False,0,22–2
2025-12-05,3984,#22,11.0,1.5714285714285714,33.0,88.66,2025-12-05 15:00:00,2025-12-05 22:00:00,7.0,0.9444616088408514,4.496024738727294,4,0,True,15,15–18
2025-12-06,3994,#14,32.0,6.4,51.0,230.08,2025-12-06 09:00:00,2025-12-06 14:00:00,5.0,2.0014800002101243,5.442763970913065,5,1,False,9,9–12
2025-12-06,3996,#20,88.0,11.0,36.0,191.78,2025-12-06 14:00:00,2025-12-06 22:00:00,8.0,2.4849066497880004,5.261549642355822,5,2,False,14,12–15
2025-12-06,3997,#23,44.0,6.285714285714286,26.0,118.74,2025-12-06 00:00:00,2025-12-06 07:00:00,7.0,1.9859154836690125,4.785322725497206,5,2,False,0,22–2
2025-12-07,4008,#4,32.0,3.2,42.0,174.19,2025-12-07 09:00:00,2025-12-07 19:00:00,10.0,1.4350845252893227,5.165871099247731,6,1,False,9,9–12
2025-12-07,4009,#8,12.0,3.0,28.0,294.17,2025-12-07 00:00:00,2025-12-07 04:00:00,4.0,1.3862943611198906,5.687551461545784,6,1,False,0,22–2
2025-12-07,4006,#20,21.0,5.25,24.0,159.5,2025-12-07 18:00:00,2025-12-07 22:00:00,4.0,1.8325814637483104,5.07829394257007,6,2,False,18,18–22
2025-12-07,4007,#23,31.0,7.75,44.0,155.97,2025-12-07 03:00:00,2025-12-07 07:00:00,4.0,2.169053700369523,5.056054704287115,6,1,False,3,2–6
2025-12-08,4019,#8,25.0,3.571428571428572,41.0,105.75,2025-12-08 00:00:00,2025-12-08 07:00:00,7.0,1.5198257537444133,4.670489652108734,0,0,False,0,22–2
2025-12-08,4017,#21,16.0,3.2,51.0,208.62,2025-12-08 09:00:00,2025-12-08 14:00:00,5.0,1.4350845252893227,5.345296367742032,0,1,False,9,9–12
2025-12-08,4018,#22,43.0,4.777777777777778,33.0,153.87,2025-12-08 14:00:00,2025-12-08 23:00:00,9.0,1.754019141245208,5.042586055328084,0,2,False,14,12–15
2025-12-09,4030,#8,25.0,5.0,35.0,192.55,2025-12-09 00:00:00,2025-12-09 05:00:00,5.0,1.791759469228055,5.265535877023657,1,1,False,0,22–2
2025-12-09,4027,#20,52.0,5.777777777777778,36.0,146.53,2025-12-09 14:00:00,2025-12-09 23:00:00,9.0,1.913649286837092,4.994031544929475,1,2,False,14,12–15
2025-12-09,4028,#21,59.0,8.428571428571429,23.0,123.03,2025-12-09 08:00:00,2025-12-09 15:00:00,7.0,2.243744592971112,4.820523471827238,1,2,False,8,6–9
2025-12-10,4040,#8,36.0,4.5,35.0,168.59,2025-12-10 00:00:00,2025-12-10 08:00:00,8.0,1.7047480922384253,5.1333837593553096,2,1,False,0,22–2
2025-12-10,4037,#14,28.0,4.666666666666667,40.0,148.31,2025-12-10 16:00:00,2025-12-10 22:00:00,6.0,1.7346010553881064,5.006024681538572,2,1,False,16,15–18
2025-12-10,4039,#21,42.0,6.0,40.0,174.76,2025-12-10 09:00:00,2025-12-10 16:00:00,7.0,1.9459101490553128,5.169119428076355,2,1,False,9,9–12
2025-12-11,4048,#20,43.0,6.142857142857143,44.0,147.13,2025-12-11 15:00:00,2025-12-11 22:00:00,7.0,1.9661128563728327,4.998090266593961,3,1,False,15,15–18
2025-12-11,4049,#21,30.0,4.285714285714286,34.0,141.18,2025-12-11 08:00:00,2025-12-11 15:00:00,7.0,1.6650077635889111,4.957093860501337,3,0,False,8,6–9
2025-12-11,4050,#23,17.0,4.25,22.0,125.5,2025-12-11 00:00:00,2025-12-11 04:00:00,4.0,1.6582280766035324,4.840242308167575,3,0,False,0,22–2
2025-12-12,4059,#12,72.0,12.0,41.0,152.54,2025-12-12 15:00:00,2025-12-12 21:00:00,6.0,2.5649493574615367,5.033961119399752,4,2,False,15,15–18
2025-12-12,4061,#21,37.0,4.625,38.0,154.7,2025-12-12 08:00:00,2025-12-12 16:00:00,8.0,1.727220948090484,5.0479310788399525,4,1,False,8,6–9
2025-12-12,4062,#23,40.0,13.333333333333334,28.0,264.53,2025-12-12 21:00:00,2025-12-13 00:00:00,3.0,2.662587827025453,5.581727828648895,4,2,True,21,18–22
2025-12-13,4070,#12,62.0,8.857142857142858,41.0,130.27,2025-12-13 14:00:00,2025-12-13 21:00:00,7.0,2.2881963555419462,4.877256270815316,5,2,False,14,12–15
2025-12-13,4071,#14,22.0,3.6666666666666665,47.0,157.05,2025-12-13 08:00:00,2025-12-13 14:00:00,6.0,1.5404450409471488,5.062911438661627,5,1,False,8,6–9
2025-12-13,4072,#23,44.0,7.333333333333333,31.0,247.17,2025-12-13 00:00:00,2025-12-13 06:00:00,6.0,2.120263536200091,5.514113995199193,5,1,False,0,22–2
2025-12-13,4073,#25,15.0,2.142857142857143,26.0,89.52,2025-12-13 16:00:00,2025-12-13 23:00:00,7.0,1.1451323043030026,4.505570820765336,5,0,False,16,15–18
2025-12-14,4083,#4,64.0,6.4,36.0,134.54,2025-12-14 11:00:00,2025-12-14 21:00:00,10.0,2.0014800002101243,4.909266799707967,6,2,False,11,9–12
2025-12-14,4084,#7,19.0,4.75,33.0,217.05,2025-12-14 00:00:00,2025-12-14 04:00:00,4.0,1.749199854809259,5.384724394288775,6,1,False,0,22–2
2025-12-14,4082,#23,20.0,6.666666666666667,34.0,183.55,2025-12-14 04:00:00,2025-12-14 07:00:00,3.0,2.03688192726104,5.217920429476008,6,2,False,4,2–6
2025-12-15,4094,#20,53.0,6.625,37.0,152.59,2025-12-15 14:00:00,2025-12-15 22:00:00,8.0,2.031432322493475,5.0342867144275365,0,2,False,14,12–15
2025-12-15,4095,#21,23.0,5.75,26.0,102.42,2025-12-15 10:00:00,2025-12-15 14:00:00,4.0,1.9095425048844383,4.638798366968075,0,0,False,10,9–12
2025-12-15,4096,#23,14.0,7.0,30.0,274.64,2025-12-15 22:00:00,2025-12-16 00:00:00,2.0,2.079441541679836,5.619095666489007,0,1,False,22,22–2
2025-12-16,4109,#8,14.0,3.5,36.0,243.44,2025-12-16 00:00:00,2025-12-16 04:00:00,4.0,1.5040773967762742,5.498969880026714,1,1,False,0,22–2
2025-12-16,4106,#20,37.0,6.166666666666667,59.0,243.93,2025-12-16 16:00:00,2025-12-16 22:00:00,6.0,1.9694406464655076,5.50097245543491,1,1,True,16,15–18
2025-12-16,4107,#21,40.0,6.666666666666667,33.0,170.3,2025-12-16 10:00:00,2025-12-16 16:00:00,6.0,2.03688192726104,5.143416405330075,1,2,False,10,9–12
2025-12-17,4120,#8,11.0,3.6666666666666665,35.0,201.02,2025-12-17 04:00:00,2025-12-17 07:00:00,3.0,1.5404450409471488,5.308366702401038,2,1,False,4,2–6
2025-12-17,4116,#14,32.0,5.333333333333333,45.0,188.0,2025-12-17 16:00:00,2025-12-17 22:00:00,6.0,1.8458266904983307,5.241747015059643,2,1,False,16,15–18
2025-12-17,4118,#21,36.0,4.5,30.0,152.23,2025-12-17 08:00:00,2025-12-17 16:00:00,8.0,1.7047480922384253,5.031940060590085,2,0,False,8,6–9
2025-12-17,4119,#23,18.0,4.5,28.0,242.06,2025-12-17 00:00:00,2025-12-17 04:00:00,4.0,1.7047480922384253,5.493308326442654,2,1,False,0,22–2
2025-12-18,4132,#8,25.0,6.25,29.0,235.45,2025-12-18 00:00:00,2025-12-18 04:00:00,4.0,1.9810014688665836,5.465736769089885,3,2,False,0,22–2
2025-12-18,4129,#20,78.0,9.75,30.0,155.78,2025-12-18 14:00:00,2025-12-18 22:00:00,8.0,2.374905754573672,5.0548435487605765,3,2,False,14,12–15
2025-12-18,4130,#21,27.0,5.4,24.0,162.66,2025-12-18 09:00:00,2025-12-18 14:00:00,5.0,1.8562979903656265,5.097791105099236,3,2,False,9,9–12
2025-12-18,4131,#25,24.0,4.8,24.0,124.13,2025-12-18 03:00:00,2025-12-18 08:00:00,5.0,1.7578579175523736,4.829353196876964,3,0,False,3,2–6
2025-12-19,4144,#8,11.0,3.6666666666666665,56.0,179.37,2025-12-19 04:00:00,2025-12-19 07:00:00,3.0,1.5404450409471488,5.195010296682108,4,1,False,4,2–6
2025-12-19,4140,#20,76.0,9.5,37.0,168.81,2025-12-19 14:00:00,2025-12-19 22:00:00,8.0,2.3513752571634776,5.13468016495821,4,2,False,14,12–15
2025-12-19,4141,#21,42.0,8.4,26.0,122.99,2025-12-19 09:00:00,2025-12-19 14:00:00,5.0,2.2407096892759584,4.820200917191751,4,2,False,9,9–12
2025-12-19,4142,#23,32.0,8.0,29.0,224.47,2025-12-19 00:00:00,2025-12-19 04:00:00,4.0,2.19722457733622,5.418187112398421,4,2,False,0,22–2
2025-12-20,4156,#8,30.0,10.0,30.0,238.37,2025-12-20 21:00:00,2025-12-21 00:00:00,3.0,2.3978952727983707,5.478010471988299,5,2,False,21,18–22
2025-12-20,4151,#12,62.0,8.857142857142858,42.0,150.68,2025-12-20 14:00:00,2025-12-20 21:00:00,7.0,2.2881963555419462,5.021773038506712,5,2,False,14,12–15
2025-12-20,4152,#14,30.0,5.0,39.0,223.56,2025-12-20 08:00:00,2025-12-20 14:00:00,6.0,1.791759469228055,5.414142932053627,5,1,False,8,6–9
2025-12-20,4155,#27,15.0,1.875,56.0,100.84,2025-12-20 14:00:00,2025-12-20 22:00:00,8.0,1.0560526742493137,4.623402954249151,5,1,True,14,12–15
2025-12-21,4167,#8,17.0,4.25,30.0,126.61,2025-12-21 04:00:00,2025-12-21 08:00:00,4.0,1.6582280766035324,4.848978737745885,6,0,False,4,2–6
2025-12-21,4163,#12,63.0,9.0,34.0,138.85,2025-12-21 14:00:00,2025-12-21 21:00:00,7.0,2.302585092994046,4.940570419647969,6,2,False,14,12–15
2025-12-21,4164,#20,18.0,2.571428571428572,28.0,133.07,2025-12-21 08:00:00,2025-12-21 15:00:00,7.0,1.2729656758128876,4.89836205161347,6,0,False,8,6–9
2025-12-21,4165,#23,23.0,7.666666666666667,30.0,231.19,2025-12-21 21:00:00,2025-12-22 00:00:00,3.0,2.159484249353373,5.447556002014275,6,2,False,21,18–22
2025-12-22,4178,#8,24.0,8.0,24.0,170.25,2025-12-22 21:00:00,2025-12-23 00:00:00,3.0,2.19722457733622,5.143124477142335,0,2,False,21,18–22
2025-12-22,4174,#12,87.0,10.875,39.0,176.17,2025-12-22 13:00:00,2025-12-22 21:00:00,8.0,2.474435349920705,5.177109723612346,0,2,False,13,12–15
2025-12-22,4175,#14,15.0,3.75,31.0,157.46,2025-12-22 09:00:00,2025-12-22 13:00:00,4.0,1.55814461804655,5.065502195537096,0,0,False,9,9–12
2025-12-23,4186,#21,37.0,6.166666666666667,31.0,143.54,2025-12-23 09:00:00,2025-12-23 15:00:00,6.0,1.9694406464655076,4.973556285854835,1,2,False,9,9–12
2025-12-23,4187,#23,19.0,4.75,27.0,226.95,2025-12-23 00:00:00,2025-12-23 04:00:00,4.0,1.749199854809259,5.42912630665945,1,1,False,0,22–2
2025-12-23,4188,#27,57.0,7.125,47.0,168.99,2025-12-23 14:00:00,2025-12-23 22:00:00,8.0,2.094945728215801,5.135739611790679,1,1,False,14,12–15
2025-12-24,4197,#4,86.0,12.285714285714286,45.0,246.5,2025-12-24 15:00:00,2025-12-24 22:00:00,7.0,2.586689344097943,5.511410582008745,2,1,True,15,15–18
2025-12-24,4195,#20,45.0,6.428571428571429,44.0,223.82,2025-12-24 08:00:00,2025-12-24 15:00:00,7.0,2.005333569526114,5.415300082033651,2,1,False,8,6–9
2025-12-24,4196,#23,31.0,4.428571428571429,24.0,290.42,2025-12-24 00:00:00,2025-12-24 07:00:00,7.0,1.6916760106710726,5.674765525585708,2,1,False,0,22–2
2025-12-25,4208,#4,90.0,12.857142857142858,47.0,229.72,2025-12-25 15:00:00,2025-12-25 22:00:00,7.0,2.6288008294480694,5.4412048540965845,3,1,True,15,15–18
2025-12-25,4205,#20,33.0,4.714285714285714,38.0,233.53,2025-12-25 08:00:00,2025-12-25 15:00:00,7.0,1.742969305058623,5.457583511473486,3,1,False,8,6–9
2025-12-25,4207,#27,19.0,4.75,33.0,335.99,2025-12-25 00:00:00,2025-12-25 04:00:00,4.0,1.749199854809259,5.820053256321588,3,1,False,0,22–2
2025-12-26,4220,#8,27.0,9.0,32.0,227.76,2025-12-26 21:00:00,2025-12-27 00:00:00,3.0,2.302585092994046,5.432673419047116,4,2,False,21,18–22
2025-12-26,4216,#12,57.0,9.5,33.0,182.6,2025-12-26 15:00:00,2025-12-26 21:00:00,6.0,2.3513752571634776,5.21275947818639,4,2,False,15,15–18
2025-12-26,4217,#20,37.0,4.625,32.0,133.18,2025-12-26 07:00:00,2025-12-26 15:00:00,8.0,1.727220948090484,4.899182182134742,4,0,False,7,6–9
2025-12-26,4218,#27,24.0,6.0,35.0,170.28,2025-12-26 03:00:00,2025-12-26 07:00:00,4.0,1.9459101490553128,5.143299644281427,4,2,False,3,2–6
2025-12-27,4230,#4,69.0,8.625,34.0,146.08,2025-12-27 14:00:00,2025-12-27 22:00:00,8.0,2.264363880173848,4.990976656433071,5,2,False,14,12–15
2025-12-27,4227,#14,23.0,4.6,37.0,160.36,2025-12-27 09:00:00,2025-12-27 14:00:00,5.0,1.7227665977411035,5.083637893645957,5,1,False,9,9–12
2025-12-27,4228,#17,20.0,5.0,28.0,263.53,2025-12-27 00:00:00,2025-12-27 04:00:00,4.0,1.791759469228055,5.577954666416711,5,1,False,0,22–2
2025-12-28,4245,#8,24.0,6.0,26.0,233.67,2025-12-28 00:00:00,2025-12-28 04:00:00,4.0,1.9459101490553128,5.458180271934504,6,2,False,0,22–2
2025-12-28,4240,#12,56.0,8.0,36.0,152.02,2025-12-28 14:00:00,2025-12-28 21:00:00,7.0,2.19722457733622,5.030568631803706,6,2,False,14,12–15
2025-12-28,4241,#17,18.0,4.5,42.0,202.22,2025-12-28 03:00:00,2025-12-28 07:00:00,4.0,1.7047480922384253,5.314289136057735,6,1,False,3,2–6
2025-12-28,4243,#24,23.0,4.6,43.0,152.55,2025-12-28 09:00:00,2025-12-28 14:00:00,5.0,1.7227665977411035,5.034026246886832,6,1,False,9,9–12
2025-12-29,4254,#4,60.0,8.571428571428571,36.0,163.73,2025-12-29 15:00:00,2025-12-29 22:00:00,7.0,2.2587824703356527,5.104307769958891,0,2,False,15,15–18
2025-12-29,4255,#8,29.0,3.625,35.0,266.87,2025-12-29 00:00:00,2025-12-29 08:00:00,8.0,1.5314763709643886,5.590501788197235,0,1,False,0,22–2
2025-12-29,4253,#21,32.0,4.0,33.0,147.64,2025-12-29 08:00:00,2025-12-29 16:00:00,8.0,1.6094379124341005,5.001527275065528,0,0,False,8,6–9
2025-12-30,4265,#20,44.0,6.285714285714286,42.0,175.62,2025-12-30 15:00:00,2025-12-30 22:00:00,7.0,1.9859154836690125,5.174000532040656,1,1,False,15,15–18
2025-12-30,4266,#21,26.0,3.7142857142857135,27.0,146.89,2025-12-30 09:00:00,2025-12-30 16:00:00,7.0,1.550597412411167,4.996468754178678,1,0,False,9,9–12
2025-12-30,4267,#23,25.0,6.25,28.0,307.53,2025-12-30 00:00:00,2025-12-30 04:00:00,4.0,1.9810014688665836,5.731819083350057,1,1,False,0,22–2
2025-12-31,4278,#4,102.0,12.75,37.0,172.8,2025-12-31 15:00:00,2025-12-31 23:00:00,8.0,2.6210388241125804,5.157905212831292,2,2,False,15,15–18
2025-12-31,4274,#21,42.0,6.0,37.0,167.57,2025-12-31 08:00:00,2025-12-31 15:00:00,7.0,1.9459101490553128,5.127351093792217,2,1,False,8,6–9
2025-12-31,4275,#23,31.0,7.75,27.0,150.76,2025-12-31 03:00:00,2025-12-31 07:00:00,4.0,2.169053700369523,5.022300325626759,2,2,False,3,2–6
2025-12-31,4276,#25,39.0,19.5,46.0,214.69,2025-12-31 22:00:00,2026-01-01 00:00:00,2.0,3.0204248861443626,5.3738421916342825,2,2,True,22,22–2
