datum,ID,zamestnanec,pocet_transakci,transakce_za_hod,SOS_sec,AGC,smena_zacatek,smena_konec,trvani_hodin
2025-01-01,2,#1,93.0,13.285714285714286,38.0,173.92,2025-01-01 15:00:00,2025-01-01 22:00:00,7.0
2025-01-01,6,#7,34.0,17.0,22.0,157.05,2025-01-01 22:00:00,2025-01-02 00:00:00,2.0
2025-01-01,1,#11,3.0,0.75,4.0,108.44,2025-01-01 15:00:00,2025-01-01 19:00:00,4.0
2025-01-01,3,#21,34.0,4.857142857142857,41.0,198.08,2025-01-01 08:00:00,2025-01-01 15:00:00,7.0
2025-01-01,4,#23,52.0,10.4,30.0,214.72,2025-01-01 03:00:00,2025-01-01 08:00:00,5.0
2025-01-01,5,#30,2.0,1.0,15.0,52.19,2025-01-01 00:00:00,2025-01-01 02:00:00,2.0
2025-01-02,17,#2,35.0,5.0,28.0,129.6,2025-01-02 15:00:00,2025-01-02 22:00:00,7.0
2025-01-02,18,#3,26.0,6.5,28.0,154.25,2025-01-02 00:00:00,2025-01-02 04:00:00,4.0
2025-01-02,19,#7,15.0,3.75,27.0,208.79,2025-01-02 03:00:00,2025-01-02 07:00:00,4.0
2025-01-02,14,#11,30.0,3.75,29.0,134.09,2025-01-02 14:00:00,2025-01-02 22:00:00,8.0
2025-01-02,15,#21,33.0,4.714285714285714,40.0,220.14,2025-01-02 08:00:00,2025-01-02 15:00:00,7.0
2025-01-02,16,#22,1.0,1.0,15.0,26.79,2025-01-02 23:00:00,2025-01-03 00:00:00,1.0
2025-01-03,31,#2,12.0,2.4,38.0,157.52,2025-01-03 15:00:00,2025-01-03 20:00:00,5.0
2025-01-03,32,#3,27.0,3.857142857142857,27.0,174.01,2025-01-03 00:00:00,2025-01-03 07:00:00,7.0
2025-01-03,27,#15,51.0,6.375,45.0,212.0,2025-01-03 14:00:00,2025-01-03 22:00:00,8.0
2025-01-03,28,#16,1.0,1.0,12.0,104.02,2025-01-03 07:00:00,2025-01-03 08:00:00,1.0
2025-01-03,29,#21,40.0,5.714285714285714,37.0,194.99,2025-01-03 08:00:00,2025-01-03 15:00:00,7.0
2025-01-03,30,#22,3.0,1.5,23.0,78.05,2025-01-03 22:00:00,2025-01-04 00:00:00,2.0
2025-01-04,43,#3,21.0,5.25,29.0,133.96,2025-01-04 03:00:00,2025-01-04 07:00:00,4.0
2025-01-04,44,#5,83.0,10.375,44.0,217.24,2025-01-04 14:00:00,2025-01-04 22:00:00,8.0
2025-01-04,39,#11,1.0,1.0,53.0,563.44,2025-01-04 20:00:00,2025-01-04 21:00:00,1.0
2025-01-04,40,#15,21.0,3.5,33.0,138.46,2025-01-04 08:00:00,2025-01-04 14:00:00,6.0
2025-01-04,41,#16,2.0,0.6666666666666666,22.0,114.88,2025-01-04 10:00:00,2025-01-04 13:00:00,3.0
2025-01-04,42,#29,22.0,5.5,26.0,140.03,2025-01-04 00:00:00,2025-01-04 04:00:00,4.0
2025-01-05,55,#2,1.0,1.0,78.0,513.19,2025-01-05 07:00:00,2025-01-05 08:00:00,1.0
2025-01-05,56,#5,51.0,6.375,38.0,180.03,2025-01-05 14:00:00,2025-01-05 22:00:00,8.0
2025-01-05,57,#7,22.0,5.5,20.0,135.54,2025-01-05 00:00:00,2025-01-05 04:00:00,4.0
2025-01-05,51,#11,1.0,1.0,21.0,29.02,2025-01-05 18:00:00,2025-01-05 19:00:00,1.0
2025-01-05,52,#22,1.0,1.0,30.0,268.77,2025-01-05 22:00:00,2025-01-05 23:00:00,1.0
2025-01-05,53,#26,20.0,3.3333333333333335,37.0,187.72,2025-01-05 08:00:00,2025-01-05 14:00:00,6.0
2025-01-05,54,#29,17.0,3.4,20.0,123.35,2025-01-05 03:00:00,2025-01-05 08:00:00,5.0
2025-01-06,66,#2,5.0,1.0,28.0,65.58,2025-01-06 08:00:00,2025-01-06 13:00:00,5.0
2025-01-06,67,#5,67.0,7.444444444444445,42.0,175.84,2025-01-06 13:00:00,2025-01-06 22:00:00,9.0
2025-01-06,68,#7,20.0,2.5,25.0,146.17,2025-01-06 00:00:00,2025-01-06 08:00:00,8.0
2025-01-06,64,#11,6.0,3.0,43.0,194.47,2025-01-06 16:00:00,2025-01-06 18:00:00,2.0
2025-01-06,65,#21,21.0,3.5,40.0,173.07,2025-01-06 08:00:00,2025-01-06 14:00:00,6.0
2025-01-07,76,#2,6.0,2.0,21.0,128.13,2025-01-07 00:00:00,2025-01-07 03:00:00,3.0
2025-01-07,78,#3,13.0,3.25,29.0,147.75,2025-01-07 00:00:00,2025-01-07 04:00:00,4.0
2025-01-07,79,#5,52.0,6.5,34.0,189.05,2025-01-07 14:00:00,2025-01-07 22:00:00,8.0
2025-01-07,80,#7,13.0,4.333333333333333,13.0,119.32,2025-01-07 03:00:00,2025-01-07 06:00:00,3.0
2025-01-07,75,#21,32.0,4.571428571428571,29.0,140.65,2025-01-07 08:00:00,2025-01-07 15:00:00,7.0
2025-01-07,77,#30,6.0,0.8571428571428571,48.0,291.83,2025-01-07 14:00:00,2025-01-07 21:00:00,7.0
2025-01-08,90,#3,40.0,5.714285714285714,30.0,145.37,2025-01-08 00:00:00,2025-01-08 07:00:00,7.0
2025-01-08,91,#6,3.0,1.5,9.0,83.21,2025-01-08 06:00:00,2025-01-08 08:00:00,2.0
2025-01-08,92,#9,59.0,8.428571428571429,25.0,168.75,2025-01-08 16:00:00,2025-01-08 23:00:00,7.0
2025-01-08,87,#11,2.0,0.6666666666666666,41.0,318.3,2025-01-08 16:00:00,2025-01-08 19:00:00,3.0
2025-01-08,88,#21,42.0,5.25,36.0,186.51,2025-01-08 08:00:00,2025-01-08 16:00:00,8.0
2025-01-08,89,#25,5.0,2.5,31.0,83.13,2025-01-08 01:00:00,2025-01-08 03:00:00,2.0
2025-01-09,104,#3,3.0,1.5,15.0,145.43,2025-01-09 04:00:00,2025-01-09 06:00:00,2.0
2025-01-09,99,#21,54.0,6.0,29.0,187.08,2025-01-09 07:00:00,2025-01-09 16:00:00,9.0
2025-01-09,101,#23,27.0,6.75,34.0,140.2,2025-01-09 00:00:00,2025-01-09 04:00:00,4.0
2025-01-09,100,#22,13.0,1.625,25.0,158.19,2025-01-09 15:00:00,2025-01-09 23:00:00,8.0
2025-01-09,102,#25,5.0,1.25,11.0,74.26,2025-01-09 04:00:00,2025-01-09 08:00:00,4.0
2025-01-09,103,#29,21.0,3.5,36.0,174.12,2025-01-09 16:00:00,2025-01-09 22:00:00,6.0
2025-01-10,115,#2,2.0,2.0,20.0,68.58,2025-01-10 07:00:00,2025-01-10 08:00:00,1.0
2025-01-10,117,#3,23.0,7.666666666666667,24.0,159.15,2025-01-10 21:00:00,2025-01-11 00:00:00,3.0
2025-01-10,111,#17,42.0,6.0,52.0,149.65,2025-01-10 14:00:00,2025-01-10 21:00:00,7.0
2025-01-10,112,#21,28.0,4.666666666666667,38.0,194.15,2025-01-10 08:00:00,2025-01-10 14:00:00,6.0
2025-01-10,114,#23,8.0,2.0,31.0,79.67,2025-01-10 03:00:00,2025-01-10 07:00:00,4.0
2025-01-10,113,#22,19.0,2.375,25.0,137.39,2025-01-10 14:00:00,2025-01-10 22:00:00,8.0
2025-01-10,116,#30,13.0,6.5,31.0,135.98,2025-01-10 00:00:00,2025-01-10 02:00:00,2.0
2025-01-11,126,#2,4.0,1.3333333333333333,17.0,128.3,2025-01-11 18:00:00,2025-01-11 21:00:00,3.0
2025-01-11,128,#3,35.0,5.0,31.0,166.1,2025-01-11 00:00:00,2025-01-11 07:00:00,7.0
2025-01-11,129,#4,19.0,4.75,26.0,127.91,2025-01-11 11:00:00,2025-01-11 15:00:00,4.0
2025-01-11,124,#11,24.0,3.4285714285714284,42.0,147.71,2025-01-11 07:00:00,2025-01-11 14:00:00,7.0
2025-01-11,127,#30,6.0,3.0,18.0,86.44,2025-01-11 22:00:00,2025-01-12 00:00:00,2.0
2025-01-11,125,#26,39.0,5.571428571428571,34.0,183.59,2025-01-11 15:00:00,2025-01-11 22:00:00,7.0
2025-01-12,140,#2,1.0,1.0,70.0,140.95,2025-01-12 23:00:00,2025-01-13 00:00:00,1.0
2025-01-12,142,#7,21.0,7.0,17.0,126.1,2025-01-12 00:00:00,2025-01-12 03:00:00,3.0
2025-01-12,136,#11,4.0,1.3333333333333333,30.0,159.94,2025-01-12 15:00:00,2025-01-12 18:00:00,3.0
2025-01-12,137,#17,20.0,5.0,42.0,184.75,2025-01-12 11:00:00,2025-01-12 15:00:00,4.0
2025-01-12,138,#22,7.0,1.4,21.0,125.36,2025-01-12 06:00:00,2025-01-12 11:00:00,5.0
2025-01-12,141,#30,11.0,2.75,44.0,165.93,2025-01-12 03:00:00,2025-01-12 07:00:00,4.0
2025-01-12,139,#26,34.0,4.857142857142857,30.0,158.28,2025-01-12 15:00:00,2025-01-12 22:00:00,7.0
2025-01-13,153,#7,28.0,4.0,21.0,108.85,2025-01-13 00:00:00,2025-01-13 07:00:00,7.0
2025-01-13,154,#9,25.0,4.166666666666667,23.0,131.35,2025-01-13 14:00:00,2025-01-13 20:00:00,6.0
2025-01-13,149,#11,10.0,1.4285714285714286,38.0,177.87,2025-01-13 15:00:00,2025-01-13 22:00:00,7.0
2025-01-13,150,#16,1.0,1.0,13.0,143.14,2025-01-13 07:00:00,2025-01-13 08:00:00,1.0
2025-01-13,151,#21,27.0,4.5,38.0,184.52,2025-01-13 08:00:00,2025-01-13 14:00:00,6.0
2025-01-13,152,#25,5.0,2.5,18.0,57.91,2025-01-13 22:00:00,2025-01-14 00:00:00,2.0
2025-01-14,165,#3,14.0,3.5,23.0,106.9,2025-01-14 00:00:00,2025-01-14 04:00:00,4.0
2025-01-14,166,#6,16.0,2.2857142857142856,41.0,168.3,2025-01-14 08:00:00,2025-01-14 15:00:00,7.0
2025-01-14,167,#7,3.0,3.0,47.0,189.29,2025-01-14 04:00:00,2025-01-14 05:00:00,1.0
2025-01-14,162,#21,20.0,4.0,28.0,143.15,2025-01-14 09:00:00,2025-01-14 14:00:00,5.0
2025-01-14,164,#30,8.0,1.1428571428571428,19.0,125.09,2025-01-14 14:00:00,2025-01-14 21:00:00,7.0
2025-01-14,163,#29,33.0,4.714285714285714,22.0,125.91,2025-01-14 15:00:00,2025-01-14 22:00:00,7.0
2025-01-15,178,#2,47.0,5.875,25.0,145.29,2025-01-15 14:00:00,2025-01-15 22:00:00,8.0
2025-01-15,179,#3,12.0,3.0,25.0,117.02,2025-01-15 03:00:00,2025-01-15 07:00:00,4.0
2025-01-15,180,#6,8.0,2.6666666666666665,22.0,152.55,2025-01-15 15:00:00,2025-01-15 18:00:00,3.0
2025-01-15,174,#11,4.0,1.3333333333333333,61.0,126.84,2025-01-15 07:00:00,2025-01-15 10:00:00,3.0
2025-01-15,175,#21,31.0,5.166666666666667,36.0,148.96,2025-01-15 08:00:00,2025-01-15 14:00:00,6.0
2025-01-15,176,#23,8.0,2.6666666666666665,54.0,125.55,2025-01-15 00:00:00,2025-01-15 03:00:00,3.0
2025-01-15,177,#25,4.0,1.3333333333333333,11.0,61.16,2025-01-15 01:00:00,2025-01-15 04:00:00,3.0
2025-01-16,190,#2,3.0,1.5,15.0,175.48,2025-01-16 19:00:00,2025-01-16 21:00:00,2.0
2025-01-16,191,#7,21.0,5.25,25.0,138.14,2025-01-16 00:00:00,2025-01-16 04:00:00,4.0
2025-01-16,192,#9,5.0,1.6666666666666667,26.0,233.79,2025-01-16 11:00:00,2025-01-16 14:00:00,3.0
2025-01-16,187,#21,42.0,6.0,44.0,138.66,2025-01-16 09:00:00,2025-01-16 16:00:00,7.0
2025-01-16,188,#23,6.0,1.5,19.0,140.97,2025-01-16 03:00:00,2025-01-16 07:00:00,4.0
2025-01-16,189,#29,42.0,7.0,26.0,117.74,2025-01-16 16:00:00,2025-01-16 22:00:00,6.0
2025-01-17,202,#2,32.0,4.0,25.0,137.29,2025-01-17 14:00:00,2025-01-17 22:00:00,8.0
2025-01-17,203,#7,28.0,7.0,20.0,129.52,2025-01-17 00:00:00,2025-01-17 04:00:00,4.0
2025-01-17,204,#9,3.0,1.5,21.0,157.06,2025-01-17 12:00:00,2025-01-17 14:00:00,2.0
2025-01-17,199,#21,24.0,4.0,30.0,166.04,2025-01-17 09:00:00,2025-01-17 15:00:00,6.0
2025-01-17,200,#22,9.0,3.0,24.0,130.42,2025-01-17 03:00:00,2025-01-17 06:00:00,3.0
2025-01-17,201,#25,23.0,2.5555555555555554,27.0,136.76,2025-01-17 14:00:00,2025-01-17 23:00:00,9.0
2025-01-18,213,#1,54.0,6.75,27.0,176.42,2025-01-18 14:00:00,2025-01-18 22:00:00,8.0
2025-01-18,216,#3,29.0,7.25,24.0,170.55,2025-01-18 00:00:00,2025-01-18 04:00:00,4.0
2025-01-18,217,#4,21.0,3.5,32.0,129.04,2025-01-18 08:00:00,2025-01-18 14:00:00,6.0
2025-01-18,218,#7,27.0,6.75,25.0,134.66,2025-01-18 03:00:00,2025-01-18 07:00:00,4.0
2025-01-18,212,#11,2.0,2.0,28.0,141.67,2025-01-18 10:00:00,2025-01-18 11:00:00,1.0
2025-01-18,214,#22,1.0,1.0,16.0,13.39,2025-01-18 22:00:00,2025-01-18 23:00:00,1.0
2025-01-18,215,#30,13.0,2.6,21.0,117.41,2025-01-18 17:00:00,2025-01-18 22:00:00,5.0
2025-01-19,227,#2,3.0,1.5,25.0,284.44,2025-01-19 21:00:00,2025-01-19 23:00:00,2.0
2025-01-19,229,#3,18.0,3.6,16.0,108.83,2025-01-19 03:00:00,2025-01-19 08:00:00,5.0
2025-01-19,230,#7,37.0,5.285714285714286,22.0,159.95,2025-01-19 16:00:00,2025-01-19 23:00:00,7.0
2025-01-19,225,#23,14.0,3.5,44.0,164.44,2025-01-19 00:00:00,2025-01-19 04:00:00,4.0
2025-01-19,228,#30,10.0,3.3333333333333335,21.0,98.01,2025-01-19 00:00:00,2025-01-19 03:00:00,3.0
2025-01-19,226,#26,26.0,5.2,35.0,173.09,2025-01-19 11:00:00,2025-01-19 16:00:00,5.0
2025-01-20,238,#1,55.0,6.111111111111111,25.0,143.36,2025-01-20 13:00:00,2025-01-20 22:00:00,9.0
2025-01-20,241,#2,7.0,1.1666666666666667,29.0,118.48,2025-01-20 16:00:00,2025-01-20 22:00:00,6.0
2025-01-20,243,#7,13.0,4.333333333333333,27.0,152.73,2025-01-20 21:00:00,2025-01-21 00:00:00,3.0
2025-01-20,244,#9,2.0,1.0,15.0,129.02,2025-01-20 10:00:00,2025-01-20 12:00:00,2.0
2025-01-20,239,#21,23.0,3.8333333333333335,39.0,163.46,2025-01-20 08:00:00,2025-01-20 14:00:00,6.0
2025-01-20,240,#23,16.0,4.0,24.0,129.13,2025-01-20 03:00:00,2025-01-20 07:00:00,4.0
2025-01-20,242,#30,1.0,1.0,54.0,575.5,2025-01-20 01:00:00,2025-01-20 02:00:00,1.0
2025-01-21,254,#6,6.0,6.0,69.0,183.89,2025-01-21 19:00:00,2025-01-21 20:00:00,1.0
2025-01-21,255,#7,22.0,4.4,20.0,160.93,2025-01-21 00:00:00,2025-01-21 05:00:00,5.0
2025-01-21,256,#9,3.0,3.0,20.0,62.28,2025-01-21 10:00:00,2025-01-21 11:00:00,1.0
2025-01-21,251,#21,50.0,6.25,26.0,150.45,2025-01-21 08:00:00,2025-01-21 16:00:00,8.0
2025-01-21,252,#22,3.0,3.0,41.0,327.48,2025-01-21 22:00:00,2025-01-21 23:00:00,1.0
2025-01-21,253,#29,31.0,5.166666666666667,35.0,227.26,2025-01-21 16:00:00,2025-01-21 22:00:00,6.0
2025-01-22,266,#7,37.0,5.285714285714286,21.0,156.5,2025-01-22 00:00:00,2025-01-22 07:00:00,7.0
2025-01-22,267,#9,6.0,1.5,30.0,208.96,2025-01-22 10:00:00,2025-01-22 14:00:00,4.0
2025-01-22,263,#14,41.0,5.857142857142857,42.0,164.73,2025-01-22 15:00:00,2025-01-22 22:00:00,7.0
2025-01-22,264,#21,42.0,6.0,38.0,185.66,2025-01-22 09:00:00,2025-01-22 16:00:00,7.0
2025-01-22,265,#30,5.0,1.0,26.0,157.52,2025-01-22 17:00:00,2025-01-22 22:00:00,5.0
2025-01-23,276,#3,22.0,5.5,29.0,166.07,2025-01-23 00:00:00,2025-01-23 04:00:00,4.0
2025-01-23,277,#6,4.0,4.0,27.0,157.59,2025-01-23 10:00:00,2025-01-23 11:00:00,1.0
2025-01-23,278,#7,12.0,4.0,24.0,92.81,2025-01-23 04:00:00,2025-01-23 07:00:00,3.0
2025-01-23,279,#9,10.0,1.6666666666666667,28.0,110.16,2025-01-23 16:00:00,2025-01-23 22:00:00,6.0
2025-01-23,274,#21,30.0,5.0,27.0,186.32,2025-01-23 08:00:00,2025-01-23 14:00:00,6.0
2025-01-23,275,#26,50.0,5.555555555555555,37.0,199.26,2025-01-23 14:00:00,2025-01-23 23:00:00,9.0
2025-01-24,291,#3,16.0,4.0,26.0,121.52,2025-01-24 03:00:00,2025-01-24 07:00:00,4.0
2025-01-24,292,#9,27.0,3.375,30.0,173.16,2025-01-24 15:00:00,2025-01-24 23:00:00,8.0
2025-01-24,286,#13,34.0,8.5,38.0,175.05,2025-01-24 00:00:00,2025-01-24 04:00:00,4.0
2025-01-24,287,#16,2.0,0.6666666666666666,21.0,102.56,2025-01-24 11:00:00,2025-01-24 14:00:00,3.0
2025-01-24,288,#21,25.0,4.166666666666667,42.0,165.47,2025-01-24 08:00:00,2025-01-24 14:00:00,6.0
2025-01-24,289,#22,1.0,1.0,19.0,146.35,2025-01-24 02:00:00,2025-01-24 03:00:00,1.0
2025-01-24,290,#26,44.0,5.5,34.0,179.24,2025-01-24 14:00:00,2025-01-24 22:00:00,8.0
2025-01-25,303,#3,53.0,7.571428571428571,27.0,147.76,2025-01-25 16:00:00,2025-01-25 23:00:00,7.0
2025-01-25,304,#6,1.0,1.0,32.0,52.68,2025-01-25 06:00:00,2025-01-25 07:00:00,1.0
2025-01-25,305,#7,44.0,5.5,22.0,150.43,2025-01-25 08:00:00,2025-01-25 16:00:00,8.0
2025-01-25,299,#13,17.0,5.666666666666667,23.0,103.64,2025-01-25 04:00:00,2025-01-25 07:00:00,3.0
2025-01-25,301,#23,31.0,7.75,23.0,150.28,2025-01-25 00:00:00,2025-01-25 04:00:00,4.0
2025-01-25,300,#22,2.0,2.0,37.0,443.89,2025-01-25 22:00:00,2025-01-25 23:00:00,1.0
2025-01-25,302,#30,36.0,4.5,29.0,150.71,2025-01-25 14:00:00,2025-01-25 22:00:00,8.0
2025-01-26,314,#2,5.0,1.0,37.0,257.1,2025-01-26 14:00:00,2025-01-26 19:00:00,5.0
2025-01-26,316,#3,43.0,6.142857142857143,31.0,167.75,2025-01-26 15:00:00,2025-01-26 22:00:00,7.0
2025-01-26,317,#7,24.0,4.8,22.0,177.5,2025-01-26 10:00:00,2025-01-26 15:00:00,5.0
2025-01-26,313,#23,38.0,5.428571428571429,25.0,134.64,2025-01-26 00:00:00,2025-01-26 07:00:00,7.0
2025-01-26,312,#22,5.0,2.5,33.0,156.97,2025-01-26 22:00:00,2025-01-27 00:00:00,2.0
2025-01-26,315,#30,6.0,3.0,31.0,129.53,2025-01-26 06:00:00,2025-01-26 08:00:00,2.0
2025-01-27,325,#1,61.0,7.625,25.0,175.15,2025-01-27 14:00:00,2025-01-27 22:00:00,8.0
2025-01-27,328,#3,22.0,5.5,31.0,184.56,2025-01-27 00:00:00,2025-01-27 04:00:00,4.0
2025-01-27,329,#7,25.0,4.166666666666667,20.0,119.92,2025-01-27 08:00:00,2025-01-27 14:00:00,6.0
2025-01-27,324,#16,2.0,2.0,19.0,49.42,2025-01-27 10:00:00,2025-01-27 11:00:00,1.0
2025-01-27,326,#23,18.0,3.6,21.0,149.09,2025-01-27 03:00:00,2025-01-27 08:00:00,5.0
2025-01-27,327,#25,2.0,2.0,34.0,166.07,2025-01-27 01:00:00,2025-01-27 02:00:00,1.0
2025-01-28,340,#3,6.0,6.0,31.0,134.92,2025-01-28 04:00:00,2025-01-28 05:00:00,1.0
2025-01-28,341,#7,27.0,9.0,27.0,159.96,2025-01-28 00:00:00,2025-01-28 03:00:00,3.0
2025-01-28,336,#16,3.0,3.0,20.0,50.0,2025-01-28 11:00:00,2025-01-28 12:00:00,1.0
2025-01-28,337,#21,47.0,5.875,39.0,169.72,2025-01-28 08:00:00,2025-01-28 16:00:00,8.0
2025-01-28,339,#30,25.0,5.0,28.0,126.64,2025-01-28 14:00:00,2025-01-28 19:00:00,5.0
2025-01-28,338,#29,14.0,2.3333333333333335,30.0,160.78,2025-01-28 16:00:00,2025-01-28 22:00:00,6.0
2025-01-29,352,#3,23.0,5.75,22.0,145.9,2025-01-29 00:00:00,2025-01-29 04:00:00,4.0
2025-01-29,353,#7,8.0,2.6666666666666665,10.0,93.92,2025-01-29 04:00:00,2025-01-29 07:00:00,3.0
2025-01-29,354,#9,5.0,1.6666666666666667,40.0,165.32,2025-01-29 00:00:00,2025-01-29 03:00:00,3.0
2025-01-29,348,#21,25.0,3.5714285714285716,25.0,112.39,2025-01-29 08:00:00,2025-01-29 15:00:00,7.0
2025-01-29,350,#23,36.0,5.142857142857143,28.0,157.54,2025-01-29 16:00:00,2025-01-29 23:00:00,7.0
2025-01-29,349,#22,6.0,2.0,24.0,114.27,2025-01-29 10:00:00,2025-01-29 13:00:00,3.0
2025-01-29,351,#25,17.0,2.125,31.0,138.82,2025-01-29 15:00:00,2025-01-29 23:00:00,8.0
2025-01-30,365,#3,29.0,5.8,25.0,128.55,2025-01-30 00:00:00,2025-01-30 05:00:00,5.0
2025-01-30,366,#9,6.0,2.0,20.0,109.77,2025-01-30 00:00:00,2025-01-30 03:00:00,3.0
2025-01-30,361,#11,5.0,1.0,24.0,72.14,2025-01-30 15:00:00,2025-01-30 20:00:00,5.0
2025-01-30,362,#21,26.0,4.333333333333333,31.0,139.56,2025-01-30 08:00:00,2025-01-30 14:00:00,6.0
2025-01-30,363,#25,2.0,1.0,11.0,50.39,2025-01-30 06:00:00,2025-01-30 08:00:00,2.0
2025-01-30,364,#26,55.0,6.111111111111111,29.0,142.79,2025-01-30 14:00:00,2025-01-30 23:00:00,9.0
2025-01-31,373,#1,38.0,7.6,27.0,168.69,2025-01-31 16:00:00,2025-01-31 21:00:00,5.0
2025-01-31,376,#3,38.0,5.428571428571429,22.0,110.44,2025-01-31 00:00:00,2025-01-31 07:00:00,7.0
2025-01-31,377,#6,2.0,2.0,5.0,66.46,2025-01-31 07:00:00,2025-01-31 08:00:00,1.0
2025-01-31,378,#9,7.0,2.3333333333333335,21.0,90.12,2025-01-31 00:00:00,2025-01-31 03:00:00,3.0
2025-01-31,374,#21,39.0,4.875,28.0,171.3,2025-01-31 08:00:00,2025-01-31 16:00:00,8.0
2025-01-31,375,#22,14.0,2.0,35.0,153.26,2025-01-31 16:00:00,2025-01-31 23:00:00,7.0
2025-02-01,386,#1,38.0,4.75,35.0,159.97,2025-02-01 08:00:00,2025-02-01 16:00:00,8.0
2025-02-01,387,#2,3.0,1.5,39.0,150.85,2025-02-01 01:00:00,2025-02-01 03:00:00,2.0
2025-02-01,389,#3,34.0,4.25,21.0,140.52,2025-02-01 00:00:00,2025-02-01 08:00:00,8.0
2025-02-01,390,#9,5.0,1.6666666666666667,58.0,435.99,2025-02-01 04:00:00,2025-02-01 07:00:00,3.0
2025-02-01,385,#15,31.0,4.428571428571429,32.0,177.52,2025-02-01 15:00:00,2025-02-01 22:00:00,7.0
2025-02-01,388,#30,13.0,1.8571428571428572,34.0,167.32,2025-02-01 14:00:00,2025-02-01 21:00:00,7.0
2025-02-02,398,#1,39.0,5.571428571428571,27.0,164.03,2025-02-02 08:00:00,2025-02-02 15:00:00,7.0
2025-02-02,399,#2,3.0,3.0,16.0,66.5,2025-02-02 04:00:00,2025-02-02 05:00:00,1.0
2025-02-02,401,#3,40.0,5.714285714285714,26.0,140.94,2025-02-02 00:00:00,2025-02-02 07:00:00,7.0
2025-02-02,402,#7,51.0,6.375,29.0,195.2,2025-02-02 15:00:00,2025-02-02 23:00:00,8.0
2025-02-02,400,#30,4.0,4.0,28.0,153.94,2025-02-02 21:00:00,2025-02-02 22:00:00,1.0
2025-02-03,412,#2,2.0,2.0,20.0,168.61,2025-02-03 05:00:00,2025-02-03 06:00:00,1.0
2025-02-03,413,#3,6.0,2.0,10.0,97.88,2025-02-03 03:00:00,2025-02-03 06:00:00,3.0
2025-02-03,414,#5,41.0,4.555555555555555,27.0,147.18,2025-02-03 13:00:00,2025-02-03 22:00:00,9.0
2025-02-03,415,#7,25.0,6.25,20.0,112.25,2025-02-03 00:00:00,2025-02-03 04:00:00,4.0
2025-02-03,416,#9,2.0,1.0,7.0,84.38,2025-02-03 06:00:00,2025-02-03 08:00:00,2.0
2025-02-03,409,#21,29.0,4.833333333333333,29.0,142.36,2025-02-03 08:00:00,2025-02-03 14:00:00,6.0
2025-02-03,410,#22,6.0,3.0,29.0,166.41,2025-02-03 16:00:00,2025-02-03 18:00:00,2.0
2025-02-03,411,#25,1.0,1.0,21.0,71.27,2025-02-03 00:00:00,2025-02-03 01:00:00,1.0
2025-02-04,423,#1,42.0,4.666666666666667,35.0,167.63,2025-02-04 13:00:00,2025-02-04 22:00:00,9.0
2025-02-04,427,#3,13.0,3.25,27.0,86.22,2025-02-04 00:00:00,2025-02-04 04:00:00,4.0
2025-02-04,428,#7,9.0,3.0,40.0,144.34,2025-02-04 03:00:00,2025-02-04 06:00:00,3.0
2025-02-04,429,#9,6.0,2.0,19.0,86.3,2025-02-04 09:00:00,2025-02-04 12:00:00,3.0
2025-02-04,424,#21,26.0,8.666666666666666,31.0,125.18,2025-02-04 11:00:00,2025-02-04 14:00:00,3.0
2025-02-04,425,#22,7.0,1.75,17.0,110.71,2025-02-04 15:00:00,2025-02-04 19:00:00,4.0
2025-02-04,426,#25,6.0,3.0,17.0,75.58,2025-02-04 01:00:00,2025-02-04 03:00:00,2.0
2025-02-05,440,#5,66.0,7.333333333333333,37.0,166.74,2025-02-05 13:00:00,2025-02-05 22:00:00,9.0
2025-02-05,441,#7,4.0,1.0,9.0,57.59,2025-02-05 10:00:00,2025-02-05 14:00:00,4.0
2025-02-05,436,#11,2.0,0.6666666666666666,27.0,87.98,2025-02-05 15:00:00,2025-02-05 18:00:00,3.0
2025-02-05,437,#21,35.0,5.0,30.0,138.29,2025-02-05 07:00:00,2025-02-05 14:00:00,7.0
2025-02-05,438,#23,8.0,4.0,17.0,73.38,2025-02-05 04:00:00,2025-02-05 06:00:00,2.0
2025-02-05,439,#26,20.0,5.0,31.0,138.84,2025-02-05 00:00:00,2025-02-05 04:00:00,4.0
2025-02-06,453,#7,2.0,0.6666666666666666,29.0,157.42,2025-02-06 11:00:00,2025-02-06 14:00:00,3.0
2025-02-06,454,#9,3.0,1.0,28.0,251.32,2025-02-06 16:00:00,2025-02-06 19:00:00,3.0
2025-02-06,448,#21,42.0,5.25,32.0,154.56,2025-02-06 08:00:00,2025-02-06 16:00:00,8.0
2025-02-06,449,#23,14.0,3.5,27.0,141.26,2025-02-06 00:00:00,2025-02-06 04:00:00,4.0
2025-02-06,450,#25,4.0,1.3333333333333333,15.0,52.46,2025-02-06 03:00:00,2025-02-06 06:00:00,3.0
2025-02-06,451,#26,13.0,3.25,31.0,104.64,2025-02-06 04:00:00,2025-02-06 08:00:00,4.0
2025-02-06,452,#29,29.0,4.833333333333333,35.0,184.87,2025-02-06 16:00:00,2025-02-06 22:00:00,6.0
2025-02-07,466,#7,1.0,1.0,17.0,160.23,2025-02-07 08:00:00,2025-02-07 09:00:00,1.0
2025-02-07,467,#9,10.0,1.4285714285714286,10.0,83.74,2025-02-07 16:00:00,2025-02-07 23:00:00,7.0
2025-02-07,461,#17,26.0,6.5,39.0,158.14,2025-02-07 00:00:00,2025-02-07 04:00:00,4.0
2025-02-07,462,#21,39.0,4.875,27.0,151.26,2025-02-07 08:00:00,2025-02-07 16:00:00,8.0
2025-02-07,463,#23,9.0,2.25,39.0,187.23,2025-02-07 03:00:00,2025-02-07 07:00:00,4.0
2025-02-07,465,#30,2.0,2.0,16.0,143.79,2025-02-07 23:00:00,2025-02-08 00:00:00,1.0
2025-02-07,464,#29,51.0,8.5,32.0,136.6,2025-02-07 16:00:00,2025-02-07 22:00:00,6.0
2025-02-08,479,#5,34.0,4.25,32.0,164.01,2025-02-08 08:00:00,2025-02-08 16:00:00,8.0
2025-02-08,480,#7,7.0,3.5,26.0,122.92,2025-02-08 06:00:00,2025-02-08 08:00:00,2.0
2025-02-08,474,#11,13.0,1.625,25.0,137.46,2025-02-08 15:00:00,2025-02-08 23:00:00,8.0
2025-02-08,475,#17,21.0,5.25,30.0,132.04,2025-02-08 03:00:00,2025-02-08 07:00:00,4.0
2025-02-08,476,#23,16.0,4.0,27.0,49.5,2025-02-08 00:00:00,2025-02-08 04:00:00,4.0
2025-02-08,478,#30,8.0,4.0,30.0,143.6,2025-02-08 00:00:00,2025-02-08 02:00:00,2.0
2025-02-08,477,#29,39.0,4.875,28.0,130.71,2025-02-08 16:00:00,2025-02-09 00:00:00,8.0
2025-02-09,491,#5,38.0,5.428571428571429,41.0,172.47,2025-02-09 09:00:00,2025-02-09 16:00:00,7.0
2025-02-09,492,#7,3.0,1.5,41.0,67.5,2025-02-09 12:00:00,2025-02-09 14:00:00,2.0
2025-02-09,487,#11,2.0,1.0,10.0,41.48,2025-02-09 18:00:00,2025-02-09 20:00:00,2.0
2025-02-09,488,#23,31.0,4.428571428571429,23.0,157.21,2025-02-09 00:00:00,2025-02-09 07:00:00,7.0
2025-02-09,490,#30,9.0,3.0,22.0,92.44,2025-02-09 00:00:00,2025-02-09 03:00:00,3.0
2025-02-09,489,#26,39.0,5.571428571428571,34.0,179.17,2025-02-09 16:00:00,2025-02-09 23:00:00,7.0
2025-02-10,503,#3,20.0,5.0,34.0,127.81,2025-02-10 00:00:00,2025-02-10 04:00:00,4.0
2025-02-10,504,#5,71.0,7.888888888888889,42.0,181.98,2025-02-10 13:00:00,2025-02-10 22:00:00,9.0
2025-02-10,505,#9,5.0,1.6666666666666667,14.0,100.38,2025-02-10 11:00:00,2025-02-10 14:00:00,3.0
2025-02-10,499,#21,23.0,3.8333333333333335,30.0,122.42,2025-02-10 08:00:00,2025-02-10 14:00:00,6.0
2025-02-10,501,#23,17.0,3.4,24.0,94.02,2025-02-10 03:00:00,2025-02-10 08:00:00,5.0
2025-02-10,500,#22,4.0,2.0,66.0,154.24,2025-02-10 20:00:00,2025-02-10 22:00:00,2.0
2025-02-10,502,#25,4.0,1.3333333333333333,20.0,96.25,2025-02-10 00:00:00,2025-02-10 03:00:00,3.0
2025-02-11,515,#3,16.0,8.0,23.0,111.04,2025-02-11 22:00:00,2025-02-12 00:00:00,2.0
2025-02-11,516,#9,3.0,1.0,37.0,193.39,2025-02-11 09:00:00,2025-02-11 12:00:00,3.0
2025-02-11,512,#21,39.0,4.875,35.0,129.64,2025-02-11 08:00:00,2025-02-11 16:00:00,8.0
2025-02-11,514,#30,16.0,2.6666666666666665,27.0,122.84,2025-02-11 15:00:00,2025-02-11 21:00:00,6.0
2025-02-11,513,#29,15.0,2.5,37.0,152.58,2025-02-11 16:00:00,2025-02-11 22:00:00,6.0
2025-02-12,528,#3,12.0,6.0,31.0,106.05,2025-02-12 04:00:00,2025-02-12 06:00:00,2.0
2025-02-12,529,#7,13.0,2.1666666666666665,30.0,216.36,2025-02-12 15:00:00,2025-02-12 21:00:00,6.0
2025-02-12,523,#14,30.0,4.285714285714286,30.0,176.52,2025-02-12 15:00:00,2025-02-12 22:00:00,7.0
2025-02-12,524,#21,26.0,3.25,33.0,141.28,2025-02-12 08:00:00,2025-02-12 16:00:00,8.0
2025-02-12,526,#23,23.0,5.75,23.0,157.83,2025-02-12 00:00:00,2025-02-12 04:00:00,4.0
2025-02-12,525,#22,4.0,4.0,15.0,134.02,2025-02-12 23:00:00,2025-02-13 00:00:00,1.0
2025-02-12,527,#25,17.0,1.8888888888888888,30.0,131.79,2025-02-12 06:00:00,2025-02-12 15:00:00,9.0
2025-02-13,540,#7,21.0,3.0,23.0,146.96,2025-02-13 15:00:00,2025-02-13 22:00:00,7.0
2025-02-13,536,#21,33.0,4.125,30.0,146.97,2025-02-13 08:00:00,2025-02-13 16:00:00,8.0
2025-02-13,537,#23,28.0,4.0,35.0,173.86,2025-02-13 00:00:00,2025-02-13 07:00:00,7.0
2025-02-13,538,#25,2.0,1.0,24.0,180.53,2025-02-13 06:00:00,2025-02-13 08:00:00,2.0
2025-02-13,539,#29,34.0,5.666666666666667,26.0,172.25,2025-02-13 16:00:00,2025-02-13 22:00:00,6.0
2025-02-14,551,#2,9.0,2.25,25.0,207.29,2025-02-14 18:00:00,2025-02-14 22:00:00,4.0
2025-02-14,552,#3,29.0,14.5,39.0,139.05,2025-02-14 22:00:00,2025-02-15 00:00:00,2.0
2025-02-14,553,#9,4.0,2.0,74.0,152.7,2025-02-14 00:00:00,2025-02-14 02:00:00,2.0
2025-02-14,547,#21,44.0,5.5,44.0,189.71,2025-02-14 08:00:00,2025-02-14 16:00:00,8.0
2025-02-14,548,#23,5.0,1.25,18.0,90.67,2025-02-14 03:00:00,2025-02-14 07:00:00,4.0
2025-02-14,549,#25,8.0,1.0,40.0,64.62,2025-02-14 06:00:00,2025-02-14 14:00:00,8.0
2025-02-14,550,#29,30.0,5.0,33.0,164.79,2025-02-14 16:00:00,2025-02-14 22:00:00,6.0
2025-02-15,563,#3,39.0,5.571428571428571,26.0,140.16,2025-02-15 00:00:00,2025-02-15 07:00:00,7.0
2025-02-15,564,#5,37.0,4.625,41.0,257.73,2025-02-15 08:00:00,2025-02-15 16:00:00,8.0
2025-02-15,565,#9,12.0,6.0,22.0,171.58,2025-02-15 22:00:00,2025-02-16 00:00:00,2.0
2025-02-15,560,#11,1.0,1.0,9.0,87.5,2025-02-15 18:00:00,2025-02-15 19:00:00,1.0
2025-02-15,561,#15,47.0,5.875,30.0,164.39,2025-02-15 15:00:00,2025-02-15 23:00:00,8.0
2025-02-15,562,#22,4.0,1.3333333333333333,46.0,171.3,2025-02-15 11:00:00,2025-02-15 14:00:00,3.0
2025-02-16,575,#2,2.0,0.6666666666666666,21.0,56.47,2025-02-16 00:00:00,2025-02-16 03:00:00,3.0
2025-02-16,576,#3,26.0,3.7142857142857144,27.0,135.58,2025-02-16 00:00:00,2025-02-16 07:00:00,7.0
2025-02-16,577,#5,44.0,6.285714285714286,43.0,203.09,2025-02-16 09:00:00,2025-02-16 16:00:00,7.0
2025-02-16,578,#9,11.0,3.6666666666666665,28.0,173.45,2025-02-16 03:00:00,2025-02-16 06:00:00,3.0
2025-02-16,572,#11,1.0,1.0,22.0,78.57,2025-02-16 16:00:00,2025-02-16 17:00:00,1.0
2025-02-16,573,#15,39.0,5.571428571428571,37.0,190.39,2025-02-16 16:00:00,2025-02-16 23:00:00,7.0
2025-02-16,574,#22,4.0,2.0,37.0,118.73,2025-02-16 07:00:00,2025-02-16 09:00:00,2.0
2025-02-17,589,#3,11.0,3.6666666666666665,34.0,128.31,2025-02-17 04:00:00,2025-02-17 07:00:00,3.0
2025-02-17,590,#5,50.0,6.25,36.0,157.16,2025-02-17 14:00:00,2025-02-17 22:00:00,8.0
2025-02-17,591,#7,2.0,1.0,17.0,70.76,2025-02-17 09:00:00,2025-02-17 11:00:00,2.0
2025-02-17,585,#21,23.0,3.8333333333333335,38.0,179.76,2025-02-17 08:00:00,2025-02-17 14:00:00,6.0
2025-02-17,586,#23,16.0,4.0,33.0,110.18,2025-02-17 00:00:00,2025-02-17 04:00:00,4.0
2025-02-17,588,#30,4.0,2.0,27.0,196.34,2025-02-17 15:00:00,2025-02-17 17:00:00,2.0
2025-02-17,587,#25,2.0,1.0,13.0,42.98,2025-02-17 00:00:00,2025-02-17 02:00:00,2.0
2025-02-18,604,#9,7.0,1.1666666666666667,19.0,122.12,2025-02-18 09:00:00,2025-02-18 15:00:00,6.0
2025-02-18,598,#21,28.0,4.666666666666667,32.0,157.91,2025-02-18 08:00:00,2025-02-18 14:00:00,6.0
2025-02-18,600,#23,5.0,2.5,17.0,72.32,2025-02-18 03:00:00,2025-02-18 05:00:00,2.0
2025-02-18,599,#22,5.0,1.25,16.0,98.13,2025-02-18 16:00:00,2025-02-18 20:00:00,4.0
2025-02-18,601,#25,6.0,3.0,14.0,112.35,2025-02-18 01:00:00,2025-02-18 03:00:00,2.0
2025-02-18,602,#26,40.0,5.0,33.0,161.92,2025-02-18 14:00:00,2025-02-18 22:00:00,8.0
2025-02-18,603,#29,10.0,2.5,24.0,129.54,2025-02-18 00:00:00,2025-02-18 04:00:00,4.0
2025-02-19,616,#7,7.0,3.5,15.0,70.8,2025-02-19 00:00:00,2025-02-19 02:00:00,2.0
2025-02-19,611,#14,42.0,7.0,32.0,146.72,2025-02-19 16:00:00,2025-02-19 22:00:00,6.0
2025-02-19,612,#21,25.0,4.166666666666667,31.0,142.09,2025-02-19 08:00:00,2025-02-19 14:00:00,6.0
2025-02-19,613,#22,2.0,1.0,33.0,194.09,2025-02-19 12:00:00,2025-02-19 14:00:00,2.0
2025-02-19,614,#26,7.0,3.5,38.0,199.39,2025-02-19 14:00:00,2025-02-19 16:00:00,2.0
2025-02-19,615,#29,22.0,3.142857142857143,48.0,189.13,2025-02-19 00:00:00,2025-02-19 07:00:00,7.0
2025-02-20,628,#2,4.0,0.8,22.0,138.35,2025-02-20 10:00:00,2025-02-20 15:00:00,5.0
2025-02-20,629,#3,27.0,6.75,21.0,126.41,2025-02-20 00:00:00,2025-02-20 04:00:00,4.0
2025-02-20,624,#14,53.0,8.833333333333334,40.0,171.06,2025-02-20 16:00:00,2025-02-20 22:00:00,6.0
2025-02-20,625,#21,7.0,3.5,31.0,172.17,2025-02-20 08:00:00,2025-02-20 10:00:00,2.0
2025-02-20,626,#22,41.0,6.833333333333333,31.0,168.11,2025-02-20 10:00:00,2025-02-20 16:00:00,6.0
2025-02-20,627,#29,8.0,2.6666666666666665,47.0,207.26,2025-02-20 04:00:00,2025-02-20 07:00:00,3.0
2025-02-21,639,#3,29.000000000000004,4.142857142857143,23.0,129.74,2025-02-21 00:00:00,2025-02-21 07:00:00,7.0
2025-02-21,640,#7,10.0,3.3333333333333335,20.0,179.0,2025-02-21 00:00:00,2025-02-21 03:00:00,3.0
2025-02-21,641,#9,9.0,1.5,34.0,162.62,2025-02-21 09:00:00,2025-02-21 15:00:00,6.0
2025-02-21,636,#11,4.0,2.0,23.0,188.18,2025-02-21 14:00:00,2025-02-21 16:00:00,2.0
2025-02-21,637,#21,30.0,4.285714285714286,27.0,154.98,2025-02-21 08:00:00,2025-02-21 15:00:00,7.0
2025-02-21,638,#29,62.0,7.75,33.0,159.8,2025-02-21 14:00:00,2025-02-21 22:00:00,8.0
2025-02-22,651,#2,5.0,1.6666666666666667,24.0,155.78,2025-02-22 00:00:00,2025-02-22 03:00:00,3.0
2025-02-22,653,#3,38.0,5.428571428571429,26.0,150.91,2025-02-22 00:00:00,2025-02-22 07:00:00,7.0
2025-02-22,654,#7,1.0,1.0,22.0,166.76,2025-02-22 04:00:00,2025-02-22 05:00:00,1.0
2025-02-22,648,#11,2.0,0.6666666666666666,16.0,141.91,2025-02-22 15:00:00,2025-02-22 18:00:00,3.0
2025-02-22,649,#17,19.0,2.7142857142857144,29.0,146.6,2025-02-22 08:00:00,2025-02-22 15:00:00,7.0
2025-02-22,652,#30,26.0,3.25,36.0,173.08,2025-02-22 07:00:00,2025-02-22 15:00:00,8.0
2025-02-22,650,#29,66.0,8.25,29.0,186.67,2025-02-22 15:00:00,2025-02-22 23:00:00,8.0
2025-02-23,662,#1,13.0,6.5,28.0,216.22,2025-02-23 14:00:00,2025-02-23 16:00:00,2.0
2025-02-23,665,#2,10.0,3.3333333333333335,18.0,136.29,2025-02-23 00:00:00,2025-02-23 03:00:00,3.0
2025-02-23,667,#3,28.0,7.0,25.0,132.8,2025-02-23 03:00:00,2025-02-23 07:00:00,4.0
2025-02-23,668,#9,24.0,3.4285714285714284,23.0,127.55,2025-02-23 15:00:00,2025-02-23 22:00:00,7.0
2025-02-23,661,#15,16.0,2.6666666666666665,42.0,226.09,2025-02-23 08:00:00,2025-02-23 14:00:00,6.0
2025-02-23,664,#23,20.0,5.0,31.0,125.88,2025-02-23 00:00:00,2025-02-23 04:00:00,4.0
2025-02-23,663,#22,13.0,1.8571428571428572,24.0,128.18,2025-02-23 15:00:00,2025-02-23 22:00:00,7.0
2025-02-23,666,#30,8.0,1.1428571428571428,22.0,114.9,2025-02-23 06:00:00,2025-02-23 13:00:00,7.0
2025-02-24,679,#3,28.0,7.0,24.0,123.1,2025-02-24 00:00:00,2025-02-24 04:00:00,4.0
2025-02-24,680,#7,4.0,1.3333333333333333,24.0,263.51,2025-02-24 16:00:00,2025-02-24 19:00:00,3.0
2025-02-24,681,#9,6.0,2.0,25.0,99.48,2025-02-24 11:00:00,2025-02-24 14:00:00,3.0
2025-02-24,675,#21,44.0,6.285714285714286,37.0,176.14,2025-02-24 08:00:00,2025-02-24 15:00:00,7.0
2025-02-24,676,#23,13.0,4.333333333333333,29.0,159.08,2025-02-24 04:00:00,2025-02-24 07:00:00,3.0
2025-02-24,678,#30,77.0,8.555555555555555,31.0,157.84,2025-02-24 14:00:00,2025-02-24 23:00:00,9.0
2025-02-24,677,#25,13.0,6.5,29.0,127.81,2025-02-24 22:00:00,2025-02-25 00:00:00,2.0
2025-02-25,691,#3,32.0,5.333333333333333,32.0,177.33,2025-02-25 00:00:00,2025-02-25 06:00:00,6.0
2025-02-25,692,#7,17.0,2.4285714285714284,35.0,178.19,2025-02-25 16:00:00,2025-02-25 23:00:00,7.0
2025-02-25,693,#9,13.0,2.1666666666666665,32.0,154.88,2025-02-25 09:00:00,2025-02-25 15:00:00,6.0
2025-02-25,688,#17,43.0,5.375,29.0,154.99,2025-02-25 15:00:00,2025-02-25 23:00:00,8.0
2025-02-25,689,#21,71.0,10.142857142857142,32.0,200.06,2025-02-25 08:00:00,2025-02-25 15:00:00,7.0
2025-02-25,690,#25,3.0,1.0,30.0,141.67,2025-02-25 00:00:00,2025-02-25 03:00:00,3.0
2025-02-26,704,#3,7.0,2.3333333333333335,28.0,78.95,2025-02-26 04:00:00,2025-02-26 07:00:00,3.0
2025-02-26,705,#6,6.0,1.5,32.0,177.99,2025-02-26 11:00:00,2025-02-26 15:00:00,4.0
2025-02-26,706,#9,4.0,2.0,35.0,226.39,2025-02-26 22:00:00,2025-02-27 00:00:00,2.0
2025-02-26,700,#11,4.0,2.0,36.0,97.83,2025-02-26 14:00:00,2025-02-26 16:00:00,2.0
2025-02-26,701,#14,50.0,7.142857142857143,33.0,141.97,2025-02-26 15:00:00,2025-02-26 22:00:00,7.0
2025-02-26,702,#21,68.0,8.5,35.0,170.99,2025-02-26 08:00:00,2025-02-26 16:00:00,8.0
2025-02-26,703,#23,14.0,7.0,27.0,148.38,2025-02-26 22:00:00,2025-02-27 00:00:00,2.0
2025-02-27,716,#7,2.0,1.0,14.0,90.34,2025-02-27 09:00:00,2025-02-27 11:00:00,2.0
2025-02-27,717,#9,10.0,3.3333333333333335,20.0,107.72,2025-02-27 00:00:00,2025-02-27 03:00:00,3.0
2025-02-27,713,#21,68.0,8.5,32.0,177.28,2025-02-27 08:00:00,2025-02-27 16:00:00,8.0
2025-02-27,714,#23,32.0,4.0,23.0,128.29,2025-02-27 00:00:00,2025-02-27 08:00:00,8.0
2025-02-27,715,#29,53.0,7.571428571428571,25.0,148.67,2025-02-27 15:00:00,2025-02-27 22:00:00,7.0
2025-02-28,728,#2,5.0,1.6666666666666667,19.0,67.16,2025-02-28 01:00:00,2025-02-28 04:00:00,3.0
2025-02-28,729,#3,48.0,12.0,26.0,177.4,2025-02-28 00:00:00,2025-02-28 04:00:00,4.0
2025-02-28,730,#7,2.0,2.0,8.0,51.49,2025-02-28 12:00:00,2025-02-28 13:00:00,1.0
2025-02-28,731,#9,10.0,3.3333333333333335,25.0,170.64,2025-02-28 04:00:00,2025-02-28 07:00:00,3.0
2025-02-28,724,#21,57.0,7.125,34.0,157.96,2025-02-28 08:00:00,2025-02-28 16:00:00,8.0
2025-02-28,726,#23,7.0,1.75,28.0,133.12,2025-02-28 03:00:00,2025-02-28 07:00:00,4.0
2025-02-28,725,#22,4.0,2.0,14.0,113.13,2025-02-28 18:00:00,2025-02-28 20:00:00,2.0
2025-02-28,727,#29,34.0,5.666666666666667,21.0,163.33,2025-02-28 16:00:00,2025-02-28 22:00:00,6.0
2025-03-01,739,#1,35.0,5.0,31.0,152.04,2025-03-01 08:00:00,2025-03-01 15:00:00,7.0
2025-03-01,741,#2,12.0,1.5,25.0,179.41,2025-03-01 00:00:00,2025-03-01 08:00:00,8.0
2025-03-01,742,#3,55.0,6.875,25.0,143.3,2025-03-01 00:00:00,2025-03-01 08:00:00,8.0
2025-03-01,743,#6,2.0,1.0,14.0,29.96,2025-03-01 07:00:00,2025-03-01 09:00:00,2.0
2025-03-01,738,#15,52.0,7.428571428571429,36.0,171.94,2025-03-01 15:00:00,2025-03-01 22:00:00,7.0
2025-03-01,740,#22,6.0,1.2,31.0,168.93,2025-03-01 15:00:00,2025-03-01 20:00:00,5.0
2025-03-02,755,#2,6.0,6.0,35.0,166.32,2025-03-02 04:00:00,2025-03-02 05:00:00,1.0
2025-03-02,756,#3,38.0,4.75,31.0,181.46,2025-03-02 00:00:00,2025-03-02 08:00:00,8.0
2025-03-02,751,#14,37.0,5.285714285714286,28.0,130.3,2025-03-02 08:00:00,2025-03-02 15:00:00,7.0
2025-03-02,752,#22,3.0,1.5,18.0,84.79,2025-03-02 12:00:00,2025-03-02 14:00:00,2.0
2025-03-02,753,#25,5.0,5.0,43.0,240.1,2025-03-02 23:00:00,2025-03-03 00:00:00,1.0
2025-03-02,754,#26,66.0,6.6,29.0,171.29,2025-03-02 14:00:00,2025-03-03 00:00:00,10.0
2025-03-03,767,#3,9.0,3.0,29.0,82.83,2025-03-03 03:00:00,2025-03-03 06:00:00,3.0
2025-03-03,768,#7,6.0,0.6666666666666666,17.0,154.92,2025-03-03 06:00:00,2025-03-03 15:00:00,9.0
2025-03-03,769,#9,6.0,1.2,25.0,168.52,2025-03-03 18:00:00,2025-03-03 23:00:00,5.0
2025-03-03,763,#11,54.0,6.0,33.0,141.09,2025-03-03 14:00:00,2025-03-03 23:00:00,9.0
2025-03-03,764,#21,38.0,6.333333333333333,25.0,152.62,2025-03-03 08:00:00,2025-03-03 14:00:00,6.0
2025-03-03,765,#23,9.0,3.0,26.0,125.06,2025-03-03 00:00:00,2025-03-03 03:00:00,3.0
2025-03-03,766,#25,2.0,2.0,22.0,91.07,2025-03-03 01:00:00,2025-03-03 02:00:00,1.0
2025-03-04,780,#2,7.0,1.75,25.0,130.91,2025-03-04 14:00:00,2025-03-04 18:00:00,4.0
2025-03-04,781,#3,13.0,3.25,32.0,124.46,2025-03-04 00:00:00,2025-03-04 04:00:00,4.0
2025-03-04,782,#7,9.0,3.0,23.0,142.91,2025-03-04 13:00:00,2025-03-04 16:00:00,3.0
2025-03-04,776,#21,32.0,6.4,28.0,152.26,2025-03-04 09:00:00,2025-03-04 14:00:00,5.0
2025-03-04,777,#23,11.0,5.5,30.0,183.13,2025-03-04 03:00:00,2025-03-04 05:00:00,2.0
2025-03-04,778,#25,1.0,1.0,9.0,62.95,2025-03-04 02:00:00,2025-03-04 03:00:00,1.0
2025-03-04,779,#29,31.0,5.166666666666667,37.0,227.21,2025-03-04 16:00:00,2025-03-04 22:00:00,6.0
2025-03-05,793,#2,3.0,0.75,16.0,70.96,2025-03-05 00:00:00,2025-03-05 04:00:00,4.0
2025-03-05,794,#3,9.0,3.0,15.0,102.29,2025-03-05 03:00:00,2025-03-05 06:00:00,3.0
2025-03-05,795,#7,2.0,1.0,20.0,156.59,2025-03-05 09:00:00,2025-03-05 11:00:00,2.0
2025-03-05,789,#14,56.0,9.333333333333334,28.0,129.9,2025-03-05 16:00:00,2025-03-05 22:00:00,6.0
2025-03-05,790,#21,49.0,6.125,42.0,193.68,2025-03-05 08:00:00,2025-03-05 16:00:00,8.0
2025-03-05,792,#23,19.0,6.333333333333333,27.0,153.04,2025-03-05 00:00:00,2025-03-05 03:00:00,3.0
2025-03-05,791,#22,3.0,1.5,19.0,79.76,2025-03-05 19:00:00,2025-03-05 21:00:00,2.0
2025-03-06,806,#7,7.0,2.3333333333333335,32.0,121.91,2025-03-06 11:00:00,2025-03-06 14:00:00,3.0
2025-03-06,807,#9,11.0,2.75,19.0,125.47,2025-03-06 00:00:00,2025-03-06 04:00:00,4.0
2025-03-06,802,#21,57.0,7.125,33.0,137.35,2025-03-06 08:00:00,2025-03-06 16:00:00,8.0
2025-03-06,804,#23,15.0,2.142857142857143,26.0,147.06,2025-03-06 00:00:00,2025-03-06 07:00:00,7.0
2025-03-06,803,#22,8.0,2.6666666666666665,31.0,147.42,2025-03-06 20:00:00,2025-03-06 23:00:00,3.0
2025-03-06,805,#29,52.0,10.4,28.0,140.05,2025-03-06 16:00:00,2025-03-06 21:00:00,5.0
2025-03-07,819,#2,1.0,1.0,28.0,396.02,2025-03-07 14:00:00,2025-03-07 15:00:00,1.0
2025-03-07,820,#9,8.0,4.0,39.0,105.56,2025-03-07 04:00:00,2025-03-07 06:00:00,2.0
2025-03-07,814,#11,1.0,1.0,40.0,300.69,2025-03-07 21:00:00,2025-03-07 22:00:00,1.0
2025-03-07,815,#21,52.0,6.5,32.0,150.83,2025-03-07 08:00:00,2025-03-07 16:00:00,8.0
2025-03-07,817,#23,33.0,4.125,33.0,159.99,2025-03-07 00:00:00,2025-03-07 08:00:00,8.0
2025-03-07,816,#22,22.0,5.5,22.0,89.18,2025-03-07 00:00:00,2025-03-07 04:00:00,4.0
2025-03-07,818,#29,79.0,13.166666666666666,30.0,156.65,2025-03-07 16:00:00,2025-03-07 22:00:00,6.0
2025-03-08,828,#1,60.99999999999999,8.714285714285714,29.0,160.63,2025-03-08 15:00:00,2025-03-08 22:00:00,7.0
2025-03-08,832,#2,4.0,4.0,30.0,224.13,2025-03-08 23:00:00,2025-03-09 00:00:00,1.0
2025-03-08,833,#9,11.0,2.2,22.0,111.14,2025-03-08 15:00:00,2025-03-08 20:00:00,5.0
2025-03-08,827,#14,57.0,8.142857142857142,31.0,136.96,2025-03-08 08:00:00,2025-03-08 15:00:00,7.0
2025-03-08,830,#23,22.0,7.333333333333333,29.0,92.93,2025-03-08 03:00:00,2025-03-08 06:00:00,3.0
2025-03-08,829,#22,25.0,6.25,27.0,195.37,2025-03-08 00:00:00,2025-03-08 04:00:00,4.0
2025-03-08,831,#25,7.0,3.5,26.0,223.89,2025-03-08 06:00:00,2025-03-08 08:00:00,2.0
2025-03-09,844,#2,3.0,1.5,12.0,163.7,2025-03-09 03:00:00,2025-03-09 05:00:00,2.0
2025-03-09,845,#3,15.0,3.75,26.0,124.49,2025-03-09 00:00:00,2025-03-09 04:00:00,4.0
2025-03-09,846,#4,45.0,6.428571428571429,52.0,178.66,2025-03-09 15:00:00,2025-03-09 22:00:00,7.0
2025-03-09,840,#11,18.0,2.5714285714285716,44.0,250.76,2025-03-09 14:00:00,2025-03-09 21:00:00,7.0
2025-03-09,841,#17,31.0,7.75,41.0,181.13,2025-03-09 11:00:00,2025-03-09 15:00:00,4.0
2025-03-09,842,#22,14.0,2.3333333333333335,35.0,174.16,2025-03-09 01:00:00,2025-03-09 07:00:00,6.0
2025-03-09,843,#25,6.0,6.0,27.0,96.56,2025-03-09 13:00:00,2025-03-09 14:00:00,1.0
2025-03-10,854,#2,1.0,1.0,20.0,66.96,2025-03-10 19:00:00,2025-03-10 20:00:00,1.0
2025-03-10,855,#3,25.0,3.5714285714285716,27.0,145.19,2025-03-10 00:00:00,2025-03-10 07:00:00,7.0
2025-03-10,856,#7,60.0,6.666666666666667,21.0,141.56,2025-03-10 13:00:00,2025-03-10 22:00:00,9.0
2025-03-10,853,#21,48.0,8.0,31.0,168.29,2025-03-10 08:00:00,2025-03-10 14:00:00,6.0
2025-03-11,868,#3,2.0,1.0,11.0,48.17,2025-03-11 03:00:00,2025-03-11 05:00:00,2.0
2025-03-11,869,#6,1.0,1.0,13.0,72.32,2025-03-11 09:00:00,2025-03-11 10:00:00,1.0
2025-03-11,864,#17,11.0,2.75,24.0,126.7,2025-03-11 00:00:00,2025-03-11 04:00:00,4.0
2025-03-11,865,#21,54.0,7.714285714285714,40.0,159.27,2025-03-11 10:00:00,2025-03-11 17:00:00,7.0
2025-03-11,866,#25,1.0,1.0,19.0,60.72,2025-03-11 02:00:00,2025-03-11 03:00:00,1.0
2025-03-11,867,#29,34.0,5.666666666666667,30.0,164.25,2025-03-11 16:00:00,2025-03-11 22:00:00,6.0
2025-03-12,876,#17,8.0,2.0,22.0,61.32,2025-03-12 03:00:00,2025-03-12 07:00:00,4.0
2025-03-12,877,#21,76.0,9.5,31.0,160.29,2025-03-12 08:00:00,2025-03-12 16:00:00,8.0
2025-03-12,879,#23,14.0,3.5,30.0,134.01,2025-03-12 00:00:00,2025-03-12 04:00:00,4.0
2025-03-12,878,#22,4.0,1.3333333333333333,31.0,161.17,2025-03-12 18:00:00,2025-03-12 21:00:00,3.0
2025-03-12,880,#26,47.0,6.714285714285714,33.0,166.67,2025-03-12 16:00:00,2025-03-12 23:00:00,7.0
2025-03-13,891,#6,1.0,1.0,21.0,39.29,2025-03-13 22:00:00,2025-03-13 23:00:00,1.0
2025-03-13,892,#7,21.0,5.25,20.0,121.01,2025-03-13 00:00:00,2025-03-13 04:00:00,4.0
2025-03-13,893,#9,4.0,1.3333333333333333,19.0,147.68,2025-03-13 07:00:00,2025-03-13 10:00:00,3.0
2025-03-13,887,#21,53.0,6.625,29.0,168.1,2025-03-13 08:00:00,2025-03-13 16:00:00,8.0
2025-03-13,889,#23,9.0,2.25,47.0,186.93,2025-03-13 04:00:00,2025-03-13 08:00:00,4.0
2025-03-13,888,#22,5.0,1.6666666666666667,62.0,247.01,2025-03-13 17:00:00,2025-03-13 20:00:00,3.0
2025-03-13,890,#29,34.0,5.666666666666667,26.0,138.66,2025-03-13 16:00:00,2025-03-13 22:00:00,6.0
2025-03-14,904,#3,27.0,13.5,31.0,185.96,2025-03-14 22:00:00,2025-03-15 00:00:00,2.0
2025-03-14,905,#6,9.0,2.25,25.0,206.55,2025-03-14 03:00:00,2025-03-14 07:00:00,4.0
2025-03-14,906,#7,12.0,4.0,20.0,84.69,2025-03-14 00:00:00,2025-03-14 03:00:00,3.0
2025-03-14,900,#11,11.0,1.5714285714285714,31.0,172.22,2025-03-14 14:00:00,2025-03-14 21:00:00,7.0
2025-03-14,901,#21,50.0,7.142857142857143,36.0,210.13,2025-03-14 09:00:00,2025-03-14 16:00:00,7.0
2025-03-14,902,#25,6.0,1.5,40.0,119.35,2025-03-14 10:00:00,2025-03-14 14:00:00,4.0
2025-03-14,903,#29,55.0,9.166666666666666,39.0,197.57,2025-03-14 16:00:00,2025-03-14 22:00:00,6.0
2025-03-15,917,#3,27.0,6.75,33.0,169.22,2025-03-15 03:00:00,2025-03-15 07:00:00,4.0
2025-03-15,912,#11,2.0,2.0,51.0,271.93,2025-03-15 16:00:00,2025-03-15 17:00:00,1.0
2025-03-15,913,#14,59.0,7.375,38.0,203.63,2025-03-15 08:00:00,2025-03-15 16:00:00,8.0
2025-03-15,914,#15,59.0,8.428571428571429,27.0,143.22,2025-03-15 15:00:00,2025-03-15 22:00:00,7.0
2025-03-15,915,#22,37.0,9.25,23.0,129.91,2025-03-15 00:00:00,2025-03-15 04:00:00,4.0
2025-03-15,916,#25,3.0,1.5,27.0,156.35,2025-03-15 06:00:00,2025-03-15 08:00:00,2.0
2025-03-16,928,#2,36.0,5.142857142857143,30.0,168.47,2025-03-16 15:00:00,2025-03-16 22:00:00,7.0
2025-03-16,929,#9,28.0,4.666666666666667,27.0,115.72,2025-03-16 09:00:00,2025-03-16 15:00:00,6.0
2025-03-16,924,#11,10.0,2.0,29.0,192.16,2025-03-16 15:00:00,2025-03-16 20:00:00,5.0
2025-03-16,926,#23,19.0,6.333333333333333,28.0,152.18,2025-03-16 00:00:00,2025-03-16 03:00:00,3.0
2025-03-16,925,#22,15.0,7.5,25.0,142.75,2025-03-16 03:00:00,2025-03-16 05:00:00,2.0
2025-03-16,927,#25,25.0,2.7777777777777777,30.0,149.66,2025-03-16 05:00:00,2025-03-16 14:00:00,9.0
2025-03-17,940,#2,5.0,1.6666666666666667,21.0,91.85,2025-03-17 16:00:00,2025-03-17 19:00:00,3.0
2025-03-17,941,#3,9.0,2.25,33.0,198.04,2025-03-17 00:00:00,2025-03-17 04:00:00,4.0
2025-03-17,942,#4,50.0,5.555555555555555,47.0,162.36,2025-03-17 14:00:00,2025-03-17 23:00:00,9.0
2025-03-17,936,#16,1.0,1.0,55.0,26.79,2025-03-17 12:00:00,2025-03-17 13:00:00,1.0
2025-03-17,937,#21,49.0,8.166666666666666,39.0,197.85,2025-03-17 08:00:00,2025-03-17 14:00:00,6.0
2025-03-17,938,#23,18.0,4.5,32.0,128.31,2025-03-17 03:00:00,2025-03-17 07:00:00,4.0
2025-03-17,939,#25,6.0,2.0,35.0,164.33,2025-03-17 00:00:00,2025-03-17 03:00:00,3.0
2025-03-18,951,#2,4.0,2.0,34.0,130.73,2025-03-18 21:00:00,2025-03-18 23:00:00,2.0
2025-03-18,952,#3,6.0,2.0,29.0,155.59,2025-03-18 02:00:00,2025-03-18 05:00:00,3.0
2025-03-18,953,#9,16.0,5.333333333333333,24.0,72.21,2025-03-18 00:00:00,2025-03-18 03:00:00,3.0
2025-03-18,949,#21,51.0,7.285714285714286,39.0,211.11,2025-03-18 09:00:00,2025-03-18 16:00:00,7.0
2025-03-18,950,#29,41.0,6.833333333333333,22.0,137.99,2025-03-18 16:00:00,2025-03-18 22:00:00,6.0
2025-03-19,963,#3,4.0,1.0,25.0,176.27,2025-03-19 00:00:00,2025-03-19 04:00:00,4.0
2025-03-19,964,#7,40.0,6.666666666666667,20.0,126.85,2025-03-19 09:00:00,2025-03-19 15:00:00,6.0
2025-03-19,965,#9,17.0,2.8333333333333335,26.0,132.78,2025-03-19 00:00:00,2025-03-19 06:00:00,6.0
2025-03-19,960,#14,41.0,5.857142857142857,28.0,145.87,2025-03-19 15:00:00,2025-03-19 22:00:00,7.0
2025-03-19,961,#22,5.0,5.0,16.0,134.57,2025-03-19 08:00:00,2025-03-19 09:00:00,1.0
2025-03-19,962,#25,17.0,2.4285714285714284,23.0,147.32,2025-03-19 15:00:00,2025-03-19 22:00:00,7.0
2025-03-20,976,#3,9.0,2.25,34.0,259.22,2025-03-20 00:00:00,2025-03-20 04:00:00,4.0
2025-03-20,977,#9,26.0,5.2,26.0,89.78,2025-03-20 00:00:00,2025-03-20 05:00:00,5.0
2025-03-20,972,#11,4.0,4.0,46.0,206.91,2025-03-20 22:00:00,2025-03-20 23:00:00,1.0
2025-03-20,973,#21,43.0,5.375,38.0,148.91,2025-03-20 08:00:00,2025-03-20 16:00:00,8.0
2025-03-20,974,#22,8.0,1.6,22.0,153.87,2025-03-20 09:00:00,2025-03-20 14:00:00,5.0
2025-03-20,975,#29,39.0,6.5,35.0,176.51,2025-03-20 16:00:00,2025-03-20 22:00:00,6.0
2025-03-21,984,#1,52.0,6.5,24.0,136.49,2025-03-21 14:00:00,2025-03-21 22:00:00,8.0
2025-03-21,989,#3,2.0,2.0,4.0,220.4,2025-03-21 04:00:00,2025-03-21 05:00:00,1.0
2025-03-21,990,#7,4.0,4.0,18.0,162.01,2025-03-21 00:00:00,2025-03-21 01:00:00,1.0
2025-03-21,991,#9,9.0,2.25,16.0,98.81,2025-03-21 03:00:00,2025-03-21 07:00:00,4.0
2025-03-21,985,#21,37.0,6.166666666666667,30.0,154.8,2025-03-21 08:00:00,2025-03-21 14:00:00,6.0
2025-03-21,987,#23,26.0,6.5,16.0,133.3,2025-03-21 00:00:00,2025-03-21 04:00:00,4.0
2025-03-21,986,#22,10.0,2.0,29.0,155.18,2025-03-21 09:00:00,2025-03-21 14:00:00,5.0
2025-03-21,988,#25,24.0,2.6666666666666665,32.0,193.61,2025-03-21 14:00:00,2025-03-21 23:00:00,9.0
2025-03-22,999,#1,60.0,8.571428571428571,30.0,136.18,2025-03-22 15:00:00,2025-03-22 22:00:00,7.0
2025-03-22,1003,#6,5.0,1.6666666666666667,60.0,197.52,2025-03-22 10:00:00,2025-03-22 13:00:00,3.0
2025-03-22,998,#15,56.0,8.0,35.0,183.54,2025-03-22 08:00:00,2025-03-22 15:00:00,7.0
2025-03-22,1000,#23,32.0,8.0,21.0,160.93,2025-03-22 03:00:00,2025-03-22 07:00:00,4.0
2025-03-22,1001,#25,11.0,1.8333333333333333,34.0,188.59,2025-03-22 16:00:00,2025-03-22 22:00:00,6.0
2025-03-22,1002,#29,30.0,7.5,25.0,144.57,2025-03-22 00:00:00,2025-03-22 04:00:00,4.0
2025-03-23,1014,#2,9.0,2.25,20.0,87.98,2025-03-23 00:00:00,2025-03-23 04:00:00,4.0
2025-03-23,1015,#3,23.0,3.2857142857142856,33.0,217.1,2025-03-23 15:00:00,2025-03-23 22:00:00,7.0
2025-03-23,1016,#6,8.0,2.0,30.0,171.77,2025-03-23 06:00:00,2025-03-23 10:00:00,4.0
2025-03-23,1010,#11,42.0,5.25,25.0,94.66,2025-03-23 15:00:00,2025-03-23 23:00:00,8.0
2025-03-23,1011,#14,23.0,3.8333333333333335,32.0,176.74,2025-03-23 09:00:00,2025-03-23 15:00:00,6.0
2025-03-23,1012,#23,18.0,4.5,23.0,129.49,2025-03-23 00:00:00,2025-03-23 04:00:00,4.0
2025-03-23,1013,#29,24.0,6.0,25.0,152.24,2025-03-23 03:00:00,2025-03-23 07:00:00,4.0
2025-03-24,1027,#3,13.0,1.625,34.0,310.31,2025-03-24 15:00:00,2025-03-24 23:00:00,8.0
2025-03-24,1028,#9,12.0,6.0,29.0,188.73,2025-03-24 22:00:00,2025-03-25 00:00:00,2.0
2025-03-24,1023,#11,38.0,4.75,29.0,144.1,2025-03-24 14:00:00,2025-03-24 22:00:00,8.0
2025-03-24,1024,#21,37.0,4.625,25.0,110.13,2025-03-24 08:00:00,2025-03-24 16:00:00,8.0
2025-03-24,1025,#23,23.0,3.2857142857142856,31.0,114.24,2025-03-24 00:00:00,2025-03-24 07:00:00,7.0
2025-03-24,1026,#25,6.0,6.0,18.0,77.83,2025-03-24 12:00:00,2025-03-24 13:00:00,1.0
2025-03-25,1039,#3,2.0,1.0,15.0,252.01,2025-03-25 22:00:00,2025-03-26 00:00:00,2.0
2025-03-25,1040,#7,1.0,1.0,28.0,57.14,2025-03-25 16:00:00,2025-03-25 17:00:00,1.0
2025-03-25,1041,#9,9.0,3.0,39.0,209.41,2025-03-25 00:00:00,2025-03-25 03:00:00,3.0
2025-03-25,1035,#21,55.0,6.111111111111111,40.0,167.75,2025-03-25 08:00:00,2025-03-25 17:00:00,9.0
2025-03-25,1036,#23,4.0,2.0,11.0,87.7,2025-03-25 03:00:00,2025-03-25 05:00:00,2.0
2025-03-25,1037,#25,1.0,1.0,44.0,167.86,2025-03-25 12:00:00,2025-03-25 13:00:00,1.0
2025-03-25,1038,#29,42.0,7.0,34.0,174.58,2025-03-25 16:00:00,2025-03-25 22:00:00,6.0
2025-03-26,1053,#2,3.0,3.0,20.0,87.66,2025-03-26 00:00:00,2025-03-26 01:00:00,1.0
2025-03-26,1054,#3,1.0,1.0,27.0,52.68,2025-03-26 07:00:00,2025-03-26 08:00:00,1.0
2025-03-26,1055,#9,11.0,2.75,21.0,99.63,2025-03-26 03:00:00,2025-03-26 07:00:00,4.0
2025-03-26,1048,#14,39.0,6.5,39.0,147.39,2025-03-26 16:00:00,2025-03-26 22:00:00,6.0
2025-03-26,1049,#16,3.0,3.0,21.0,52.82,2025-03-26 07:00:00,2025-03-26 08:00:00,1.0
2025-03-26,1050,#21,53.0,6.625,38.0,168.71,2025-03-26 08:00:00,2025-03-26 16:00:00,8.0
2025-03-26,1052,#23,32.0,8.0,25.0,110.5,2025-03-26 00:00:00,2025-03-26 04:00:00,4.0
2025-03-26,1051,#22,5.0,1.6666666666666667,22.0,87.5,2025-03-26 15:00:00,2025-03-26 18:00:00,3.0
2025-03-27,1068,#7,1.0,1.0,23.0,78.57,2025-03-27 22:00:00,2025-03-27 23:00:00,1.0
2025-03-27,1062,#11,12.0,1.7142857142857142,28.0,176.58,2025-03-27 14:00:00,2025-03-27 21:00:00,7.0
2025-03-27,1063,#17,21.0,5.25,34.0,190.26,2025-03-27 00:00:00,2025-03-27 04:00:00,4.0
2025-03-27,1064,#21,55.0,6.875,35.0,160.57,2025-03-27 08:00:00,2025-03-27 16:00:00,8.0
2025-03-27,1065,#23,6.0,1.2,19.0,63.19,2025-03-27 03:00:00,2025-03-27 08:00:00,5.0
2025-03-27,1066,#25,4.0,1.0,33.0,121.17,2025-03-27 10:00:00,2025-03-27 14:00:00,4.0
2025-03-27,1067,#29,42.0,7.0,37.0,159.22,2025-03-27 16:00:00,2025-03-27 22:00:00,6.0
2025-03-28,1080,#6,10.0,1.4285714285714286,34.0,119.21,2025-03-28 16:00:00,2025-03-28 23:00:00,7.0
2025-03-28,1075,#15,67.0,8.375,29.0,152.42,2025-03-28 14:00:00,2025-03-28 22:00:00,8.0
2025-03-28,1076,#17,12.0,3.0,30.0,147.24,2025-03-28 03:00:00,2025-03-28 07:00:00,4.0
2025-03-28,1077,#21,27.0,5.4,47.0,196.35,2025-03-28 09:00:00,2025-03-28 14:00:00,5.0
2025-03-28,1078,#23,34.0,8.5,19.0,167.23,2025-03-28 00:00:00,2025-03-28 04:00:00,4.0
2025-03-28,1079,#25,7.0,1.4,38.0,182.89,2025-03-28 11:00:00,2025-03-28 16:00:00,5.0
2025-03-29,1091,#2,15.0,1.875,32.0,172.36,2025-03-29 15:00:00,2025-03-29 23:00:00,8.0
2025-03-29,1092,#3,31.0,7.75,29.0,202.24,2025-03-29 00:00:00,2025-03-29 04:00:00,4.0
2025-03-29,1093,#7,1.0,1.0,10.0,42.41,2025-03-29 00:00:00,2025-03-29 01:00:00,1.0
2025-03-29,1087,#14,57.0,8.142857142857142,34.0,157.42,2025-03-29 08:00:00,2025-03-29 15:00:00,7.0
2025-03-29,1088,#15,82.0,11.714285714285714,29.0,161.2,2025-03-29 15:00:00,2025-03-29 22:00:00,7.0
2025-03-29,1089,#23,32.0,8.0,21.0,149.97,2025-03-29 03:00:00,2025-03-29 07:00:00,4.0
2025-03-29,1090,#25,7.0,3.5,53.0,177.22,2025-03-29 06:00:00,2025-03-29 08:00:00,2.0
2025-03-30,1104,#3,27.0,6.75,31.0,189.58,2025-03-30 03:00:00,2025-03-30 07:00:00,4.0
2025-03-30,1105,#4,39.0,5.571428571428571,48.0,219.22,2025-03-30 08:00:00,2025-03-30 15:00:00,7.0
2025-03-30,1106,#7,5.0,5.0,84.0,131.74,2025-03-30 07:00:00,2025-03-30 08:00:00,1.0
2025-03-30,1107,#9,8.0,2.6666666666666665,29.0,144.95,2025-03-30 18:00:00,2025-03-30 21:00:00,3.0
2025-03-30,1100,#11,5.0,2.5,31.0,147.41,2025-03-30 07:00:00,2025-03-30 09:00:00,2.0
2025-03-30,1101,#18,55.0,7.857142857142857,26.0,165.77,2025-03-30 15:00:00,2025-03-30 22:00:00,7.0
2025-03-30,1102,#23,19.0,4.75,16.0,111.7,2025-03-30 00:00:00,2025-03-30 04:00:00,4.0
2025-03-30,1103,#25,11.0,3.6666666666666665,36.0,121.44,2025-03-30 00:00:00,2025-03-30 03:00:00,3.0
2025-03-31,1114,#11,8.0,1.6,44.0,252.92,2025-03-31 14:00:00,2025-03-31 19:00:00,5.0
2025-03-31,1115,#21,26.0,5.2,36.0,150.49,2025-03-31 09:00:00,2025-03-31 14:00:00,5.0
2025-03-31,1117,#23,30.0,3.75,20.0,87.35,2025-03-31 00:00:00,2025-03-31 08:00:00,8.0
2025-03-31,1116,#22,1.0,1.0,6.0,8.93,2025-03-31 22:00:00,2025-03-31 23:00:00,1.0
2025-03-31,1118,#28,39.0,4.875,24.0,170.98,2025-03-31 14:00:00,2025-03-31 22:00:00,8.0
2025-04-01,1129,#2,8.0,2.0,32.0,259.82,2025-04-01 16:00:00,2025-04-01 20:00:00,4.0
2025-04-01,1130,#3,18.0,4.5,20.0,136.46,2025-04-01 00:00:00,2025-04-01 04:00:00,4.0
2025-04-01,1125,#21,32.0,6.4,36.0,171.94,2025-04-01 09:00:00,2025-04-01 14:00:00,5.0
2025-04-01,1127,#23,7.0,3.5,17.0,101.25,2025-04-01 03:00:00,2025-04-01 05:00:00,2.0
2025-04-01,1126,#22,1.0,1.0,28.0,15.18,2025-04-01 01:00:00,2025-04-01 02:00:00,1.0
2025-04-01,1128,#28,63.0,7.875,28.0,169.64,2025-04-01 14:00:00,2025-04-01 22:00:00,8.0
2025-04-02,1141,#3,31.0,3.875,26.0,137.84,2025-04-02 00:00:00,2025-04-02 08:00:00,8.0
2025-04-02,1137,#14,62.0,10.333333333333334,41.0,197.23,2025-04-02 16:00:00,2025-04-02 22:00:00,6.0
2025-04-02,1138,#16,6.0,3.0,48.0,241.87,2025-04-02 12:00:00,2025-04-02 14:00:00,2.0
2025-04-02,1139,#21,84.0,10.5,39.0,194.17,2025-04-02 08:00:00,2025-04-02 16:00:00,8.0
2025-04-02,1140,#22,8.0,4.0,17.0,94.37,2025-04-02 22:00:00,2025-04-03 00:00:00,2.0
2025-04-03,1149,#1,69.0,9.857142857142858,32.0,162.8,2025-04-03 15:00:00,2025-04-03 22:00:00,7.0
2025-04-03,1152,#2,5.0,2.5,31.0,135.81,2025-04-03 22:00:00,2025-04-04 00:00:00,2.0
2025-04-03,1153,#3,9.0,4.5,21.0,165.61,2025-04-03 04:00:00,2025-04-03 06:00:00,2.0
2025-04-03,1148,#16,11.0,1.5714285714285714,32.0,122.39,2025-04-03 07:00:00,2025-04-03 14:00:00,7.0
2025-04-03,1150,#21,65.0,9.285714285714286,34.0,176.08,2025-04-03 08:00:00,2025-04-03 15:00:00,7.0
2025-04-03,1151,#23,14.0,3.5,25.0,146.79,2025-04-03 00:00:00,2025-04-03 04:00:00,4.0
2025-04-04,1165,#2,3.0,1.5,14.0,126.46,2025-04-04 06:00:00,2025-04-04 08:00:00,2.0
2025-04-04,1166,#7,34.0,8.5,23.0,138.58,2025-04-04 00:00:00,2025-04-04 04:00:00,4.0
2025-04-04,1167,#9,5.0,1.6666666666666667,42.0,166.06,2025-04-04 00:00:00,2025-04-04 03:00:00,3.0
2025-04-04,1160,#11,7.0,2.3333333333333335,29.0,164.59,2025-04-04 19:00:00,2025-04-04 22:00:00,3.0
2025-04-04,1161,#21,32.0,8.0,33.0,161.28,2025-04-04 10:00:00,2025-04-04 14:00:00,4.0
2025-04-04,1163,#23,16.0,5.333333333333333,37.0,200.7,2025-04-04 03:00:00,2025-04-04 06:00:00,3.0
2025-04-04,1162,#22,3.0,1.0,59.0,446.05,2025-04-04 12:00:00,2025-04-04 15:00:00,3.0
2025-04-04,1164,#28,84.0,10.5,29.0,205.55,2025-04-04 14:00:00,2025-04-04 22:00:00,8.0
2025-04-05,1177,#2,21.0,4.2,33.0,230.01,2025-04-05 09:00:00,2025-04-05 14:00:00,5.0
2025-04-05,1178,#3,29.0,7.25,29.0,156.09,2025-04-05 00:00:00,2025-04-05 04:00:00,4.0
2025-04-05,1179,#7,23.0,4.6,26.0,149.35,2025-04-05 03:00:00,2025-04-05 08:00:00,5.0
2025-04-05,1180,#9,5.0,1.6666666666666667,60.0,-70.14,2025-04-05 03:00:00,2025-04-05 06:00:00,3.0
2025-04-05,1174,#11,5.0,1.25,21.0,76.64,2025-04-05 14:00:00,2025-04-05 18:00:00,4.0
2025-04-05,1175,#18,2.0,2.0,18.0,38.1,2025-04-05 13:00:00,2025-04-05 14:00:00,1.0
2025-04-05,1176,#29,70.0,8.75,25.0,154.88,2025-04-05 14:00:00,2025-04-05 22:00:00,8.0
2025-04-06,1191,#3,43.0,6.142857142857143,23.0,148.17,2025-04-06 00:00:00,2025-04-06 07:00:00,7.0
2025-04-06,1192,#7,1.0,1.0,16.0,76.79,2025-04-06 02:00:00,2025-04-06 03:00:00,1.0
2025-04-06,1193,#9,39.0,7.8,34.0,203.53,2025-04-06 10:00:00,2025-04-06 15:00:00,5.0
2025-04-06,1188,#11,5.0,5.0,23.0,142.75,2025-04-06 16:00:00,2025-04-06 17:00:00,1.0
2025-04-06,1189,#18,8.0,4.0,18.0,113.15,2025-04-06 07:00:00,2025-04-06 09:00:00,2.0
2025-04-06,1190,#28,44.0,6.285714285714286,29.0,179.44,2025-04-06 15:00:00,2025-04-06 22:00:00,7.0
2025-04-07,1203,#2,4.0,4.0,41.0,288.92,2025-04-07 19:00:00,2025-04-07 20:00:00,1.0
2025-04-07,1204,#3,14.0,4.666666666666667,26.0,149.03,2025-04-07 03:00:00,2025-04-07 06:00:00,3.0
2025-04-07,1205,#9,12.0,1.5,33.0,167.07,2025-04-07 06:00:00,2025-04-07 14:00:00,8.0
2025-04-07,1200,#21,28.0,4.666666666666667,32.0,183.51,2025-04-07 08:00:00,2025-04-07 14:00:00,6.0
2025-04-07,1201,#23,18.0,4.5,24.0,140.87,2025-04-07 00:00:00,2025-04-07 04:00:00,4.0
2025-04-07,1202,#28,54.0,6.75,24.0,155.88,2025-04-07 14:00:00,2025-04-07 22:00:00,8.0
2025-04-08,1217,#3,20.0,5.0,22.0,122.12,2025-04-08 00:00:00,2025-04-08 04:00:00,4.0
2025-04-08,1218,#6,2.0,2.0,35.0,27.23,2025-04-08 12:00:00,2025-04-08 13:00:00,1.0
2025-04-08,1219,#9,5.0,0.8333333333333334,13.0,41.52,2025-04-08 14:00:00,2025-04-08 20:00:00,6.0
2025-04-08,1213,#21,28.0,5.6,32.0,148.04,2025-04-08 09:00:00,2025-04-08 14:00:00,5.0
2025-04-08,1214,#23,1.0,1.0,13.0,79.46,2025-04-08 03:00:00,2025-04-08 04:00:00,1.0
2025-04-08,1215,#25,1.0,1.0,46.0,8.93,2025-04-08 01:00:00,2025-04-08 02:00:00,1.0
2025-04-08,1216,#28,59.0,7.375,25.0,152.86,2025-04-08 14:00:00,2025-04-08 22:00:00,8.0
2025-04-09,1228,#3,29.0,4.833333333333333,39.0,163.59,2025-04-09 00:00:00,2025-04-09 06:00:00,6.0
2025-04-09,1229,#6,1.0,1.0,7.0,88.39,2025-04-09 07:00:00,2025-04-09 08:00:00,1.0
2025-04-09,1226,#14,49.0,8.166666666666666,34.0,147.23,2025-04-09 16:00:00,2025-04-09 22:00:00,6.0
2025-04-09,1227,#21,47.0,5.875,36.0,164.64,2025-04-09 08:00:00,2025-04-09 16:00:00,8.0
2025-04-10,1239,#2,9.0,2.25,26.0,133.63,2025-04-10 00:00:00,2025-04-10 04:00:00,4.0
2025-04-10,1240,#3,8.0,2.6666666666666665,29.0,104.15,2025-04-10 04:00:00,2025-04-10 07:00:00,3.0
2025-04-10,1241,#6,1.0,1.0,69.0,168.75,2025-04-10 07:00:00,2025-04-10 08:00:00,1.0
2025-04-10,1236,#21,43.0,5.375,34.0,176.43,2025-04-10 08:00:00,2025-04-10 16:00:00,8.0
2025-04-10,1237,#23,14.0,3.5,27.0,158.08,2025-04-10 00:00:00,2025-04-10 04:00:00,4.0
2025-04-10,1238,#29,52.0,7.428571428571429,26.0,142.37,2025-04-10 15:00:00,2025-04-10 22:00:00,7.0
2025-04-11,1252,#3,35.0,8.75,25.0,135.61,2025-04-11 00:00:00,2025-04-11 04:00:00,4.0
2025-04-11,1253,#9,5.0,1.6666666666666667,32.0,253.27,2025-04-11 08:00:00,2025-04-11 11:00:00,3.0
2025-04-11,1248,#11,4.0,1.0,14.0,102.13,2025-04-11 16:00:00,2025-04-11 20:00:00,4.0
2025-04-11,1249,#21,30.0,5.0,27.0,188.15,2025-04-11 09:00:00,2025-04-11 15:00:00,6.0
2025-04-11,1250,#23,9.0,2.25,20.0,121.28,2025-04-11 03:00:00,2025-04-11 07:00:00,4.0
2025-04-11,1251,#29,53.0,7.571428571428571,27.0,181.71,2025-04-11 15:00:00,2025-04-11 22:00:00,7.0
2025-04-12,1266,#3,25.0,6.25,23.0,133.48,2025-04-12 03:00:00,2025-04-12 07:00:00,4.0
2025-04-12,1267,#7,13.0,6.5,27.0,116.99,2025-04-12 22:00:00,2025-04-13 00:00:00,2.0
2025-04-12,1261,#11,7.0,7.0,35.0,238.98,2025-04-12 15:00:00,2025-04-12 16:00:00,1.0
2025-04-12,1262,#14,46.0,6.571428571428571,32.0,150.63,2025-04-12 08:00:00,2025-04-12 15:00:00,7.0
2025-04-12,1263,#15,59.0,7.375,44.0,225.33,2025-04-12 14:00:00,2025-04-12 22:00:00,8.0
2025-04-12,1264,#17,41.0,10.25,27.0,173.35,2025-04-12 00:00:00,2025-04-12 04:00:00,4.0
2025-04-12,1265,#22,2.0,0.6666666666666666,15.0,81.77,2025-04-12 10:00:00,2025-04-12 13:00:00,3.0
2025-04-13,1275,#11,62.0,6.888888888888889,36.0,172.76,2025-04-13 14:00:00,2025-04-13 23:00:00,9.0
2025-04-13,1276,#17,50.0,6.25,25.0,158.06,2025-04-13 00:00:00,2025-04-13 08:00:00,8.0
2025-04-13,1277,#22,4.0,4.0,30.0,159.01,2025-04-13 11:00:00,2025-04-13 12:00:00,1.0
2025-04-13,1278,#26,26.0,4.333333333333333,20.0,129.38,2025-04-13 08:00:00,2025-04-13 14:00:00,6.0
2025-04-14,1290,#2,8.0,1.3333333333333333,27.0,124.0,2025-04-14 14:00:00,2025-04-14 20:00:00,6.0
2025-04-14,1291,#7,1.0,1.0,20.0,40.18,2025-04-14 03:00:00,2025-04-14 04:00:00,1.0
2025-04-14,1285,#16,1.0,1.0,32.0,444.64,2025-04-14 07:00:00,2025-04-14 08:00:00,1.0
2025-04-14,1286,#17,21.0,5.25,25.0,172.67,2025-04-14 03:00:00,2025-04-14 07:00:00,4.0
2025-04-14,1287,#21,54.0,9.0,23.0,155.98,2025-04-14 08:00:00,2025-04-14 14:00:00,6.0
2025-04-14,1288,#23,26.0,6.5,35.0,153.22,2025-04-14 00:00:00,2025-04-14 04:00:00,4.0
2025-04-14,1289,#28,75.0,9.375,28.0,155.16,2025-04-14 14:00:00,2025-04-14 22:00:00,8.0
2025-04-15,1303,#2,3.0,3.0,51.0,199.11,2025-04-15 19:00:00,2025-04-15 20:00:00,1.0
2025-04-15,1299,#21,15.0,5.0,26.0,139.03,2025-04-15 10:00:00,2025-04-15 13:00:00,3.0
2025-04-15,1300,#23,1.0,1.0,54.0,212.5,2025-04-15 03:00:00,2025-04-15 04:00:00,1.0
2025-04-15,1301,#28,78.0,8.666666666666666,24.0,175.49,2025-04-15 13:00:00,2025-04-15 22:00:00,9.0
2025-04-15,1302,#29,20.0,10.0,26.0,144.21,2025-04-15 22:00:00,2025-04-16 00:00:00,2.0
2025-04-16,1310,#16,3.0,3.0,27.0,44.93,2025-04-16 22:00:00,2025-04-16 23:00:00,1.0
2025-04-16,1311,#21,32.0,5.333333333333333,28.0,142.02,2025-04-16 08:00:00,2025-04-16 14:00:00,6.0
2025-04-16,1312,#28,93.0,9.3,32.0,170.57,2025-04-16 14:00:00,2025-04-17 00:00:00,10.0
2025-04-16,1313,#29,10.0,3.3333333333333335,14.0,66.15,2025-04-16 03:00:00,2025-04-16 06:00:00,3.0
2025-04-17,1323,#6,24.0,6.0,27.0,147.69,2025-04-17 00:00:00,2025-04-17 04:00:00,4.0
2025-04-17,1324,#9,6.0,2.0,20.0,99.43,2025-04-17 00:00:00,2025-04-17 03:00:00,3.0
2025-04-17,1320,#16,7.0,7.0,29.0,156.01,2025-04-17 14:00:00,2025-04-17 15:00:00,1.0
2025-04-17,1321,#21,37.0,5.285714285714286,37.0,197.67,2025-04-17 08:00:00,2025-04-17 15:00:00,7.0
2025-04-17,1322,#28,87.0,10.875,28.0,133.71,2025-04-17 14:00:00,2025-04-17 22:00:00,8.0
2025-04-18,1337,#6,28.0,9.333333333333334,20.0,109.4,2025-04-18 03:00:00,2025-04-18 06:00:00,3.0
2025-04-18,1338,#9,4.0,2.0,38.0,167.92,2025-04-18 05:00:00,2025-04-18 07:00:00,2.0
2025-04-18,1332,#11,1.0,1.0,31.0,269.44,2025-04-18 17:00:00,2025-04-18 18:00:00,1.0
2025-04-18,1333,#17,27.0,6.75,30.0,129.92,2025-04-18 00:00:00,2025-04-18 04:00:00,4.0
2025-04-18,1334,#18,11.0,2.2,45.0,205.85,2025-04-18 06:00:00,2025-04-18 11:00:00,5.0
2025-04-18,1335,#21,26.0,5.2,34.0,202.9,2025-04-18 09:00:00,2025-04-18 14:00:00,5.0
2025-04-18,1336,#28,49.0,5.444444444444445,25.0,147.18,2025-04-18 13:00:00,2025-04-18 22:00:00,9.0
2025-04-19,1350,#2,5.0,1.0,33.0,83.49,2025-04-19 07:00:00,2025-04-19 12:00:00,5.0
2025-04-19,1351,#4,53.0,6.625,32.0,149.65,2025-04-19 08:00:00,2025-04-19 16:00:00,8.0
2025-04-19,1345,#17,31.0,7.75,50.0,232.13,2025-04-19 03:00:00,2025-04-19 07:00:00,4.0
2025-04-19,1347,#23,45.0,11.25,29.0,156.42,2025-04-19 00:00:00,2025-04-19 04:00:00,4.0
2025-04-19,1346,#22,1.0,1.0,18.0,8.93,2025-04-19 23:00:00,2025-04-20 00:00:00,1.0
2025-04-19,1348,#25,26.0,3.25,39.0,200.37,2025-04-19 14:00:00,2025-04-19 22:00:00,8.0
2025-04-19,1349,#29,59.0,9.833333333333334,32.0,203.98,2025-04-19 16:00:00,2025-04-19 22:00:00,6.0
2025-04-20,1359,#1,74.0,12.333333333333334,39.0,172.06,2025-04-20 16:00:00,2025-04-20 22:00:00,6.0
2025-04-20,1363,#2,9.0,1.125,22.0,111.63,2025-04-20 06:00:00,2025-04-20 14:00:00,8.0
2025-04-20,1358,#17,30.0,3.75,30.0,145.78,2025-04-20 08:00:00,2025-04-20 16:00:00,8.0
2025-04-20,1361,#23,48.0,6.857142857142857,25.0,126.53,2025-04-20 00:00:00,2025-04-20 07:00:00,7.0
2025-04-20,1360,#22,1.0,1.0,34.0,75.45,2025-04-20 01:00:00,2025-04-20 02:00:00,1.0
2025-04-20,1362,#25,10.0,2.0,38.0,166.87,2025-04-20 14:00:00,2025-04-20 19:00:00,5.0
2025-04-21,1375,#3,4.0,2.0,21.0,109.93,2025-04-21 22:00:00,2025-04-22 00:00:00,2.0
2025-04-21,1370,#11,2.0,2.0,16.0,132.93,2025-04-21 22:00:00,2025-04-21 23:00:00,1.0
2025-04-21,1371,#21,16.0,2.2857142857142856,46.0,222.47,2025-04-21 08:00:00,2025-04-21 15:00:00,7.0
2025-04-21,1372,#23,34.0,6.8,22.0,124.54,2025-04-21 03:00:00,2025-04-21 08:00:00,5.0
2025-04-21,1373,#25,14.0,7.0,21.0,137.72,2025-04-21 22:00:00,2025-04-22 00:00:00,2.0
2025-04-21,1374,#28,80.0,10.0,24.0,133.08,2025-04-21 14:00:00,2025-04-21 22:00:00,8.0
2025-04-22,1385,#2,13.0,13.0,25.0,104.63,2025-04-22 23:00:00,2025-04-23 00:00:00,1.0
2025-04-22,1386,#3,7.0,3.5,32.0,126.32,2025-04-22 03:00:00,2025-04-22 05:00:00,2.0
2025-04-22,1387,#9,1.0,1.0,10.0,46.43,2025-04-22 09:00:00,2025-04-22 10:00:00,1.0
2025-04-22,1382,#21,30.0,5.0,24.0,136.67,2025-04-22 08:00:00,2025-04-22 14:00:00,6.0
2025-04-22,1383,#23,10.0,3.3333333333333335,22.0,94.64,2025-04-22 00:00:00,2025-04-22 03:00:00,3.0
2025-04-22,1384,#28,81.0,9.0,27.0,175.91,2025-04-22 14:00:00,2025-04-22 23:00:00,9.0
2025-04-23,1399,#2,6.0,3.0,19.0,84.23,2025-04-23 22:00:00,2025-04-24 00:00:00,2.0
2025-04-23,1400,#4,52.0,7.428571428571429,39.0,157.3,2025-04-23 15:00:00,2025-04-23 22:00:00,7.0
2025-04-23,1394,#16,1.0,1.0,25.0,91.96,2025-04-23 07:00:00,2025-04-23 08:00:00,1.0
2025-04-23,1395,#17,19.0,4.75,31.0,148.54,2025-04-23 00:00:00,2025-04-23 04:00:00,4.0
2025-04-23,1396,#21,39.0,5.571428571428571,35.0,149.14,2025-04-23 08:00:00,2025-04-23 15:00:00,7.0
2025-04-23,1398,#23,7.0,3.5,20.0,104.88,2025-04-23 04:00:00,2025-04-23 06:00:00,2.0
2025-04-23,1397,#22,9.0,3.0,62.0,216.04,2025-04-23 18:00:00,2025-04-23 21:00:00,3.0
2025-04-24,1410,#3,9.0,3.0,27.0,165.31,2025-04-24 03:00:00,2025-04-24 06:00:00,3.0
2025-04-24,1411,#7,44.0,7.333333333333333,22.0,133.34,2025-04-24 16:00:00,2025-04-24 22:00:00,6.0
2025-04-24,1412,#9,4.0,2.0,29.0,129.99,2025-04-24 00:00:00,2025-04-24 02:00:00,2.0
2025-04-24,1407,#21,52.0,6.5,23.0,128.96,2025-04-24 08:00:00,2025-04-24 16:00:00,8.0
2025-04-24,1408,#23,14.0,3.5,26.0,119.61,2025-04-24 00:00:00,2025-04-24 04:00:00,4.0
2025-04-24,1409,#25,14.0,1.5555555555555556,19.0,110.35,2025-04-24 06:00:00,2025-04-24 15:00:00,9.0
2025-04-25,1422,#6,3.0,1.0,44.0,190.64,2025-04-25 07:00:00,2025-04-25 10:00:00,3.0
2025-04-25,1423,#7,1.0,1.0,14.0,61.61,2025-04-25 01:00:00,2025-04-25 02:00:00,1.0
2025-04-25,1424,#9,4.0,1.0,42.0,193.1,2025-04-25 03:00:00,2025-04-25 07:00:00,4.0
2025-04-25,1418,#11,3.0,3.0,25.0,111.95,2025-04-25 22:00:00,2025-04-25 23:00:00,1.0
2025-04-25,1419,#15,40.0,5.714285714285714,28.0,117.14,2025-04-25 15:00:00,2025-04-25 22:00:00,7.0
2025-04-25,1420,#21,32.0,5.333333333333333,29.0,164.86,2025-04-25 09:00:00,2025-04-25 15:00:00,6.0
2025-04-25,1421,#23,51.0,7.285714285714286,26.0,148.58,2025-04-25 00:00:00,2025-04-25 07:00:00,7.0
2025-04-26,1434,#2,11.0,2.75,27.0,115.75,2025-04-26 10:00:00,2025-04-26 14:00:00,4.0
2025-04-26,1435,#3,22.0,5.5,26.0,129.62,2025-04-26 03:00:00,2025-04-26 07:00:00,4.0
2025-04-26,1436,#6,25.0,3.5714285714285716,34.0,153.5,2025-04-26 08:00:00,2025-04-26 15:00:00,7.0
2025-04-26,1431,#15,31.0,3.875,28.0,128.02,2025-04-26 15:00:00,2025-04-26 23:00:00,8.0
2025-04-26,1432,#23,24.0,6.0,23.0,186.0,2025-04-26 00:00:00,2025-04-26 04:00:00,4.0
2025-04-26,1433,#25,42.0,4.2,25.0,129.43,2025-04-26 13:00:00,2025-04-26 23:00:00,10.0
2025-04-27,1444,#1,30.0,3.75,34.0,203.44,2025-04-27 08:00:00,2025-04-27 16:00:00,8.0
2025-04-27,1447,#3,21.0,5.25,21.0,190.24,2025-04-27 00:00:00,2025-04-27 04:00:00,4.0
2025-04-27,1448,#9,29.0,4.833333333333333,25.0,175.53,2025-04-27 16:00:00,2025-04-27 22:00:00,6.0
2025-04-27,1443,#11,3.0,1.0,66.0,360.77,2025-04-27 18:00:00,2025-04-27 21:00:00,3.0
2025-04-27,1445,#23,36.0,9.0,23.0,142.24,2025-04-27 03:00:00,2025-04-27 07:00:00,4.0
2025-04-27,1446,#25,6.0,1.2,37.0,115.42,2025-04-27 06:00:00,2025-04-27 11:00:00,5.0
2025-04-28,1458,#2,11.0,1.375,19.0,92.26,2025-04-28 06:00:00,2025-04-28 14:00:00,8.0
2025-04-28,1459,#3,9.0,3.0,29.0,135.49,2025-04-28 03:00:00,2025-04-28 06:00:00,3.0
2025-04-28,1460,#4,46.0,6.571428571428571,34.0,175.33,2025-04-28 15:00:00,2025-04-28 22:00:00,7.0
2025-04-28,1461,#9,19.0,4.75,34.0,153.44,2025-04-28 00:00:00,2025-04-28 04:00:00,4.0
2025-04-28,1455,#11,3.0,0.75,36.0,148.95,2025-04-28 17:00:00,2025-04-28 21:00:00,4.0
2025-04-28,1456,#21,37.0,5.285714285714286,31.0,130.57,2025-04-28 08:00:00,2025-04-28 15:00:00,7.0
2025-04-28,1457,#25,5.0,2.5,36.0,263.71,2025-04-28 22:00:00,2025-04-29 00:00:00,2.0
2025-04-29,1471,#2,5.0,5.0,27.0,63.01,2025-04-29 18:00:00,2025-04-29 19:00:00,1.0
2025-04-29,1472,#3,13.0,4.333333333333333,27.0,127.47,2025-04-29 00:00:00,2025-04-29 03:00:00,3.0
2025-04-29,1473,#9,1.0,1.0,49.0,521.02,2025-04-29 03:00:00,2025-04-29 04:00:00,1.0
2025-04-29,1468,#21,57.0,7.125,33.0,178.22,2025-04-29 08:00:00,2025-04-29 16:00:00,8.0
2025-04-29,1469,#25,6.0,6.0,29.0,143.09,2025-04-29 23:00:00,2025-04-30 00:00:00,1.0
2025-04-29,1470,#29,45.0,7.5,30.0,163.06,2025-04-29 16:00:00,2025-04-29 22:00:00,6.0
2025-04-30,1485,#2,13.0,6.5,48.0,218.61,2025-04-30 22:00:00,2025-05-01 00:00:00,2.0
2025-04-30,1486,#3,4.0,1.3333333333333333,40.0,96.65,2025-04-30 03:00:00,2025-04-30 06:00:00,3.0
2025-04-30,1480,#11,6.0,1.5,51.0,188.43,2025-04-30 14:00:00,2025-04-30 18:00:00,4.0
2025-04-30,1481,#14,42.0,7.0,36.0,146.73,2025-04-30 16:00:00,2025-04-30 22:00:00,6.0
2025-04-30,1482,#17,19.0,4.75,31.0,122.58,2025-04-30 00:00:00,2025-04-30 04:00:00,4.0
2025-04-30,1483,#21,49.0,6.125,36.0,190.71,2025-04-30 08:00:00,2025-04-30 16:00:00,8.0
2025-04-30,1484,#22,7.0,7.0,35.0,142.59,2025-04-30 09:00:00,2025-04-30 10:00:00,1.0
2025-05-01,1497,#9,5.0,2.5,25.0,81.56,2025-05-01 00:00:00,2025-05-01 02:00:00,2.0
2025-05-01,1493,#17,31.0,6.2,27.0,149.32,2025-05-01 03:00:00,2025-05-01 08:00:00,5.0
2025-05-01,1494,#21,40.0,5.714285714285714,32.0,151.48,2025-05-01 08:00:00,2025-05-01 15:00:00,7.0
2025-05-01,1495,#23,17.0,8.5,27.0,178.31,2025-05-01 22:00:00,2025-05-02 00:00:00,2.0
2025-05-01,1496,#29,58.00000000000001,8.285714285714286,29.0,142.37,2025-05-01 15:00:00,2025-05-01 22:00:00,7.0
2025-05-02,1509,#7,11.0,5.5,18.0,114.46,2025-05-02 19:00:00,2025-05-02 21:00:00,2.0
2025-05-02,1510,#9,1.0,1.0,40.0,547.39,2025-05-02 05:00:00,2025-05-02 06:00:00,1.0
2025-05-02,1504,#17,44.0,8.8,32.0,134.12,2025-05-02 15:00:00,2025-05-02 20:00:00,5.0
2025-05-02,1505,#21,41.0,5.857142857142857,46.0,175.69,2025-05-02 08:00:00,2025-05-02 15:00:00,7.0
2025-05-02,1506,#23,15.0,5.0,19.0,141.61,2025-05-02 04:00:00,2025-05-02 07:00:00,3.0
2025-05-02,1507,#25,8.0,2.6666666666666665,18.0,137.03,2025-05-02 11:00:00,2025-05-02 14:00:00,3.0
2025-05-02,1508,#29,36.0,12.0,27.0,150.05,2025-05-02 21:00:00,2025-05-03 00:00:00,3.0
2025-05-03,1521,#6,6.0,6.0,27.0,139.23,2025-05-03 07:00:00,2025-05-03 08:00:00,1.0
2025-05-03,1522,#9,48.0,6.857142857142857,32.0,171.71,2025-05-03 09:00:00,2025-05-03 16:00:00,7.0
2025-05-03,1518,#11,29.0,2.9,25.0,189.43,2025-05-03 14:00:00,2025-05-04 00:00:00,10.0
2025-05-03,1519,#23,15.0,3.75,28.0,139.93,2025-05-03 03:00:00,2025-05-03 07:00:00,4.0
2025-05-03,1520,#29,29.0,4.833333333333333,27.0,186.67,2025-05-03 16:00:00,2025-05-03 22:00:00,6.0
2025-05-04,1532,#3,22.0,5.5,23.0,112.71,2025-05-04 00:00:00,2025-05-04 04:00:00,4.0
2025-05-04,1533,#4,52.0,7.428571428571429,30.0,162.1,2025-05-04 16:00:00,2025-05-04 23:00:00,7.0
2025-05-04,1534,#9,21.0,2.625,29.0,174.79,2025-05-04 06:00:00,2025-05-04 14:00:00,8.0
2025-05-04,1529,#11,16.0,4.0,23.0,128.41,2025-05-04 03:00:00,2025-05-04 07:00:00,4.0
2025-05-04,1530,#17,28.0,3.5,38.0,238.85,2025-05-04 08:00:00,2025-05-04 16:00:00,8.0
2025-05-04,1531,#22,2.0,1.0,32.0,46.43,2025-05-04 22:00:00,2025-05-05 00:00:00,2.0
2025-05-05,1543,#1,12.0,3.0,45.0,238.53,2025-05-05 13:00:00,2025-05-05 17:00:00,4.0
2025-05-05,1546,#2,13.0,1.8571428571428572,25.0,181.7,2025-05-05 16:00:00,2025-05-05 23:00:00,7.0
2025-05-05,1547,#3,4.0,1.3333333333333333,13.0,77.44,2025-05-05 03:00:00,2025-05-05 06:00:00,3.0
2025-05-05,1548,#4,26.0,4.333333333333333,31.0,167.75,2025-05-05 16:00:00,2025-05-05 22:00:00,6.0
2025-05-05,1542,#16,3.0,1.0,16.0,105.77,2025-05-05 06:00:00,2025-05-05 09:00:00,3.0
2025-05-05,1544,#21,24.0,4.0,33.0,161.47,2025-05-05 08:00:00,2025-05-05 14:00:00,6.0
2025-05-05,1545,#23,16.0,4.0,22.0,125.31,2025-05-05 00:00:00,2025-05-05 04:00:00,4.0
2025-05-06,1561,#9,5.0,1.6666666666666667,19.0,84.01,2025-05-06 11:00:00,2025-05-06 14:00:00,3.0
2025-05-06,1556,#17,16.0,4.0,32.0,120.72,2025-05-06 00:00:00,2025-05-06 04:00:00,4.0
2025-05-06,1557,#21,23.0,3.2857142857142856,21.0,123.83,2025-05-06 08:00:00,2025-05-06 15:00:00,7.0
2025-05-06,1558,#22,3.0,1.5,15.0,80.75,2025-05-06 18:00:00,2025-05-06 20:00:00,2.0
2025-05-06,1559,#25,1.0,1.0,21.0,46.43,2025-05-06 22:00:00,2025-05-06 23:00:00,1.0
2025-05-06,1560,#29,47.0,5.875,32.0,140.78,2025-05-06 14:00:00,2025-05-06 22:00:00,8.0
2025-05-07,1574,#2,5.0,2.5,20.0,88.95,2025-05-07 22:00:00,2025-05-08 00:00:00,2.0
2025-05-07,1575,#7,2.0,2.0,25.0,172.05,2025-05-07 15:00:00,2025-05-07 16:00:00,1.0
2025-05-07,1569,#14,53.0,8.833333333333334,30.0,141.38,2025-05-07 16:00:00,2025-05-07 22:00:00,6.0
2025-05-07,1570,#17,15.0,3.75,34.0,193.88,2025-05-07 00:00:00,2025-05-07 04:00:00,4.0
2025-05-07,1571,#21,53.0,6.625,27.0,130.78,2025-05-07 08:00:00,2025-05-07 16:00:00,8.0
2025-05-07,1572,#22,10.0,2.0,22.0,202.26,2025-05-07 09:00:00,2025-05-07 14:00:00,5.0
2025-05-07,1573,#25,7.0,1.4,16.0,109.12,2025-05-07 03:00:00,2025-05-07 08:00:00,5.0
2025-05-08,1588,#2,2.0,2.0,22.0,84.33,2025-05-08 01:00:00,2025-05-08 02:00:00,1.0
2025-05-08,1589,#9,6.0,1.5,24.0,158.54,2025-05-08 07:00:00,2025-05-08 11:00:00,4.0
2025-05-08,1583,#11,10.0,2.0,23.0,79.19,2025-05-08 15:00:00,2025-05-08 20:00:00,5.0
2025-05-08,1584,#17,11.0,2.75,38.0,179.81,2025-05-08 03:00:00,2025-05-08 07:00:00,4.0
2025-05-08,1585,#21,30.0,5.0,44.0,189.64,2025-05-08 08:00:00,2025-05-08 14:00:00,6.0
2025-05-08,1586,#23,29.0,9.666666666666666,30.0,212.14,2025-05-08 21:00:00,2025-05-09 00:00:00,3.0
2025-05-08,1587,#29,73.0,9.125,21.0,161.74,2025-05-08 14:00:00,2025-05-08 22:00:00,8.0
2025-05-09,1601,#2,4.0,1.3333333333333333,36.0,126.72,2025-05-09 00:00:00,2025-05-09 03:00:00,3.0
2025-05-09,1602,#3,37.0,9.25,28.0,199.66,2025-05-09 00:00:00,2025-05-09 04:00:00,4.0
2025-05-09,1603,#9,3.0,0.6,18.0,128.35,2025-05-09 07:00:00,2025-05-09 12:00:00,5.0
2025-05-09,1597,#21,41.0,6.833333333333333,38.0,175.41,2025-05-09 08:00:00,2025-05-09 14:00:00,6.0
2025-05-09,1599,#23,14.0,4.666666666666667,28.0,104.02,2025-05-09 03:00:00,2025-05-09 06:00:00,3.0
2025-05-09,1598,#22,1.0,1.0,42.0,77.94,2025-05-09 14:00:00,2025-05-09 15:00:00,1.0
2025-05-09,1600,#29,72.0,9.0,32.0,148.68,2025-05-09 14:00:00,2025-05-09 22:00:00,8.0
2025-05-10,1614,#3,64.0,9.142857142857142,28.0,136.11,2025-05-10 00:00:00,2025-05-10 07:00:00,7.0
2025-05-10,1615,#4,44.0,6.285714285714286,40.0,198.79,2025-05-10 15:00:00,2025-05-10 22:00:00,7.0
2025-05-10,1611,#14,25.0,3.5714285714285716,45.0,200.24,2025-05-10 08:00:00,2025-05-10 15:00:00,7.0
2025-05-10,1612,#22,22.0,3.6666666666666665,36.0,164.48,2025-05-10 14:00:00,2025-05-10 20:00:00,6.0
2025-05-10,1613,#25,4.0,4.0,16.0,68.37,2025-05-10 13:00:00,2025-05-10 14:00:00,1.0
2025-05-11,1627,#3,38.0,4.75,26.0,141.54,2025-05-11 00:00:00,2025-05-11 08:00:00,8.0
2025-05-11,1628,#7,1.0,1.0,14.0,15.18,2025-05-11 02:00:00,2025-05-11 03:00:00,1.0
2025-05-11,1623,#11,5.0,1.25,15.0,99.07,2025-05-11 19:00:00,2025-05-11 23:00:00,4.0
2025-05-11,1624,#17,33.0,4.125,40.0,153.8,2025-05-11 08:00:00,2025-05-11 16:00:00,8.0
2025-05-11,1625,#25,10.0,5.0,28.0,153.24,2025-05-11 06:00:00,2025-05-11 08:00:00,2.0
2025-05-11,1626,#29,39.0,6.5,39.0,220.89,2025-05-11 16:00:00,2025-05-11 22:00:00,6.0
2025-05-12,1641,#3,10.0,2.5,20.0,68.46,2025-05-12 03:00:00,2025-05-12 07:00:00,4.0
2025-05-12,1642,#9,16.0,3.2,34.0,167.08,2025-05-12 14:00:00,2025-05-12 19:00:00,5.0
2025-05-12,1636,#16,4.0,1.0,27.0,153.85,2025-05-12 10:00:00,2025-05-12 14:00:00,4.0
2025-05-12,1637,#21,45.0,6.428571428571429,37.0,168.61,2025-05-12 08:00:00,2025-05-12 15:00:00,7.0
2025-05-12,1638,#23,11.0,2.75,25.0,121.21,2025-05-12 00:00:00,2025-05-12 04:00:00,4.0
2025-05-12,1639,#25,1.0,1.0,44.0,-291.07,2025-05-12 23:00:00,2025-05-13 00:00:00,1.0
2025-05-12,1640,#29,30.0,5.0,31.0,138.72,2025-05-12 16:00:00,2025-05-12 22:00:00,6.0
2025-05-13,1652,#2,18.0,2.0,30.0,140.92,2025-05-13 14:00:00,2025-05-13 23:00:00,9.0
2025-05-13,1653,#6,1.0,1.0,23.0,23.66,2025-05-13 10:00:00,2025-05-13 11:00:00,1.0
2025-05-13,1649,#21,55.0,7.857142857142857,41.0,132.61,2025-05-13 08:00:00,2025-05-13 15:00:00,7.0
2025-05-13,1650,#23,23.0,5.75,21.0,119.67,2025-05-13 00:00:00,2025-05-13 04:00:00,4.0
2025-05-13,1651,#29,45.0,6.428571428571429,38.0,171.13,2025-05-13 15:00:00,2025-05-13 22:00:00,7.0
2025-05-14,1663,#2,28.0,7.0,26.0,163.01,2025-05-14 00:00:00,2025-05-14 04:00:00,4.0
2025-05-14,1664,#9,57.0,8.142857142857142,29.0,134.89,2025-05-14 15:00:00,2025-05-14 22:00:00,7.0
2025-05-14,1660,#16,3.0,3.0,16.0,43.8,2025-05-14 17:00:00,2025-05-14 18:00:00,1.0
2025-05-14,1661,#21,38.0,5.428571428571429,32.0,174.52,2025-05-14 08:00:00,2025-05-14 15:00:00,7.0
2025-05-14,1662,#23,3.0,1.0,17.0,53.75,2025-05-14 04:00:00,2025-05-14 07:00:00,3.0
2025-05-15,1674,#2,12.0,4.0,51.0,118.35,2025-05-15 04:00:00,2025-05-15 07:00:00,3.0
2025-05-15,1675,#3,15.0,7.5,19.0,111.02,2025-05-15 22:00:00,2025-05-16 00:00:00,2.0
2025-05-15,1676,#7,2.0,2.0,13.0,101.79,2025-05-15 07:00:00,2025-05-15 08:00:00,1.0
2025-05-15,1671,#11,59.0,7.375,29.0,157.13,2025-05-15 14:00:00,2025-05-15 22:00:00,8.0
2025-05-15,1672,#16,1.0,1.0,6.0,37.5,2025-05-15 17:00:00,2025-05-15 18:00:00,1.0
2025-05-15,1673,#21,23.0,3.8333333333333335,39.0,181.53,2025-05-15 08:00:00,2025-05-15 14:00:00,6.0
2025-05-16,1687,#3,9.0,3.0,23.0,115.15,2025-05-16 04:00:00,2025-05-16 07:00:00,3.0
2025-05-16,1688,#9,4.0,1.0,20.0,53.12,2025-05-16 06:00:00,2025-05-16 10:00:00,4.0
2025-05-16,1683,#21,18.0,3.0,36.0,148.56,2025-05-16 08:00:00,2025-05-16 14:00:00,6.0
2025-05-16,1684,#25,9.0,3.0,31.0,209.28,2025-05-16 00:00:00,2025-05-16 03:00:00,3.0
2025-05-16,1685,#26,66.0,8.25,33.0,177.99,2025-05-16 14:00:00,2025-05-16 22:00:00,8.0
2025-05-16,1686,#29,17.0,4.25,38.0,178.72,2025-05-16 00:00:00,2025-05-16 04:00:00,4.0
2025-05-17,1699,#2,3.0,3.0,23.0,175.76,2025-05-17 23:00:00,2025-05-18 00:00:00,1.0
2025-05-17,1700,#4,87.0,8.7,39.0,192.32,2025-05-17 12:00:00,2025-05-17 22:00:00,10.0
2025-05-17,1696,#11,2.0,2.0,27.0,72.92,2025-05-17 21:00:00,2025-05-17 22:00:00,1.0
2025-05-17,1697,#18,16.0,3.2,32.0,132.03,2025-05-17 07:00:00,2025-05-17 12:00:00,5.0
2025-05-17,1698,#29,36.0,5.142857142857143,24.0,153.28,2025-05-17 00:00:00,2025-05-17 07:00:00,7.0
2025-05-18,1710,#2,1.0,1.0,92.0,376.62,2025-05-18 01:00:00,2025-05-18 02:00:00,1.0
2025-05-18,1711,#3,17.0,4.25,18.0,92.29,2025-05-18 00:00:00,2025-05-18 04:00:00,4.0
2025-05-18,1712,#4,41.0,6.833333333333333,38.0,181.49,2025-05-18 16:00:00,2025-05-18 22:00:00,6.0
2025-05-18,1707,#11,1.0,1.0,60.0,221.43,2025-05-18 17:00:00,2025-05-18 18:00:00,1.0
2025-05-18,1708,#17,52.0,6.5,30.0,158.54,2025-05-18 08:00:00,2025-05-18 16:00:00,8.0
2025-05-18,1709,#29,18.0,4.5,21.0,94.05,2025-05-18 03:00:00,2025-05-18 07:00:00,4.0
2025-05-19,1721,#3,12.0,3.0,36.0,161.22,2025-05-19 03:00:00,2025-05-19 07:00:00,4.0
2025-05-19,1722,#4,19.0,4.75,46.0,168.62,2025-05-19 12:00:00,2025-05-19 16:00:00,4.0
2025-05-19,1723,#6,17.0,4.25,33.0,155.2,2025-05-19 10:00:00,2025-05-19 14:00:00,4.0
2025-05-19,1724,#9,14.0,3.5,33.0,163.48,2025-05-19 00:00:00,2025-05-19 04:00:00,4.0
2025-05-19,1719,#22,16.0,2.6666666666666665,25.0,159.05,2025-05-19 17:00:00,2025-05-19 23:00:00,6.0
2025-05-19,1720,#29,29.0,5.8,23.0,194.3,2025-05-19 15:00:00,2025-05-19 20:00:00,5.0
2025-05-20,1733,#4,40.0,6.666666666666667,42.0,190.34,2025-05-20 11:00:00,2025-05-20 17:00:00,6.0
2025-05-20,1734,#6,5.0,2.5,32.0,136.51,2025-05-20 09:00:00,2025-05-20 11:00:00,2.0
2025-05-20,1735,#9,10.0,2.5,20.0,146.5,2025-05-20 00:00:00,2025-05-20 04:00:00,4.0
2025-05-20,1732,#23,15.0,3.75,22.0,153.41,2025-05-20 00:00:00,2025-05-20 04:00:00,4.0
2025-05-20,1731,#22,22.0,3.6666666666666665,41.0,148.88,2025-05-20 16:00:00,2025-05-20 22:00:00,6.0
2025-05-21,1747,#6,6.0,1.5,29.0,201.23,2025-05-21 07:00:00,2025-05-21 11:00:00,4.0
2025-05-21,1748,#9,7.0,3.5,32.0,196.79,2025-05-21 22:00:00,2025-05-22 00:00:00,2.0
2025-05-21,1743,#14,47.0,6.714285714285714,35.0,175.08,2025-05-21 16:00:00,2025-05-21 23:00:00,7.0
2025-05-21,1744,#21,43.0,8.6,34.0,192.49,2025-05-21 11:00:00,2025-05-21 16:00:00,5.0
2025-05-21,1746,#23,20.0,3.3333333333333335,22.0,121.53,2025-05-21 00:00:00,2025-05-21 06:00:00,6.0
2025-05-21,1745,#22,2.0,1.0,3.0,37.5,2025-05-21 18:00:00,2025-05-21 20:00:00,2.0
2025-05-22,1761,#3,24.0,12.0,25.0,123.01,2025-05-22 22:00:00,2025-05-23 00:00:00,2.0
2025-05-22,1756,#11,2.0,2.0,59.0,207.6,2025-05-22 16:00:00,2025-05-22 17:00:00,1.0
2025-05-22,1757,#21,36.0,6.0,26.0,186.31,2025-05-22 08:00:00,2025-05-22 14:00:00,6.0
2025-05-22,1758,#23,12.0,4.0,20.0,121.18,2025-05-22 04:00:00,2025-05-22 07:00:00,3.0
2025-05-22,1759,#25,1.0,1.0,22.0,115.18,2025-05-22 14:00:00,2025-05-22 15:00:00,1.0
2025-05-22,1760,#26,57.0,6.333333333333333,37.0,148.5,2025-05-22 14:00:00,2025-05-22 23:00:00,9.0
2025-05-23,1772,#3,39.0,6.5,28.0,140.54,2025-05-23 00:00:00,2025-05-23 06:00:00,6.0
2025-05-23,1773,#7,1.0,1.0,30.0,8.93,2025-05-23 13:00:00,2025-05-23 14:00:00,1.0
2025-05-23,1769,#11,4.0,4.0,66.0,137.25,2025-05-23 15:00:00,2025-05-23 16:00:00,1.0
2025-05-23,1770,#21,62.0,7.75,30.0,182.97,2025-05-23 08:00:00,2025-05-23 16:00:00,8.0
2025-05-23,1771,#29,45.0,7.5,27.0,177.12,2025-05-23 16:00:00,2025-05-23 22:00:00,6.0
2025-05-24,1783,#2,6.0,1.5,39.0,128.53,2025-05-24 10:00:00,2025-05-24 14:00:00,4.0
2025-05-24,1784,#3,52.0,3.7142857142857144,28.0,158.77,2025-05-24 03:00:00,2025-05-24 17:00:00,14.0
2025-05-24,1785,#7,4.0,4.0,56.0,402.75,2025-05-24 16:00:00,2025-05-24 17:00:00,1.0
2025-05-24,1786,#9,1.0,1.0,16.0,140.63,2025-05-24 00:00:00,2025-05-24 01:00:00,1.0
2025-05-24,1781,#23,29.0,7.25,21.0,140.4,2025-05-24 00:00:00,2025-05-24 04:00:00,4.0
2025-05-24,1782,#29,61.0,10.166666666666666,27.0,167.5,2025-05-24 16:00:00,2025-05-24 22:00:00,6.0
2025-05-25,1795,#2,3.0,1.5,49.0,181.15,2025-05-25 13:00:00,2025-05-25 15:00:00,2.0
2025-05-25,1796,#7,10.0,5.0,18.0,175.72,2025-05-25 15:00:00,2025-05-25 17:00:00,2.0
2025-05-25,1797,#9,10.0,1.4285714285714286,27.0,129.06,2025-05-25 00:00:00,2025-05-25 07:00:00,7.0
2025-05-25,1793,#23,45.0,3.0,28.0,146.26,2025-05-25 00:00:00,2025-05-25 15:00:00,15.0
2025-05-25,1794,#29,24.0,4.0,31.0,169.97,2025-05-25 16:00:00,2025-05-25 22:00:00,6.0
2025-05-26,1808,#2,1.0,1.0,16.0,52.68,2025-05-26 17:00:00,2025-05-26 18:00:00,1.0
2025-05-26,1809,#3,24.0,6.0,28.0,126.98,2025-05-26 00:00:00,2025-05-26 04:00:00,4.0
2025-05-26,1810,#9,2.0,1.0,53.0,201.68,2025-05-26 05:00:00,2025-05-26 07:00:00,2.0
2025-05-26,1804,#21,50.0,5.555555555555555,30.0,132.37,2025-05-26 07:00:00,2025-05-26 16:00:00,9.0
2025-05-26,1805,#23,4.0,1.0,20.0,74.32,2025-05-26 03:00:00,2025-05-26 07:00:00,4.0
2025-05-26,1806,#25,2.0,2.0,16.0,50.07,2025-05-26 22:00:00,2025-05-26 23:00:00,1.0
2025-05-26,1807,#29,38.0,6.333333333333333,42.0,172.58,2025-05-26 16:00:00,2025-05-26 22:00:00,6.0
2025-05-27,1821,#2,14.0,3.5,37.0,180.95,2025-05-27 00:00:00,2025-05-27 04:00:00,4.0
2025-05-27,1822,#3,5.0,5.0,18.0,76.25,2025-05-27 03:00:00,2025-05-27 04:00:00,1.0
2025-05-27,1823,#6,6.0,3.0,23.0,138.79,2025-05-27 09:00:00,2025-05-27 11:00:00,2.0
2025-05-27,1824,#9,5.0,1.25,22.0,141.27,2025-05-27 15:00:00,2025-05-27 19:00:00,4.0
2025-05-27,1818,#20,39.0,6.5,38.0,159.29,2025-05-27 15:00:00,2025-05-27 21:00:00,6.0
2025-05-27,1819,#21,34.0,5.666666666666667,27.0,162.02,2025-05-27 09:00:00,2025-05-27 15:00:00,6.0
2025-05-27,1820,#29,21.0,10.5,30.0,165.82,2025-05-27 22:00:00,2025-05-28 00:00:00,2.0
2025-05-28,1837,#2,8.0,2.6666666666666665,24.0,131.53,2025-05-28 00:00:00,2025-05-28 03:00:00,3.0
2025-05-28,1832,#14,49.0,6.125,34.0,154.62,2025-05-28 15:00:00,2025-05-28 23:00:00,8.0
2025-05-28,1833,#21,34.0,4.25,32.0,126.15,2025-05-28 08:00:00,2025-05-28 16:00:00,8.0
2025-05-28,1834,#23,12.0,3.0,44.0,106.69,2025-05-28 00:00:00,2025-05-28 04:00:00,4.0
2025-05-28,1835,#25,2.0,0.6666666666666666,29.0,148.25,2025-05-28 06:00:00,2025-05-28 09:00:00,3.0
2025-05-28,1836,#29,6.0,2.0,34.0,123.8,2025-05-28 03:00:00,2025-05-28 06:00:00,3.0
2025-05-29,1848,#7,5.0,2.5,16.0,123.32,2025-05-29 14:00:00,2025-05-29 16:00:00,2.0
2025-05-29,1844,#20,94.0,10.444444444444445,32.0,159.0,2025-05-29 15:00:00,2025-05-30 00:00:00,9.0
2025-05-29,1845,#21,32.0,5.333333333333333,32.0,150.39,2025-05-29 09:00:00,2025-05-29 15:00:00,6.0
2025-05-29,1846,#23,19.0,3.8,26.0,95.75,2025-05-29 03:00:00,2025-05-29 08:00:00,5.0
2025-05-29,1847,#25,6.0,2.0,21.0,126.19,2025-05-29 11:00:00,2025-05-29 14:00:00,3.0
2025-05-30,1859,#3,34.0,8.5,26.0,169.71,2025-05-30 00:00:00,2025-05-30 04:00:00,4.0
2025-05-30,1860,#7,3.0,1.0,23.0,155.4,2025-05-30 19:00:00,2025-05-30 22:00:00,3.0
2025-05-30,1861,#9,3.0,3.0,40.0,170.68,2025-05-30 07:00:00,2025-05-30 08:00:00,1.0
2025-05-30,1856,#15,52.0,7.428571428571429,36.0,180.46,2025-05-30 15:00:00,2025-05-30 22:00:00,7.0
2025-05-30,1857,#20,10.0,2.5,33.0,220.51,2025-05-30 03:00:00,2025-05-30 07:00:00,4.0
2025-05-30,1858,#21,36.0,5.142857142857143,30.0,176.99,2025-05-30 08:00:00,2025-05-30 15:00:00,7.0
2025-05-31,1869,#1,50.0,6.25,27.0,176.47,2025-05-31 08:00:00,2025-05-31 16:00:00,8.0
2025-05-31,1872,#3,24.0,4.8,28.0,193.02,2025-05-31 03:00:00,2025-05-31 08:00:00,5.0
2025-05-31,1868,#11,10.0,3.3333333333333335,26.0,112.32,2025-05-31 15:00:00,2025-05-31 18:00:00,3.0
2025-05-31,1870,#23,31.0,7.75,28.0,158.07,2025-05-31 00:00:00,2025-05-31 04:00:00,4.0
2025-05-31,1871,#29,46.0,7.666666666666667,40.0,277.88,2025-05-31 16:00:00,2025-05-31 22:00:00,6.0
2025-06-01,1880,#1,29.000000000000004,4.142857142857143,41.0,207.87,2025-06-01 08:00:00,2025-06-01 15:00:00,7.0
2025-06-01,1884,#2,2.0,2.0,25.0,161.7,2025-06-01 07:00:00,2025-06-01 08:00:00,1.0
2025-06-01,1882,#23,36.0,5.142857142857143,25.0,157.25,2025-06-01 00:00:00,2025-06-01 07:00:00,7.0
2025-06-01,1881,#22,9.0,1.8,25.0,173.12,2025-06-01 18:00:00,2025-06-01 23:00:00,5.0
2025-06-01,1883,#29,33.0,4.714285714285714,29.0,171.06,2025-06-01 15:00:00,2025-06-01 22:00:00,7.0
2025-06-02,1896,#6,1.0,1.0,14.0,45.45,2025-06-02 06:00:00,2025-06-02 07:00:00,1.0
2025-06-02,1891,#21,38.0,5.428571428571429,32.0,134.88,2025-06-02 08:00:00,2025-06-02 15:00:00,7.0
2025-06-02,1893,#23,9.0,3.0,39.0,147.06,2025-06-02 04:00:00,2025-06-02 07:00:00,3.0
2025-06-02,1892,#22,3.0,3.0,29.0,145.7,2025-06-02 18:00:00,2025-06-02 19:00:00,1.0
2025-06-02,1894,#25,16.0,4.0,24.0,131.62,2025-06-02 00:00:00,2025-06-02 04:00:00,4.0
2025-06-02,1895,#29,49.0,7.0,30.0,145.53,2025-06-02 15:00:00,2025-06-02 22:00:00,7.0
2025-06-03,1906,#3,19.0,6.333333333333333,28.0,161.49,2025-06-03 00:00:00,2025-06-03 03:00:00,3.0
2025-06-03,1907,#6,3.0,1.0,17.0,171.71,2025-06-03 12:00:00,2025-06-03 15:00:00,3.0
2025-06-03,1908,#9,5.0,5.0,26.0,123.69,2025-06-03 18:00:00,2025-06-03 19:00:00,1.0
2025-06-03,1902,#20,38.0,5.428571428571429,35.0,158.42,2025-06-03 15:00:00,2025-06-03 22:00:00,7.0
2025-06-03,1903,#21,47.0,7.833333333333333,26.0,151.72,2025-06-03 09:00:00,2025-06-03 15:00:00,6.0
2025-06-03,1904,#22,2.0,2.0,27.0,41.52,2025-06-03 01:00:00,2025-06-03 02:00:00,1.0
2025-06-03,1905,#25,2.0,2.0,11.0,223.21,2025-06-03 04:00:00,2025-06-03 05:00:00,1.0
2025-06-04,1918,#3,19.0,4.75,27.0,125.34,2025-06-04 03:00:00,2025-06-04 07:00:00,4.0
2025-06-04,1919,#9,4.0,4.0,41.0,43.3,2025-06-04 02:00:00,2025-06-04 03:00:00,1.0
2025-06-04,1915,#14,54.0,7.714285714285714,41.0,176.55,2025-06-04 15:00:00,2025-06-04 22:00:00,7.0
2025-06-04,1916,#21,64.0,8.0,45.0,169.78,2025-06-04 08:00:00,2025-06-04 16:00:00,8.0
2025-06-04,1917,#23,29.0,7.25,25.0,143.62,2025-06-04 00:00:00,2025-06-04 04:00:00,4.0
2025-06-05,1928,#4,57.0,7.125,37.0,171.15,2025-06-05 14:00:00,2025-06-05 22:00:00,8.0
2025-06-05,1929,#6,2.0,2.0,18.0,113.35,2025-06-05 09:00:00,2025-06-05 10:00:00,1.0
2025-06-05,1930,#9,6.0,1.2,27.0,174.93,2025-06-05 16:00:00,2025-06-05 21:00:00,5.0
2025-06-05,1926,#21,37.0,6.166666666666667,30.0,161.42,2025-06-05 08:00:00,2025-06-05 14:00:00,6.0
2025-06-05,1927,#23,39.0,5.571428571428571,28.0,137.03,2025-06-05 00:00:00,2025-06-05 07:00:00,7.0
2025-06-06,1941,#2,2.0,1.0,29.0,270.63,2025-06-06 22:00:00,2025-06-07 00:00:00,2.0
2025-06-06,1942,#6,3.0,3.0,50.0,192.21,2025-06-06 13:00:00,2025-06-06 14:00:00,1.0
2025-06-06,1943,#7,2.0,2.0,13.0,81.25,2025-06-06 22:00:00,2025-06-06 23:00:00,1.0
2025-06-06,1937,#20,74.0,8.222222222222221,35.0,161.41,2025-06-06 14:00:00,2025-06-06 23:00:00,9.0
2025-06-06,1938,#21,32.0,5.333333333333333,42.0,221.21,2025-06-06 08:00:00,2025-06-06 14:00:00,6.0
2025-06-06,1939,#23,13.0,3.25,27.0,150.08,2025-06-06 03:00:00,2025-06-06 07:00:00,4.0
2025-06-06,1940,#29,28.0,7.0,31.0,168.6,2025-06-06 00:00:00,2025-06-06 04:00:00,4.0
2025-06-07,1952,#1,39.0,5.571428571428571,34.0,207.31,2025-06-07 08:00:00,2025-06-07 15:00:00,7.0
2025-06-07,1954,#2,6.0,3.0,27.0,117.26,2025-06-07 03:00:00,2025-06-07 05:00:00,2.0
2025-06-07,1955,#9,11.0,3.6666666666666665,36.0,169.8,2025-06-07 00:00:00,2025-06-07 03:00:00,3.0
2025-06-07,1951,#15,41.0,5.857142857142857,28.0,131.84,2025-06-07 15:00:00,2025-06-07 22:00:00,7.0
2025-06-07,1953,#29,47.0,6.714285714285714,31.0,180.66,2025-06-07 00:00:00,2025-06-07 07:00:00,7.0
2025-06-08,1963,#1,28.0,7.0,31.0,214.36,2025-06-08 11:00:00,2025-06-08 15:00:00,4.0
2025-06-08,1966,#2,9.0,1.2857142857142858,26.0,99.72,2025-06-08 15:00:00,2025-06-08 22:00:00,7.0
2025-06-08,1967,#9,11.0,5.5,24.0,141.47,2025-06-08 05:00:00,2025-06-08 07:00:00,2.0
2025-06-08,1964,#20,35.0,5.0,50.0,109.01,2025-06-08 15:00:00,2025-06-08 22:00:00,7.0
2025-06-08,1965,#29,45.0,7.5,34.0,168.26,2025-06-08 00:00:00,2025-06-08 06:00:00,6.0
2025-06-09,1974,#16,14.0,2.0,40.0,151.1,2025-06-09 15:00:00,2025-06-09 22:00:00,7.0
2025-06-09,1975,#20,41.0,5.857142857142857,62.0,199.24,2025-06-09 15:00:00,2025-06-09 22:00:00,7.0
2025-06-09,1976,#21,35.0,5.0,29.0,166.95,2025-06-09 08:00:00,2025-06-09 15:00:00,7.0
2025-06-09,1977,#25,18.0,4.5,26.0,124.45,2025-06-09 00:00:00,2025-06-09 04:00:00,4.0
2025-06-09,1978,#29,18.0,4.5,32.0,121.55,2025-06-09 03:00:00,2025-06-09 07:00:00,4.0
2025-06-10,1989,#6,1.0,1.0,105.0,385.51,2025-06-10 14:00:00,2025-06-10 15:00:00,1.0
2025-06-10,1990,#9,10.0,2.0,23.0,147.15,2025-06-10 15:00:00,2025-06-10 20:00:00,5.0
2025-06-10,1985,#20,57.0,6.333333333333333,41.0,176.39,2025-06-10 14:00:00,2025-06-10 23:00:00,9.0
2025-06-10,1986,#21,36.0,6.0,37.0,157.59,2025-06-10 08:00:00,2025-06-10 14:00:00,6.0
2025-06-10,1987,#23,15.0,5.0,17.0,105.94,2025-06-10 00:00:00,2025-06-10 03:00:00,3.0
2025-06-10,1988,#25,9.0,3.0,36.0,100.29,2025-06-10 03:00:00,2025-06-10 06:00:00,3.0
2025-06-11,2003,#9,1.0,1.0,8.0,37.5,2025-06-11 19:00:00,2025-06-11 20:00:00,1.0
2025-06-11,1997,#14,59.0,9.833333333333334,40.0,169.34,2025-06-11 16:00:00,2025-06-11 22:00:00,6.0
2025-06-11,1998,#18,2.0,2.0,33.0,53.07,2025-06-11 07:00:00,2025-06-11 08:00:00,1.0
2025-06-11,1999,#21,9.0,9.0,28.0,132.29,2025-06-11 15:00:00,2025-06-11 16:00:00,1.0
2025-06-11,2000,#23,6.0,2.0,32.0,141.78,2025-06-11 03:00:00,2025-06-11 06:00:00,3.0
2025-06-11,2001,#25,1.0,1.0,14.0,61.61,2025-06-11 22:00:00,2025-06-11 23:00:00,1.0
2025-06-11,2002,#29,25.0,8.333333333333334,29.0,138.62,2025-06-11 00:00:00,2025-06-11 03:00:00,3.0
2025-06-12,2014,#6,1.0,1.0,26.0,42.98,2025-06-12 19:00:00,2025-06-12 20:00:00,1.0
2025-06-12,2010,#16,2.0,2.0,23.0,130.74,2025-06-12 07:00:00,2025-06-12 08:00:00,1.0
2025-06-12,2011,#20,51.0,5.666666666666667,38.0,163.93,2025-06-12 14:00:00,2025-06-12 23:00:00,9.0
2025-06-12,2012,#21,44.0,6.285714285714286,32.0,121.1,2025-06-12 08:00:00,2025-06-12 15:00:00,7.0
2025-06-12,2013,#29,28.0,4.666666666666667,27.0,155.38,2025-06-12 00:00:00,2025-06-12 06:00:00,6.0
2025-06-13,2022,#1,60.0,7.5,30.0,159.85,2025-06-13 14:00:00,2025-06-13 22:00:00,8.0
2025-06-13,2025,#2,1.0,1.0,51.0,340.78,2025-06-13 23:00:00,2025-06-14 00:00:00,1.0
2025-06-13,2026,#3,24.0,6.0,25.0,128.91,2025-06-13 00:00:00,2025-06-13 04:00:00,4.0
2025-06-13,2027,#7,4.0,4.0,7.0,85.25,2025-06-13 14:00:00,2025-06-13 15:00:00,1.0
2025-06-13,2021,#18,3.0,1.5,22.0,228.09,2025-06-13 06:00:00,2025-06-13 08:00:00,2.0
2025-06-13,2023,#21,58.00000000000001,8.285714285714286,32.0,159.53,2025-06-13 08:00:00,2025-06-13 15:00:00,7.0
2025-06-13,2024,#29,19.0,4.75,35.0,172.1,2025-06-13 03:00:00,2025-06-13 07:00:00,4.0
2025-06-14,2035,#1,82.0,10.25,34.0,174.19,2025-06-14 14:00:00,2025-06-14 22:00:00,8.0
2025-06-14,2038,#2,5.0,2.5,26.0,18.75,2025-06-14 22:00:00,2025-06-15 00:00:00,2.0
2025-06-14,2039,#3,20.0,4.0,25.0,127.23,2025-06-14 03:00:00,2025-06-14 08:00:00,5.0
2025-06-14,2036,#23,27.0,6.75,25.0,179.82,2025-06-14 00:00:00,2025-06-14 04:00:00,4.0
2025-06-14,2037,#26,32.0,4.571428571428571,39.0,172.42,2025-06-14 08:00:00,2025-06-14 15:00:00,7.0
2025-06-15,2049,#2,4.0,2.0,18.0,42.41,2025-06-15 22:00:00,2025-06-16 00:00:00,2.0
2025-06-15,2050,#4,22.0,3.6666666666666665,36.0,173.38,2025-06-15 16:00:00,2025-06-15 22:00:00,6.0
2025-06-15,2051,#6,10.0,1.6666666666666667,38.0,237.42,2025-06-15 07:00:00,2025-06-15 13:00:00,6.0
2025-06-15,2047,#15,38.0,6.333333333333333,30.0,134.75,2025-06-15 10:00:00,2025-06-15 16:00:00,6.0
2025-06-15,2048,#23,43.0,6.142857142857143,28.0,200.37,2025-06-15 00:00:00,2025-06-15 07:00:00,7.0
2025-06-16,2062,#4,38.0,5.428571428571429,34.0,158.41,2025-06-16 15:00:00,2025-06-16 22:00:00,7.0
2025-06-16,2063,#7,14.0,3.5,19.0,152.09,2025-06-16 00:00:00,2025-06-16 04:00:00,4.0
2025-06-16,2064,#9,1.0,1.0,22.0,159.82,2025-06-16 22:00:00,2025-06-16 23:00:00,1.0
2025-06-16,2059,#16,3.0,3.0,24.0,159.24,2025-06-16 11:00:00,2025-06-16 12:00:00,1.0
2025-06-16,2060,#21,28.0,4.0,45.0,161.93,2025-06-16 08:00:00,2025-06-16 15:00:00,7.0
2025-06-16,2061,#23,7.0,3.5,45.0,187.91,2025-06-16 04:00:00,2025-06-16 06:00:00,2.0
2025-06-17,2075,#7,3.0,3.0,17.0,61.01,2025-06-17 04:00:00,2025-06-17 05:00:00,1.0
2025-06-17,2076,#9,3.0,3.0,16.0,93.35,2025-06-17 14:00:00,2025-06-17 15:00:00,1.0
2025-06-17,2072,#20,49.0,5.444444444444445,36.0,160.04,2025-06-17 14:00:00,2025-06-17 23:00:00,9.0
2025-06-17,2073,#21,29.0,4.833333333333333,30.0,138.61,2025-06-17 09:00:00,2025-06-17 15:00:00,6.0
2025-06-17,2074,#29,17.0,8.5,33.0,161.19,2025-06-17 22:00:00,2025-06-18 00:00:00,2.0
2025-06-18,2087,#7,1.0,1.0,19.0,46.43,2025-06-18 22:00:00,2025-06-18 23:00:00,1.0
2025-06-18,2082,#16,1.0,1.0,14.0,61.61,2025-06-18 09:00:00,2025-06-18 10:00:00,1.0
2025-06-18,2083,#20,54.0,6.0,27.0,137.24,2025-06-18 14:00:00,2025-06-18 23:00:00,9.0
2025-06-18,2084,#21,41.0,5.857142857142857,31.0,165.45,2025-06-18 08:00:00,2025-06-18 15:00:00,7.0
2025-06-18,2085,#22,1.0,1.0,43.0,253.36,2025-06-18 17:00:00,2025-06-18 18:00:00,1.0
2025-06-18,2086,#29,23.0,3.2857142857142856,20.0,124.43,2025-06-18 00:00:00,2025-06-18 07:00:00,7.0
2025-06-19,2099,#3,15.0,3.75,27.0,178.57,2025-06-19 00:00:00,2025-06-19 04:00:00,4.0
2025-06-19,2094,#11,1.0,1.0,41.0,311.4,2025-06-19 07:00:00,2025-06-19 08:00:00,1.0
2025-06-19,2095,#20,54.0,4.909090909090909,33.0,167.59,2025-06-19 13:00:00,2025-06-20 00:00:00,11.0
2025-06-19,2096,#21,34.0,5.666666666666667,30.0,139.33,2025-06-19 08:00:00,2025-06-19 14:00:00,6.0
2025-06-19,2097,#25,8.0,2.6666666666666665,31.0,220.66,2025-06-19 19:00:00,2025-06-19 22:00:00,3.0
2025-06-19,2098,#29,14.0,4.666666666666667,20.0,106.73,2025-06-19 04:00:00,2025-06-19 07:00:00,3.0
2025-06-20,2111,#3,20.0,4.0,50.0,190.2,2025-06-20 03:00:00,2025-06-20 08:00:00,5.0
2025-06-20,2106,#18,1.0,1.0,9.0,37.19,2025-06-20 07:00:00,2025-06-20 08:00:00,1.0
2025-06-20,2107,#20,67.0,8.375,30.0,149.93,2025-06-20 14:00:00,2025-06-20 22:00:00,8.0
2025-06-20,2108,#21,36.0,6.0,30.0,142.39,2025-06-20 08:00:00,2025-06-20 14:00:00,6.0
2025-06-20,2109,#22,1.0,1.0,38.0,-66.96,2025-06-20 01:00:00,2025-06-20 02:00:00,1.0
2025-06-20,2110,#29,27.0,6.75,26.0,145.75,2025-06-20 00:00:00,2025-06-20 04:00:00,4.0
2025-06-21,2118,#1,16.0,4.0,34.0,147.29,2025-06-21 10:00:00,2025-06-21 14:00:00,4.0
2025-06-21,2123,#7,1.0,1.0,14.0,75.89,2025-06-21 21:00:00,2025-06-21 22:00:00,1.0
2025-06-21,2119,#20,54.0,7.714285714285714,22.0,154.41,2025-06-21 14:00:00,2025-06-21 21:00:00,7.0
2025-06-21,2120,#23,33.0,11.0,23.0,148.12,2025-06-21 21:00:00,2025-06-22 00:00:00,3.0
2025-06-21,2121,#25,6.0,1.5,37.0,131.78,2025-06-21 06:00:00,2025-06-21 10:00:00,4.0
2025-06-21,2122,#29,22.0,5.5,36.0,205.22,2025-06-21 03:00:00,2025-06-21 07:00:00,4.0
2025-06-22,2130,#23,42.0,5.25,53.0,205.74,2025-06-22 00:00:00,2025-06-22 08:00:00,8.0
2025-06-22,2131,#25,23.0,2.875,25.0,155.16,2025-06-22 07:00:00,2025-06-22 15:00:00,8.0
2025-06-22,2132,#26,73.0,7.3,30.0,140.13,2025-06-22 14:00:00,2025-06-23 00:00:00,10.0
2025-06-23,2143,#2,4.0,0.6666666666666666,21.0,100.77,2025-06-23 07:00:00,2025-06-23 13:00:00,6.0
2025-06-23,2144,#7,19.0,9.5,27.0,146.88,2025-06-23 22:00:00,2025-06-24 00:00:00,2.0
2025-06-23,2139,#11,4.0,4.0,32.0,172.75,2025-06-23 18:00:00,2025-06-23 19:00:00,1.0
2025-06-23,2140,#15,52.0,5.2,31.0,115.4,2025-06-23 13:00:00,2025-06-23 23:00:00,10.0
2025-06-23,2141,#21,36.0,6.0,31.0,146.17,2025-06-23 08:00:00,2025-06-23 14:00:00,6.0
2025-06-23,2142,#23,35.0,5.0,31.0,152.01,2025-06-23 00:00:00,2025-06-23 07:00:00,7.0
2025-06-24,2154,#3,23.0,5.75,26.0,144.02,2025-06-24 00:00:00,2025-06-24 04:00:00,4.0
2025-06-24,2155,#4,35.0,5.833333333333333,33.0,127.05,2025-06-24 16:00:00,2025-06-24 22:00:00,6.0
2025-06-24,2156,#7,1.0,1.0,14.0,8.93,2025-06-24 00:00:00,2025-06-24 01:00:00,1.0
2025-06-24,2152,#21,51.0,7.285714285714286,27.0,152.25,2025-06-24 09:00:00,2025-06-24 16:00:00,7.0
2025-06-24,2153,#23,5.0,2.5,28.0,293.63,2025-06-24 03:00:00,2025-06-24 05:00:00,2.0
2025-06-25,2167,#3,7.0,1.4,31.0,174.99,2025-06-25 03:00:00,2025-06-25 08:00:00,5.0
2025-06-25,2168,#7,1.0,1.0,20.0,46.43,2025-06-25 22:00:00,2025-06-25 23:00:00,1.0
2025-06-25,2169,#9,8.0,1.3333333333333333,22.0,135.23,2025-06-25 06:00:00,2025-06-25 12:00:00,6.0
2025-06-25,2163,#15,54.0,9.0,34.0,142.82,2025-06-25 16:00:00,2025-06-25 22:00:00,6.0
2025-06-25,2164,#21,31.0,3.4444444444444446,40.0,190.21,2025-06-25 08:00:00,2025-06-25 17:00:00,9.0
2025-06-25,2165,#22,4.0,0.8,28.0,155.12,2025-06-25 18:00:00,2025-06-25 23:00:00,5.0
2025-06-25,2166,#29,27.0,6.75,25.0,130.63,2025-06-25 00:00:00,2025-06-25 04:00:00,4.0
2025-06-26,2179,#6,6.0,6.0,32.0,216.03,2025-06-26 14:00:00,2025-06-26 15:00:00,1.0
2025-06-26,2176,#21,63.0,9.0,31.0,154.31,2025-06-26 08:00:00,2025-06-26 15:00:00,7.0
2025-06-26,2177,#26,44.0,5.5,34.0,153.76,2025-06-26 15:00:00,2025-06-26 23:00:00,8.0
2025-06-26,2178,#29,31.0,4.428571428571429,25.0,154.04,2025-06-26 00:00:00,2025-06-26 07:00:00,7.0
2025-06-27,2191,#2,8.0,4.0,17.0,111.87,2025-06-27 22:00:00,2025-06-28 00:00:00,2.0
2025-06-27,2192,#3,35.0,8.75,31.0,178.51,2025-06-27 00:00:00,2025-06-27 04:00:00,4.0
2025-06-27,2186,#11,3.0,1.5,30.0,61.61,2025-06-27 12:00:00,2025-06-27 14:00:00,2.0
2025-06-27,2187,#20,45.0,5.625,34.0,153.34,2025-06-27 14:00:00,2025-06-27 22:00:00,8.0
2025-06-27,2188,#21,39.0,5.571428571428571,26.0,104.3,2025-06-27 08:00:00,2025-06-27 15:00:00,7.0
2025-06-27,2189,#25,6.0,3.0,47.0,208.32,2025-06-27 10:00:00,2025-06-27 12:00:00,2.0
2025-06-27,2190,#29,12.0,3.0,25.0,78.69,2025-06-27 03:00:00,2025-06-27 07:00:00,4.0
2025-06-28,2202,#2,12.0,6.0,25.0,113.37,2025-06-28 22:00:00,2025-06-29 00:00:00,2.0
2025-06-28,2203,#3,34.0,5.666666666666667,28.0,136.75,2025-06-28 00:00:00,2025-06-28 06:00:00,6.0
2025-06-28,2199,#15,33.0,3.6666666666666665,33.0,152.8,2025-06-28 08:00:00,2025-06-28 17:00:00,9.0
2025-06-28,2200,#25,3.0,1.5,20.0,134.66,2025-06-28 06:00:00,2025-06-28 08:00:00,2.0
2025-06-28,2201,#29,46.0,7.666666666666667,27.0,189.4,2025-06-28 17:00:00,2025-06-28 23:00:00,6.0
2025-06-29,2214,#2,5.0,2.5,39.0,217.6,2025-06-29 22:00:00,2025-06-30 00:00:00,2.0
2025-06-29,2215,#3,47.0,7.833333333333333,22.0,144.19,2025-06-29 00:00:00,2025-06-29 06:00:00,6.0
2025-06-29,2216,#4,46.0,5.111111111111111,39.0,174.12,2025-06-29 14:00:00,2025-06-29 23:00:00,9.0
2025-06-29,2211,#11,1.0,1.0,26.0,185.71,2025-06-29 22:00:00,2025-06-29 23:00:00,1.0
2025-06-29,2212,#15,15.0,2.142857142857143,21.0,146.96,2025-06-29 08:00:00,2025-06-29 15:00:00,7.0
2025-06-29,2213,#25,10.0,5.0,34.0,136.49,2025-06-29 12:00:00,2025-06-29 14:00:00,2.0
2025-06-30,2227,#3,17.0,4.25,31.0,149.98,2025-06-30 03:00:00,2025-06-30 07:00:00,4.0
2025-06-30,2228,#9,10.0,2.0,22.0,98.91,2025-06-30 16:00:00,2025-06-30 21:00:00,5.0
2025-06-30,2223,#16,1.0,1.0,7.0,61.61,2025-06-30 07:00:00,2025-06-30 08:00:00,1.0
2025-06-30,2224,#20,33.0,4.714285714285714,51.0,256.35,2025-06-30 15:00:00,2025-06-30 22:00:00,7.0
2025-06-30,2225,#21,37.0,5.285714285714286,32.0,167.22,2025-06-30 08:00:00,2025-06-30 15:00:00,7.0
2025-06-30,2226,#23,15.0,7.5,19.0,121.49,2025-06-30 22:00:00,2025-07-01 00:00:00,2.0
2025-07-01,2235,#1,16.0,5.333333333333333,25.0,96.27,2025-07-01 15:00:00,2025-07-01 18:00:00,3.0
2025-07-01,2238,#7,25.0,6.25,22.0,143.1,2025-07-01 00:00:00,2025-07-01 04:00:00,4.0
2025-07-01,2239,#9,36.0,4.5,32.0,178.17,2025-07-01 15:00:00,2025-07-01 23:00:00,8.0
2025-07-01,2236,#21,30.0,4.285714285714286,29.0,152.09,2025-07-01 08:00:00,2025-07-01 15:00:00,7.0
2025-07-01,2237,#23,3.0,3.0,15.0,119.05,2025-07-01 03:00:00,2025-07-01 04:00:00,1.0
2025-07-02,2249,#7,12.0,3.0,20.0,166.83,2025-07-02 04:00:00,2025-07-02 08:00:00,4.0
2025-07-02,2250,#9,5.0,0.7142857142857143,53.0,173.18,2025-07-02 14:00:00,2025-07-02 21:00:00,7.0
2025-07-02,2246,#14,31.0,4.428571428571429,33.0,188.39,2025-07-02 08:00:00,2025-07-02 15:00:00,7.0
2025-07-02,2247,#20,51.0,6.375,39.0,154.14,2025-07-02 15:00:00,2025-07-02 23:00:00,8.0
2025-07-02,2248,#23,29.0,7.25,25.0,160.7,2025-07-02 00:00:00,2025-07-02 04:00:00,4.0
2025-07-03,2259,#4,45.0,5.0,36.0,132.76,2025-07-03 14:00:00,2025-07-03 23:00:00,9.0
2025-07-03,2260,#6,5.0,2.5,22.0,95.64,2025-07-03 06:00:00,2025-07-03 08:00:00,2.0
2025-07-03,2257,#14,32.0,4.571428571428571,32.0,137.46,2025-07-03 08:00:00,2025-07-03 15:00:00,7.0
2025-07-03,2258,#23,23.0,4.6,26.0,146.07,2025-07-03 00:00:00,2025-07-03 05:00:00,5.0
2025-07-04,2270,#6,12.0,1.5,26.0,113.22,2025-07-04 07:00:00,2025-07-04 15:00:00,8.0
2025-07-04,2271,#9,12.0,4.0,24.0,137.4,2025-07-04 03:00:00,2025-07-04 06:00:00,3.0
2025-07-04,2267,#11,8.0,8.0,23.0,224.14,2025-07-04 14:00:00,2025-07-04 15:00:00,1.0
2025-07-04,2268,#23,36.0,9.0,26.0,162.3,2025-07-04 00:00:00,2025-07-04 04:00:00,4.0
2025-07-04,2269,#29,44.0,6.285714285714286,31.0,167.04,2025-07-04 15:00:00,2025-07-04 22:00:00,7.0
2025-07-05,2283,#7,24.0,6.0,21.0,186.2,2025-07-05 00:00:00,2025-07-05 04:00:00,4.0
2025-07-05,2279,#15,27.0,5.4,33.0,170.0,2025-07-05 10:00:00,2025-07-05 15:00:00,5.0
2025-07-05,2281,#23,32.0,8.0,30.0,156.06,2025-07-05 03:00:00,2025-07-05 07:00:00,4.0
2025-07-05,2280,#22,6.0,6.0,28.0,128.89,2025-07-05 07:00:00,2025-07-05 08:00:00,1.0
2025-07-05,2282,#29,41.0,5.857142857142857,46.0,213.56,2025-07-05 15:00:00,2025-07-05 22:00:00,7.0
2025-07-06,2294,#3,14.0,3.5,32.0,139.41,2025-07-06 00:00:00,2025-07-06 04:00:00,4.0
2025-07-06,2295,#7,16.0,4.0,18.0,131.07,2025-07-06 03:00:00,2025-07-06 07:00:00,4.0
2025-07-06,2291,#15,25.0,3.5714285714285716,32.0,182.17,2025-07-06 08:00:00,2025-07-06 15:00:00,7.0
2025-07-06,2292,#18,2.0,2.0,15.0,114.73,2025-07-06 06:00:00,2025-07-06 07:00:00,1.0
2025-07-06,2293,#29,52.0,7.428571428571429,31.0,169.03,2025-07-06 15:00:00,2025-07-06 22:00:00,7.0
2025-07-07,2305,#3,39.0,4.875,31.0,187.13,2025-07-07 00:00:00,2025-07-07 08:00:00,8.0
2025-07-07,2302,#21,21.0,3.5,31.0,127.73,2025-07-07 08:00:00,2025-07-07 14:00:00,6.0
2025-07-07,2303,#22,15.0,1.6666666666666667,23.0,68.91,2025-07-07 14:00:00,2025-07-07 23:00:00,9.0
2025-07-07,2304,#25,52.0,5.777777777777778,36.0,159.02,2025-07-07 14:00:00,2025-07-07 23:00:00,9.0
2025-07-08,2315,#3,2.0,2.0,15.0,50.89,2025-07-08 03:00:00,2025-07-08 04:00:00,1.0
2025-07-08,2316,#6,1.0,1.0,5.0,48.76,2025-07-08 09:00:00,2025-07-08 10:00:00,1.0
2025-07-08,2312,#21,34.0,4.857142857142857,31.0,138.21,2025-07-08 08:00:00,2025-07-08 15:00:00,7.0
2025-07-08,2313,#23,28.0,7.0,20.0,125.57,2025-07-08 00:00:00,2025-07-08 04:00:00,4.0
2025-07-08,2314,#26,44.0,6.285714285714286,32.0,142.23,2025-07-08 15:00:00,2025-07-08 22:00:00,7.0
2025-07-09,2327,#2,4.0,2.0,38.0,155.92,2025-07-09 11:00:00,2025-07-09 13:00:00,2.0
2025-07-09,2324,#14,41.0,5.857142857142857,45.0,204.15,2025-07-09 16:00:00,2025-07-09 23:00:00,7.0
2025-07-09,2325,#21,30.0,3.75,45.0,189.5,2025-07-09 08:00:00,2025-07-09 16:00:00,8.0
2025-07-09,2326,#23,38.0,5.428571428571429,41.0,194.27,2025-07-09 00:00:00,2025-07-09 07:00:00,7.0
2025-07-10,2339,#3,18.0,4.5,20.0,144.58,2025-07-10 00:00:00,2025-07-10 04:00:00,4.0
2025-07-10,2340,#7,1.0,1.0,25.0,338.87,2025-07-10 07:00:00,2025-07-10 08:00:00,1.0
2025-07-10,2335,#20,42.0,6.0,29.0,171.66,2025-07-10 15:00:00,2025-07-10 22:00:00,7.0
2025-07-10,2336,#21,29.000000000000004,4.142857142857143,45.0,184.02,2025-07-10 08:00:00,2025-07-10 15:00:00,7.0
2025-07-10,2337,#23,13.0,4.333333333333333,53.0,248.0,2025-07-10 03:00:00,2025-07-10 06:00:00,3.0
2025-07-10,2338,#25,3.0,1.5,21.0,69.65,2025-07-10 00:00:00,2025-07-10 02:00:00,2.0
2025-07-11,2350,#2,9.0,4.5,22.0,99.8,2025-07-11 22:00:00,2025-07-12 00:00:00,2.0
2025-07-11,2351,#3,31.0,4.428571428571429,24.0,140.36,2025-07-11 00:00:00,2025-07-11 07:00:00,7.0
2025-07-11,2352,#6,1.0,1.0,44.0,80.36,2025-07-11 07:00:00,2025-07-11 08:00:00,1.0
2025-07-11,2348,#20,67.0,8.375,34.0,178.23,2025-07-11 15:00:00,2025-07-11 23:00:00,8.0
2025-07-11,2349,#21,33.0,5.5,32.0,187.85,2025-07-11 09:00:00,2025-07-11 15:00:00,6.0
2025-07-12,2363,#2,12.0,6.0,38.0,251.16,2025-07-12 22:00:00,2025-07-13 00:00:00,2.0
2025-07-12,2364,#3,25.0,6.25,27.0,139.44,2025-07-12 03:00:00,2025-07-12 07:00:00,4.0
2025-07-12,2359,#14,27.0,4.5,33.0,193.27,2025-07-12 09:00:00,2025-07-12 15:00:00,6.0
2025-07-12,2360,#15,30.0,4.285714285714286,53.0,256.9,2025-07-12 15:00:00,2025-07-12 22:00:00,7.0
2025-07-12,2361,#23,17.0,4.25,30.0,193.52,2025-07-12 00:00:00,2025-07-12 04:00:00,4.0
2025-07-12,2362,#25,5.0,1.25,56.0,205.76,2025-07-12 14:00:00,2025-07-12 18:00:00,4.0
2025-07-13,2375,#2,4.0,2.0,22.0,125.52,2025-07-13 22:00:00,2025-07-14 00:00:00,2.0
2025-07-13,2370,#17,34.0,4.857142857142857,39.0,181.84,2025-07-13 08:00:00,2025-07-13 15:00:00,7.0
2025-07-13,2371,#20,36.0,5.142857142857143,34.0,176.39,2025-07-13 15:00:00,2025-07-13 22:00:00,7.0
2025-07-13,2373,#23,36.0,5.142857142857143,35.0,148.23,2025-07-13 00:00:00,2025-07-13 07:00:00,7.0
2025-07-13,2372,#22,15.0,2.142857142857143,32.0,131.28,2025-07-13 07:00:00,2025-07-13 14:00:00,7.0
2025-07-13,2374,#25,20.0,2.2222222222222223,37.0,186.34,2025-07-13 14:00:00,2025-07-13 23:00:00,9.0
2025-07-14,2382,#20,43.0,5.375,29.0,160.71,2025-07-14 14:00:00,2025-07-14 22:00:00,8.0
2025-07-14,2383,#21,21.0,3.5,30.0,142.76,2025-07-14 08:00:00,2025-07-14 14:00:00,6.0
2025-07-14,2385,#23,15.0,5.0,33.0,130.58,2025-07-14 04:00:00,2025-07-14 07:00:00,3.0
2025-07-14,2384,#22,18.0,2.0,23.0,68.15,2025-07-14 14:00:00,2025-07-14 23:00:00,9.0
2025-07-14,2386,#25,2.0,1.0,19.0,65.58,2025-07-14 22:00:00,2025-07-15 00:00:00,2.0
2025-07-14,2387,#29,14.0,3.5,25.0,144.01,2025-07-14 00:00:00,2025-07-14 04:00:00,4.0
2025-07-15,2396,#1,46.0,6.571428571428571,34.0,172.34,2025-07-15 15:00:00,2025-07-15 22:00:00,7.0
2025-07-15,2399,#6,5.0,2.5,26.0,131.94,2025-07-15 09:00:00,2025-07-15 11:00:00,2.0
2025-07-15,2394,#11,2.0,1.0,25.0,58.48,2025-07-15 22:00:00,2025-07-16 00:00:00,2.0
2025-07-15,2395,#17,22.0,5.5,28.0,190.25,2025-07-15 00:00:00,2025-07-15 04:00:00,4.0
2025-07-15,2397,#21,33.0,8.25,45.0,224.52,2025-07-15 11:00:00,2025-07-15 15:00:00,4.0
2025-07-15,2398,#22,7.0,7.0,21.0,137.55,2025-07-15 19:00:00,2025-07-15 20:00:00,1.0
2025-07-16,2410,#2,4.0,1.0,18.0,44.38,2025-07-16 16:00:00,2025-07-16 20:00:00,4.0
2025-07-16,2406,#14,46.0,6.571428571428571,33.0,172.14,2025-07-16 16:00:00,2025-07-16 23:00:00,7.0
2025-07-16,2407,#17,17.0,3.4,34.0,163.55,2025-07-16 03:00:00,2025-07-16 08:00:00,5.0
2025-07-16,2408,#21,45.0,5.625,32.0,129.91,2025-07-16 08:00:00,2025-07-16 16:00:00,8.0
2025-07-16,2409,#23,19.0,9.5,20.0,103.63,2025-07-16 22:00:00,2025-07-17 00:00:00,2.0
2025-07-17,2421,#9,8.0,1.6,25.0,123.23,2025-07-17 10:00:00,2025-07-17 15:00:00,5.0
2025-07-17,2417,#21,19.0,2.7142857142857144,35.0,177.91,2025-07-17 08:00:00,2025-07-17 15:00:00,7.0
2025-07-17,2418,#23,27.0,3.375,25.0,131.24,2025-07-17 00:00:00,2025-07-17 08:00:00,8.0
2025-07-17,2419,#25,4.0,2.0,31.0,230.82,2025-07-17 22:00:00,2025-07-18 00:00:00,2.0
2025-07-17,2420,#26,50.0,5.555555555555555,40.0,190.7,2025-07-17 14:00:00,2025-07-17 23:00:00,9.0
2025-07-18,2429,#16,1.0,1.0,26.0,151.34,2025-07-18 07:00:00,2025-07-18 08:00:00,1.0
2025-07-18,2430,#20,54.0,6.75,29.0,122.13,2025-07-18 14:00:00,2025-07-18 22:00:00,8.0
2025-07-18,2431,#21,28.0,4.0,36.0,179.08,2025-07-18 08:00:00,2025-07-18 15:00:00,7.0
2025-07-18,2433,#23,18.0,6.0,44.0,193.66,2025-07-18 04:00:00,2025-07-18 07:00:00,3.0
2025-07-18,2432,#22,6.0,2.0,25.0,118.99,2025-07-18 17:00:00,2025-07-18 20:00:00,3.0
2025-07-18,2434,#25,6.0,3.0,16.0,139.29,2025-07-18 22:00:00,2025-07-19 00:00:00,2.0
2025-07-18,2435,#29,13.0,3.25,26.0,169.45,2025-07-18 00:00:00,2025-07-18 04:00:00,4.0
2025-07-19,2442,#11,2.0,1.0,18.0,86.32,2025-07-19 19:00:00,2025-07-19 21:00:00,2.0
2025-07-19,2443,#14,21.0,3.5,32.0,144.42,2025-07-19 08:00:00,2025-07-19 14:00:00,6.0
2025-07-19,2444,#20,85.0,9.444444444444445,37.0,185.31,2025-07-19 14:00:00,2025-07-19 23:00:00,9.0
2025-07-19,2445,#22,4.0,4.0,33.0,121.26,2025-07-19 07:00:00,2025-07-19 08:00:00,1.0
2025-07-19,2446,#29,39.0,5.571428571428571,24.0,180.88,2025-07-19 00:00:00,2025-07-19 07:00:00,7.0
2025-07-20,2458,#3,22.0,11.0,22.0,107.99,2025-07-20 22:00:00,2025-07-21 00:00:00,2.0
2025-07-20,2453,#11,2.0,1.0,42.0,126.86,2025-07-20 18:00:00,2025-07-20 20:00:00,2.0
2025-07-20,2454,#14,15.0,3.75,60.0,272.46,2025-07-20 10:00:00,2025-07-20 14:00:00,4.0
2025-07-20,2455,#20,44.0,5.5,50.0,203.4,2025-07-20 14:00:00,2025-07-20 22:00:00,8.0
2025-07-20,2456,#22,3.0,1.5,38.0,198.08,2025-07-20 06:00:00,2025-07-20 08:00:00,2.0
2025-07-20,2457,#29,11.0,3.6666666666666665,15.0,89.19,2025-07-20 03:00:00,2025-07-20 06:00:00,3.0
2025-07-21,2470,#3,23.0,5.75,34.0,206.64,2025-07-21 03:00:00,2025-07-21 07:00:00,4.0
2025-07-21,2465,#15,46.0,5.111111111111111,36.0,177.22,2025-07-21 13:00:00,2025-07-21 22:00:00,9.0
2025-07-21,2466,#16,3.0,3.0,28.0,124.33,2025-07-21 13:00:00,2025-07-21 14:00:00,1.0
2025-07-21,2467,#21,21.0,3.5,37.0,173.25,2025-07-21 08:00:00,2025-07-21 14:00:00,6.0
2025-07-21,2468,#23,18.0,4.5,22.0,136.9,2025-07-21 00:00:00,2025-07-21 04:00:00,4.0
2025-07-21,2469,#25,5.0,1.6666666666666667,38.0,210.26,2025-07-21 15:00:00,2025-07-21 18:00:00,3.0
2025-07-22,2481,#2,4.0,1.0,15.0,45.54,2025-07-22 00:00:00,2025-07-22 04:00:00,4.0
2025-07-22,2477,#17,47.0,5.222222222222222,39.0,203.24,2025-07-22 14:00:00,2025-07-22 23:00:00,9.0
2025-07-22,2478,#21,32.0,5.333333333333333,33.0,140.11,2025-07-22 08:00:00,2025-07-22 14:00:00,6.0
2025-07-22,2480,#23,14.0,2.8,27.0,144.34,2025-07-22 00:00:00,2025-07-22 05:00:00,5.0
2025-07-22,2479,#22,3.0,1.5,39.0,246.92,2025-07-22 20:00:00,2025-07-22 22:00:00,2.0
2025-07-23,2490,#2,11.0,3.6666666666666665,31.0,144.65,2025-07-23 00:00:00,2025-07-23 03:00:00,3.0
2025-07-23,2491,#3,9.0,2.25,19.0,104.18,2025-07-23 00:00:00,2025-07-23 04:00:00,4.0
2025-07-23,2492,#6,1.0,1.0,22.0,46.43,2025-07-23 06:00:00,2025-07-23 07:00:00,1.0
2025-07-23,2487,#21,26.0,4.333333333333333,30.0,146.71,2025-07-23 08:00:00,2025-07-23 14:00:00,6.0
2025-07-23,2489,#23,5.0,1.6666666666666667,26.0,89.1,2025-07-23 03:00:00,2025-07-23 06:00:00,3.0
2025-07-23,2488,#22,52.0,5.777777777777778,25.0,137.58,2025-07-23 13:00:00,2025-07-23 22:00:00,9.0
2025-07-24,2500,#1,42.0,6.0,40.0,189.65,2025-07-24 08:00:00,2025-07-24 15:00:00,7.0
2025-07-24,2502,#3,17.0,5.666666666666667,38.0,129.76,2025-07-24 04:00:00,2025-07-24 07:00:00,3.0
2025-07-24,2499,#15,44.0,6.285714285714286,32.0,130.48,2025-07-24 15:00:00,2025-07-24 22:00:00,7.0
2025-07-24,2501,#23,17.0,4.25,36.0,162.14,2025-07-24 00:00:00,2025-07-24 04:00:00,4.0
2025-07-25,2511,#1,49.0,6.125,35.0,184.3,2025-07-25 14:00:00,2025-07-25 22:00:00,8.0
2025-07-25,2513,#2,4.0,1.0,24.0,185.81,2025-07-25 19:00:00,2025-07-25 23:00:00,4.0
2025-07-25,2514,#3,25.0,12.5,30.0,163.9,2025-07-25 22:00:00,2025-07-26 00:00:00,2.0
2025-07-25,2509,#14,23.0,3.8333333333333335,35.0,162.98,2025-07-25 08:00:00,2025-07-25 14:00:00,6.0
2025-07-25,2510,#16,2.0,2.0,29.0,204.06,2025-07-25 14:00:00,2025-07-25 15:00:00,1.0
2025-07-25,2512,#23,19.0,6.333333333333333,45.0,242.36,2025-07-25 04:00:00,2025-07-25 07:00:00,3.0
2025-07-26,2522,#1,62.0,8.857142857142858,33.0,158.32,2025-07-26 15:00:00,2025-07-26 22:00:00,7.0
2025-07-26,2523,#2,8.0,1.1428571428571428,17.0,131.63,2025-07-26 16:00:00,2025-07-26 23:00:00,7.0
2025-07-26,2524,#3,47.0,5.875,25.0,129.43,2025-07-26 00:00:00,2025-07-26 08:00:00,8.0
2025-07-26,2521,#14,26.0,3.7142857142857144,30.0,114.48,2025-07-26 08:00:00,2025-07-26 15:00:00,7.0
2025-07-27,2533,#2,6.0,1.2,15.0,64.45,2025-07-27 14:00:00,2025-07-27 19:00:00,5.0
2025-07-27,2534,#3,47.0,5.875,38.0,143.56,2025-07-27 00:00:00,2025-07-27 08:00:00,8.0
2025-07-27,2535,#4,44.0,5.5,36.0,157.47,2025-07-27 14:00:00,2025-07-27 22:00:00,8.0
2025-07-27,2536,#9,8.0,4.0,31.0,158.52,2025-07-27 22:00:00,2025-07-28 00:00:00,2.0
2025-07-27,2531,#18,1.0,1.0,6.0,159.82,2025-07-27 07:00:00,2025-07-27 08:00:00,1.0
2025-07-27,2532,#20,25.0,4.166666666666667,50.0,213.26,2025-07-27 09:00:00,2025-07-27 15:00:00,6.0
2025-07-28,2546,#3,13.0,4.333333333333333,28.0,125.67,2025-07-28 04:00:00,2025-07-28 07:00:00,3.0
2025-07-28,2547,#4,42.0,6.0,30.0,156.74,2025-07-28 15:00:00,2025-07-28 22:00:00,7.0
2025-07-28,2548,#9,7.0,7.0,43.0,196.3,2025-07-28 05:00:00,2025-07-28 06:00:00,1.0
2025-07-28,2543,#11,2.0,0.6666666666666666,19.0,67.1,2025-07-28 15:00:00,2025-07-28 18:00:00,3.0
2025-07-28,2544,#17,35.0,4.375,39.0,173.67,2025-07-28 08:00:00,2025-07-28 16:00:00,8.0
2025-07-28,2545,#23,24.0,6.0,25.0,160.7,2025-07-28 00:00:00,2025-07-28 04:00:00,4.0
2025-07-29,2556,#1,46.0,5.75,31.0,134.14,2025-07-29 08:00:00,2025-07-29 16:00:00,8.0
2025-07-29,2559,#2,1.0,1.0,24.0,15.18,2025-07-29 00:00:00,2025-07-29 01:00:00,1.0
2025-07-29,2560,#6,6.0,2.0,30.0,107.81,2025-07-29 12:00:00,2025-07-29 15:00:00,3.0
2025-07-29,2555,#17,47.0,7.833333333333333,41.0,219.5,2025-07-29 16:00:00,2025-07-29 22:00:00,6.0
2025-07-29,2557,#23,5.0,2.5,29.0,128.12,2025-07-29 03:00:00,2025-07-29 05:00:00,2.0
2025-07-29,2558,#29,13.0,3.25,29.0,127.46,2025-07-29 00:00:00,2025-07-29 04:00:00,4.0
2025-07-30,2566,#1,49.0,6.125,40.0,186.86,2025-07-30 15:00:00,2025-07-30 23:00:00,8.0
2025-07-30,2568,#2,1.0,1.0,49.0,429.26,2025-07-30 23:00:00,2025-07-31 00:00:00,1.0
2025-07-30,2569,#3,23.0,5.75,22.0,131.4,2025-07-30 00:00:00,2025-07-30 04:00:00,4.0
2025-07-30,2570,#4,17.0,2.8333333333333335,37.0,147.25,2025-07-30 09:00:00,2025-07-30 15:00:00,6.0
2025-07-30,2571,#6,1.0,1.0,53.0,-107.14,2025-07-30 21:00:00,2025-07-30 22:00:00,1.0
2025-07-30,2572,#9,14.0,2.8,23.0,106.88,2025-07-30 10:00:00,2025-07-30 15:00:00,5.0
2025-07-30,2567,#29,9.0,3.0,45.0,200.7,2025-07-30 04:00:00,2025-07-30 07:00:00,3.0
2025-07-31,2581,#1,43.0,4.777777777777778,34.0,137.96,2025-07-31 14:00:00,2025-07-31 23:00:00,9.0
2025-07-31,2583,#3,7.0,2.3333333333333335,32.0,148.96,2025-07-31 04:00:00,2025-07-31 07:00:00,3.0
2025-07-31,2579,#16,2.0,2.0,23.0,62.13,2025-07-31 07:00:00,2025-07-31 08:00:00,1.0
2025-07-31,2580,#17,30.0,4.285714285714286,33.0,144.8,2025-07-31 08:00:00,2025-07-31 15:00:00,7.0
2025-07-31,2582,#23,22.0,5.5,27.0,141.1,2025-07-31 00:00:00,2025-07-31 04:00:00,4.0
2025-08-01,2594,#7,41.0,10.25,27.0,133.47,2025-08-01 00:00:00,2025-08-01 04:00:00,4.0
2025-08-01,2590,#10,30.0,4.285714285714286,37.0,146.16,2025-08-01 15:00:00,2025-08-01 22:00:00,7.0
2025-08-01,2591,#17,41.0,6.833333333333333,42.0,164.06,2025-08-01 09:00:00,2025-08-01 15:00:00,6.0
2025-08-01,2592,#23,14.0,3.5,55.0,228.01,2025-08-01 04:00:00,2025-08-01 08:00:00,4.0
2025-08-01,2593,#25,17.0,2.4285714285714284,42.0,194.52,2025-08-01 15:00:00,2025-08-01 22:00:00,7.0
2025-08-02,2605,#4,26.0,3.7142857142857144,39.0,137.12,2025-08-02 09:00:00,2025-08-02 16:00:00,7.0
2025-08-02,2606,#7,13.0,3.25,17.0,101.92,2025-08-02 03:00:00,2025-08-02 07:00:00,4.0
2025-08-02,2602,#10,37.0,5.285714285714286,30.0,140.76,2025-08-02 15:00:00,2025-08-02 22:00:00,7.0
2025-08-02,2607,#9,16.0,4.0,34.0,169.67,2025-08-02 15:00:00,2025-08-02 19:00:00,4.0
2025-08-02,2603,#18,4.0,2.0,22.0,96.36,2025-08-02 06:00:00,2025-08-02 08:00:00,2.0
2025-08-02,2604,#23,24.0,6.0,32.0,133.41,2025-08-02 00:00:00,2025-08-02 04:00:00,4.0
2025-08-03,2617,#4,21.0,2.625,38.0,138.64,2025-08-03 08:00:00,2025-08-03 16:00:00,8.0
2025-08-03,2614,#10,48.0,8.0,46.0,136.85,2025-08-03 16:00:00,2025-08-03 22:00:00,6.0
2025-08-03,2618,#9,1.0,1.0,1.0,80.36,2025-08-03 22:00:00,2025-08-03 23:00:00,1.0
2025-08-03,2615,#18,2.0,2.0,48.0,199.97,2025-08-03 07:00:00,2025-08-03 08:00:00,1.0
2025-08-03,2616,#23,45.0,5.625,33.0,162.62,2025-08-03 00:00:00,2025-08-03 08:00:00,8.0
2025-08-04,2625,#10,14.0,7.0,39.0,159.92,2025-08-04 22:00:00,2025-08-05 00:00:00,2.0
2025-08-04,2626,#11,1.0,1.0,16.0,-107.14,2025-08-04 21:00:00,2025-08-04 22:00:00,1.0
2025-08-04,2627,#15,35.0,4.375,22.0,130.42,2025-08-04 14:00:00,2025-08-04 22:00:00,8.0
2025-08-04,2628,#16,1.0,1.0,10.0,10.33,2025-08-04 07:00:00,2025-08-04 08:00:00,1.0
2025-08-04,2629,#20,22.0,3.6666666666666665,41.0,194.19,2025-08-04 08:00:00,2025-08-04 14:00:00,6.0
2025-08-04,2630,#23,21.0,5.25,46.0,205.32,2025-08-04 03:00:00,2025-08-04 07:00:00,4.0
2025-08-04,2631,#25,1.0,1.0,17.0,117.82,2025-08-04 03:00:00,2025-08-04 04:00:00,1.0
2025-08-05,2643,#2,2.0,0.6666666666666666,20.0,115.48,2025-08-05 00:00:00,2025-08-05 03:00:00,3.0
2025-08-05,2644,#6,2.0,2.0,12.0,0.0,2025-08-05 11:00:00,2025-08-05 12:00:00,1.0
2025-08-05,2638,#10,3.0,1.5,35.0,194.36,2025-08-05 03:00:00,2025-08-05 05:00:00,2.0
2025-08-05,2639,#14,21.0,3.5,35.0,180.47,2025-08-05 16:00:00,2025-08-05 22:00:00,6.0
2025-08-05,2640,#20,16.0,4.0,41.0,167.95,2025-08-05 00:00:00,2025-08-05 04:00:00,4.0
2025-08-05,2641,#22,8.0,1.6,33.0,134.24,2025-08-05 17:00:00,2025-08-05 22:00:00,5.0
2025-08-05,2642,#26,45.0,5.0,35.0,156.88,2025-08-05 08:00:00,2025-08-05 17:00:00,9.0
2025-08-06,2651,#14,42.0,6.0,44.0,193.52,2025-08-06 15:00:00,2025-08-06 22:00:00,7.0
2025-08-06,2652,#15,30.0,4.285714285714286,42.0,377.41,2025-08-06 08:00:00,2025-08-06 15:00:00,7.0
2025-08-06,2653,#16,1.0,1.0,20.0,40.5,2025-08-06 14:00:00,2025-08-06 15:00:00,1.0
2025-08-06,2654,#20,21.0,3.5,35.0,162.78,2025-08-06 00:00:00,2025-08-06 06:00:00,6.0
2025-08-06,2655,#25,3.0,1.5,39.0,259.1,2025-08-06 14:00:00,2025-08-06 16:00:00,2.0
2025-08-07,2667,#4,33.0,4.714285714285714,37.0,115.67,2025-08-07 09:00:00,2025-08-07 16:00:00,7.0
2025-08-07,2662,#10,18.0,6.0,37.0,159.91,2025-08-07 00:00:00,2025-08-07 03:00:00,3.0
2025-08-07,2663,#15,37.0,5.285714285714286,35.0,153.99,2025-08-07 16:00:00,2025-08-07 23:00:00,7.0
2025-08-07,2664,#20,15.0,3.75,43.0,170.18,2025-08-07 03:00:00,2025-08-07 07:00:00,4.0
2025-08-07,2665,#22,11.0,1.2222222222222223,28.0,100.12,2025-08-07 06:00:00,2025-08-07 15:00:00,9.0
2025-08-07,2666,#25,1.0,1.0,66.0,78.08,2025-08-07 00:00:00,2025-08-07 01:00:00,1.0
2025-08-08,2677,#6,4.0,2.0,27.0,78.13,2025-08-08 05:00:00,2025-08-08 07:00:00,2.0
2025-08-08,2678,#7,29.0,4.833333333333333,25.0,215.57,2025-08-08 09:00:00,2025-08-08 15:00:00,6.0
2025-08-08,2674,#10,31.0,5.166666666666667,42.0,156.19,2025-08-08 00:00:00,2025-08-08 06:00:00,6.0
2025-08-08,2675,#14,35.0,5.0,35.0,180.7,2025-08-08 14:00:00,2025-08-08 21:00:00,7.0
2025-08-08,2676,#22,5.0,1.0,30.0,139.95,2025-08-08 14:00:00,2025-08-08 19:00:00,5.0
2025-08-09,2687,#4,49.0,6.125,41.0,209.08,2025-08-09 14:00:00,2025-08-09 22:00:00,8.0
2025-08-09,2688,#7,7.0,3.5,24.0,96.33,2025-08-09 06:00:00,2025-08-09 08:00:00,2.0
2025-08-09,2684,#10,23.0,5.75,60.0,220.27,2025-08-09 03:00:00,2025-08-09 07:00:00,4.0
2025-08-09,2685,#14,16.0,3.2,24.0,119.14,2025-08-09 09:00:00,2025-08-09 14:00:00,5.0
2025-08-09,2686,#23,24.0,6.0,35.0,234.41,2025-08-09 00:00:00,2025-08-09 04:00:00,4.0
2025-08-10,2698,#4,21.0,5.25,44.0,185.88,2025-08-10 11:00:00,2025-08-10 15:00:00,4.0
2025-08-10,2699,#7,2.0,2.0,91.0,304.76,2025-08-10 07:00:00,2025-08-10 08:00:00,1.0
2025-08-10,2695,#15,36.0,4.0,28.0,178.75,2025-08-10 14:00:00,2025-08-10 23:00:00,9.0
2025-08-10,2696,#23,48.0,6.857142857142857,37.0,193.7,2025-08-10 00:00:00,2025-08-10 07:00:00,7.0
2025-08-10,2697,#25,1.0,1.0,95.0,276.54,2025-08-10 14:00:00,2025-08-10 15:00:00,1.0
2025-08-11,2706,#14,40.0,8.0,36.0,160.39,2025-08-11 17:00:00,2025-08-11 22:00:00,5.0
2025-08-11,2707,#20,47.0,5.222222222222222,40.0,212.4,2025-08-11 08:00:00,2025-08-11 17:00:00,9.0
2025-08-11,2708,#23,34.0,4.857142857142857,45.0,201.5,2025-08-11 00:00:00,2025-08-11 07:00:00,7.0
2025-08-12,2718,#7,2.0,0.6666666666666666,20.0,60.27,2025-08-12 15:00:00,2025-08-12 18:00:00,3.0
2025-08-12,2714,#10,18.0,6.0,45.0,164.33,2025-08-12 00:00:00,2025-08-12 03:00:00,3.0
2025-08-12,2715,#14,28.0,4.666666666666667,66.0,261.76,2025-08-12 16:00:00,2025-08-12 22:00:00,6.0
2025-08-12,2716,#20,28.0,4.0,48.0,190.18,2025-08-12 09:00:00,2025-08-12 16:00:00,7.0
2025-08-12,2717,#23,7.0,7.0,25.0,160.4,2025-08-12 04:00:00,2025-08-12 05:00:00,1.0
2025-08-13,2725,#10,32.0,5.333333333333333,26.0,112.05,2025-08-13 00:00:00,2025-08-13 06:00:00,6.0
2025-08-13,2728,#9,1.0,1.0,25.0,193.54,2025-08-13 15:00:00,2025-08-13 16:00:00,1.0
2025-08-13,2726,#14,45.0,5.625,26.0,117.73,2025-08-13 14:00:00,2025-08-13 22:00:00,8.0
2025-08-13,2727,#15,24.0,3.4285714285714284,40.0,114.75,2025-08-13 08:00:00,2025-08-13 15:00:00,7.0
2025-08-14,2739,#6,6.0,3.0,26.0,153.56,2025-08-14 06:00:00,2025-08-14 08:00:00,2.0
2025-08-14,2735,#10,13.0,3.25,20.0,123.19,2025-08-14 03:00:00,2025-08-14 07:00:00,4.0
2025-08-14,2736,#14,47.0,6.714285714285714,46.0,177.47,2025-08-14 16:00:00,2025-08-14 23:00:00,7.0
2025-08-14,2737,#21,30.0,3.75,45.0,193.17,2025-08-14 09:00:00,2025-08-14 17:00:00,8.0
2025-08-14,2738,#23,18.0,4.5,28.0,111.68,2025-08-14 00:00:00,2025-08-14 04:00:00,4.0
2025-08-15,2750,#9,2.0,1.0,22.0,109.72,2025-08-15 06:00:00,2025-08-15 08:00:00,2.0
2025-08-15,2746,#20,40.0,5.0,40.0,176.79,2025-08-15 14:00:00,2025-08-15 22:00:00,8.0
2025-08-15,2747,#21,24.0,3.4285714285714284,34.0,189.87,2025-08-15 08:00:00,2025-08-15 15:00:00,7.0
2025-08-15,2748,#23,8.0,2.6666666666666665,29.0,92.14,2025-08-15 04:00:00,2025-08-15 07:00:00,3.0
2025-08-15,2749,#29,32.0,8.0,24.0,148.04,2025-08-15 00:00:00,2025-08-15 04:00:00,4.0
2025-08-16,2757,#11,1.0,1.0,3.0,124.11,2025-08-16 17:00:00,2025-08-16 18:00:00,1.0
2025-08-16,2758,#20,26.0,3.25,35.0,186.94,2025-08-16 08:00:00,2025-08-16 16:00:00,8.0
2025-08-16,2759,#23,29.0,14.5,26.0,157.67,2025-08-16 22:00:00,2025-08-17 00:00:00,2.0
2025-08-16,2760,#24,53.0,7.571428571428571,52.0,191.18,2025-08-16 15:00:00,2025-08-16 22:00:00,7.0
2025-08-16,2761,#25,2.0,2.0,26.0,194.45,2025-08-16 12:00:00,2025-08-16 13:00:00,1.0
2025-08-16,2762,#29,17.0,4.25,31.0,207.7,2025-08-16 03:00:00,2025-08-16 07:00:00,4.0
2025-08-17,2772,#4,47.0,7.833333333333333,39.0,185.08,2025-08-17 16:00:00,2025-08-17 22:00:00,6.0
2025-08-17,2773,#6,2.0,2.0,16.0,131.51,2025-08-17 09:00:00,2025-08-17 10:00:00,1.0
2025-08-17,2769,#11,1.0,1.0,37.0,173.01,2025-08-17 17:00:00,2025-08-17 18:00:00,1.0
2025-08-17,2770,#20,33.0,4.714285714285714,39.0,226.95,2025-08-17 09:00:00,2025-08-17 16:00:00,7.0
2025-08-17,2771,#23,33.0,4.714285714285714,24.0,133.02,2025-08-17 00:00:00,2025-08-17 07:00:00,7.0
2025-08-18,2783,#4,42.0,5.25,45.0,200.54,2025-08-18 14:00:00,2025-08-18 22:00:00,8.0
2025-08-18,2784,#6,2.0,2.0,37.0,178.68,2025-08-18 07:00:00,2025-08-18 08:00:00,1.0
2025-08-18,2780,#21,25.0,3.5714285714285716,34.0,143.94,2025-08-18 08:00:00,2025-08-18 15:00:00,7.0
2025-08-18,2781,#23,30.0,4.285714285714286,23.0,159.58,2025-08-18 00:00:00,2025-08-18 07:00:00,7.0
2025-08-18,2782,#25,1.0,1.0,13.0,90.18,2025-08-18 14:00:00,2025-08-18 15:00:00,1.0
2025-08-19,2791,#10,23.0,5.75,33.0,191.41,2025-08-19 00:00:00,2025-08-19 04:00:00,4.0
2025-08-19,2792,#11,3.0,1.5,38.0,170.1,2025-08-19 15:00:00,2025-08-19 17:00:00,2.0
2025-08-19,2793,#14,51.0,8.5,35.0,188.02,2025-08-19 16:00:00,2025-08-19 22:00:00,6.0
2025-08-19,2794,#21,32.0,4.0,52.0,220.98,2025-08-19 08:00:00,2025-08-19 16:00:00,8.0
2025-08-19,2795,#23,1.0,1.0,19.0,115.18,2025-08-19 03:00:00,2025-08-19 04:00:00,1.0
2025-08-19,2796,#25,1.0,1.0,36.0,46.43,2025-08-19 22:00:00,2025-08-19 23:00:00,1.0
2025-08-20,2805,#4,52.0,4.7272727272727275,40.0,170.83,2025-08-20 08:00:00,2025-08-20 19:00:00,11.0
2025-08-20,2806,#7,1.0,1.0,2.0,-15.18,2025-08-20 21:00:00,2025-08-20 22:00:00,1.0
2025-08-20,2803,#10,40.0,5.714285714285714,35.0,139.97,2025-08-20 00:00:00,2025-08-20 07:00:00,7.0
2025-08-20,2804,#14,35.0,8.75,33.0,197.96,2025-08-20 18:00:00,2025-08-20 22:00:00,4.0
2025-08-21,2814,#10,12.0,6.0,38.0,131.14,2025-08-21 04:00:00,2025-08-21 06:00:00,2.0
2025-08-21,2815,#11,1.0,1.0,208.0,378.86,2025-08-21 17:00:00,2025-08-21 18:00:00,1.0
2025-08-21,2816,#15,28.0,4.0,29.0,133.79,2025-08-21 16:00:00,2025-08-21 23:00:00,7.0
2025-08-21,2817,#21,37.0,5.285714285714286,36.0,192.95,2025-08-21 09:00:00,2025-08-21 16:00:00,7.0
2025-08-21,2818,#23,20.0,5.0,23.0,177.36,2025-08-21 00:00:00,2025-08-21 04:00:00,4.0
2025-08-22,2828,#9,2.0,2.0,36.0,189.19,2025-08-22 14:00:00,2025-08-22 15:00:00,1.0
2025-08-22,2825,#15,41.0,5.125,36.0,145.55,2025-08-22 14:00:00,2025-08-22 22:00:00,8.0
2025-08-22,2826,#21,18.0,2.5714285714285716,38.0,153.54,2025-08-22 08:00:00,2025-08-22 15:00:00,7.0
2025-08-22,2827,#23,38.0,6.333333333333333,26.0,123.09,2025-08-22 00:00:00,2025-08-22 06:00:00,6.0
2025-08-23,2838,#9,9.0,1.8,34.0,107.3,2025-08-23 16:00:00,2025-08-23 21:00:00,5.0
2025-08-23,2835,#15,49.0,5.444444444444445,32.0,197.06,2025-08-23 14:00:00,2025-08-23 23:00:00,9.0
2025-08-23,2836,#21,21.0,4.2,43.0,213.56,2025-08-23 09:00:00,2025-08-23 14:00:00,5.0
2025-08-23,2837,#23,38.0,5.428571428571429,25.0,147.29,2025-08-23 00:00:00,2025-08-23 07:00:00,7.0
2025-08-24,2847,#2,5.0,1.6666666666666667,29.0,169.07,2025-08-24 11:00:00,2025-08-24 14:00:00,3.0
2025-08-24,2848,#4,49.0,4.083333333333333,49.0,196.51,2025-08-24 08:00:00,2025-08-24 20:00:00,12.0
2025-08-24,2849,#9,21.0,7.0,23.0,143.28,2025-08-24 21:00:00,2025-08-25 00:00:00,3.0
2025-08-24,2845,#23,21.0,4.2,34.0,163.05,2025-08-24 03:00:00,2025-08-24 08:00:00,5.0
2025-08-24,2846,#25,8.0,2.0,51.0,241.58,2025-08-24 17:00:00,2025-08-24 21:00:00,4.0
2025-08-25,2860,#2,6.0,1.0,19.0,139.3,2025-08-25 06:00:00,2025-08-25 12:00:00,6.0
2025-08-25,2861,#4,37.0,4.111111111111111,37.0,159.37,2025-08-25 14:00:00,2025-08-25 23:00:00,9.0
2025-08-25,2857,#10,21.0,5.25,34.0,145.42,2025-08-25 00:00:00,2025-08-25 04:00:00,4.0
2025-08-25,2858,#17,15.0,3.75,45.0,176.79,2025-08-25 03:00:00,2025-08-25 07:00:00,4.0
2025-08-25,2859,#21,15.0,3.0,24.0,89.31,2025-08-25 09:00:00,2025-08-25 14:00:00,5.0
2025-08-26,2873,#2,3.0,3.0,24.0,283.19,2025-08-26 14:00:00,2025-08-26 15:00:00,1.0
2025-08-26,2868,#10,6.0,3.0,22.0,81.26,2025-08-26 03:00:00,2025-08-26 05:00:00,2.0
2025-08-26,2869,#11,5.0,5.0,18.0,159.03,2025-08-26 14:00:00,2025-08-26 15:00:00,1.0
2025-08-26,2870,#14,69.0,7.666666666666667,38.0,181.64,2025-08-26 14:00:00,2025-08-26 23:00:00,9.0
2025-08-26,2871,#21,24.0,4.8,30.0,175.15,2025-08-26 09:00:00,2025-08-26 14:00:00,5.0
2025-08-26,2872,#23,22.0,11.0,25.0,121.96,2025-08-26 22:00:00,2025-08-27 00:00:00,2.0
2025-08-27,2880,#14,40.0,6.666666666666667,40.0,180.86,2025-08-27 16:00:00,2025-08-27 22:00:00,6.0
2025-08-27,2881,#21,35.0,4.375,47.0,175.66,2025-08-27 08:00:00,2025-08-27 16:00:00,8.0
2025-08-27,2882,#23,45.0,6.428571428571429,21.0,122.84,2025-08-27 00:00:00,2025-08-27 07:00:00,7.0
2025-08-27,2883,#25,5.0,1.25,18.0,109.36,2025-08-27 20:00:00,2025-08-28 00:00:00,4.0
2025-08-28,2890,#10,17.0,4.25,29.0,169.84,2025-08-28 00:00:00,2025-08-28 04:00:00,4.0
2025-08-28,2891,#20,47.0,6.714285714285714,38.0,190.53,2025-08-28 15:00:00,2025-08-28 22:00:00,7.0
2025-08-28,2892,#21,32.0,4.0,43.0,175.46,2025-08-28 07:00:00,2025-08-28 15:00:00,8.0
2025-08-28,2893,#23,17.0,4.25,23.0,143.49,2025-08-28 03:00:00,2025-08-28 07:00:00,4.0
2025-08-29,2903,#2,2.0,1.0,25.0,109.82,2025-08-29 10:00:00,2025-08-29 12:00:00,2.0
2025-08-29,2900,#10,34.0,4.857142857142857,27.0,126.88,2025-08-29 00:00:00,2025-08-29 07:00:00,7.0
2025-08-29,2901,#20,48.0,6.0,29.0,139.1,2025-08-29 14:00:00,2025-08-29 22:00:00,8.0
2025-08-29,2902,#21,18.0,3.0,39.0,185.41,2025-08-29 08:00:00,2025-08-29 14:00:00,6.0
2025-08-30,2916,#2,40.0,5.0,36.0,149.27,2025-08-30 07:00:00,2025-08-30 15:00:00,8.0
2025-08-30,2912,#10,22.0,4.4,42.0,157.75,2025-08-30 03:00:00,2025-08-30 08:00:00,5.0
2025-08-30,2913,#17,1.0,1.0,12.0,40.18,2025-08-30 17:00:00,2025-08-30 18:00:00,1.0
2025-08-30,2914,#20,54.0,6.75,39.0,191.52,2025-08-30 15:00:00,2025-08-30 23:00:00,8.0
2025-08-30,2915,#23,22.0,5.5,34.0,148.58,2025-08-30 00:00:00,2025-08-30 04:00:00,4.0
2025-08-31,2926,#4,42.0,4.666666666666667,37.0,158.83,2025-08-31 14:00:00,2025-08-31 23:00:00,9.0
2025-08-31,2923,#20,13.0,3.25,27.0,130.95,2025-08-31 10:00:00,2025-08-31 14:00:00,4.0
2025-08-31,2925,#23,35.0,4.375,31.0,154.18,2025-08-31 00:00:00,2025-08-31 08:00:00,8.0
2025-08-31,2924,#22,1.0,1.0,19.0,46.43,2025-08-31 22:00:00,2025-08-31 23:00:00,1.0
2025-09-01,2936,#2,3.0,3.0,30.0,158.04,2025-09-01 14:00:00,2025-09-01 15:00:00,1.0
2025-09-01,2937,#4,45.0,5.625,27.0,138.04,2025-09-01 08:00:00,2025-09-01 16:00:00,8.0
2025-09-01,2938,#7,2.0,1.0,43.0,-280.66,2025-09-01 13:00:00,2025-09-01 15:00:00,2.0
2025-09-01,2933,#10,22.0,5.5,33.0,165.96,2025-09-01 00:00:00,2025-09-01 04:00:00,4.0
2025-09-01,2939,#9,1.0,1.0,21.0,166.76,2025-09-01 23:00:00,2025-09-02 00:00:00,1.0
2025-09-01,2934,#20,41.0,5.857142857142857,39.0,204.67,2025-09-01 16:00:00,2025-09-01 23:00:00,7.0
2025-09-01,2935,#23,15.0,5.0,31.0,133.91,2025-09-01 03:00:00,2025-09-01 06:00:00,3.0
2025-09-02,2946,#10,6.0,3.0,29.0,81.01,2025-09-02 03:00:00,2025-09-02 05:00:00,2.0
2025-09-02,2947,#20,55.0,6.875,32.0,129.46,2025-09-02 15:00:00,2025-09-02 23:00:00,8.0
2025-09-02,2948,#21,23.0,3.2857142857142856,36.0,138.42,2025-09-02 08:00:00,2025-09-02 15:00:00,7.0
2025-09-02,2949,#23,28.0,7.0,29.0,117.01,2025-09-02 00:00:00,2025-09-02 04:00:00,4.0
2025-09-03,2956,#14,32.0,4.571428571428571,40.0,189.2,2025-09-03 15:00:00,2025-09-03 22:00:00,7.0
2025-09-03,2957,#21,33.0,4.714285714285714,28.0,145.08,2025-09-03 09:00:00,2025-09-03 16:00:00,7.0
2025-09-03,2958,#23,49.0,6.125,28.0,155.1,2025-09-03 00:00:00,2025-09-03 08:00:00,8.0
2025-09-03,2959,#25,1.0,1.0,123.0,200.22,2025-09-03 15:00:00,2025-09-03 16:00:00,1.0
2025-09-04,2966,#20,63.0,7.875,31.0,119.55,2025-09-04 14:00:00,2025-09-04 22:00:00,8.0
2025-09-04,2967,#21,21.0,4.2,39.0,163.17,2025-09-04 09:00:00,2025-09-04 14:00:00,5.0
2025-09-04,2968,#23,6.0,3.0,24.0,160.14,2025-09-04 04:00:00,2025-09-04 06:00:00,2.0
2025-09-04,2969,#25,26.0,6.5,26.0,157.76,2025-09-04 00:00:00,2025-09-04 04:00:00,4.0
2025-09-05,2979,#7,3.0,3.0,12.0,85.72,2025-09-05 06:00:00,2025-09-05 07:00:00,1.0
2025-09-05,2976,#20,30.0,5.0,33.0,116.99,2025-09-05 15:00:00,2025-09-05 21:00:00,6.0
2025-09-05,2977,#21,31.0,4.428571428571429,31.0,161.15,2025-09-05 08:00:00,2025-09-05 15:00:00,7.0
2025-09-05,2978,#25,28.0,4.666666666666667,29.0,186.38,2025-09-05 00:00:00,2025-09-05 06:00:00,6.0
2025-09-06,2990,#7,3.0,1.5,76.0,54.13,2025-09-06 06:00:00,2025-09-06 08:00:00,2.0
2025-09-06,2991,#9,53.0,7.571428571428571,27.0,159.46,2025-09-06 15:00:00,2025-09-06 22:00:00,7.0
2025-09-06,2987,#15,27.0,9.0,29.0,146.89,2025-09-06 00:00:00,2025-09-06 03:00:00,3.0
2025-09-06,2988,#24,28.0,4.0,24.0,108.43,2025-09-06 09:00:00,2025-09-06 16:00:00,7.0
2025-09-06,2989,#25,17.0,4.25,26.0,94.74,2025-09-06 03:00:00,2025-09-06 07:00:00,4.0
2025-09-07,3000,#4,67.0,5.583333333333333,40.0,230.68,2025-09-07 08:00:00,2025-09-07 20:00:00,12.0
2025-09-07,3001,#7,1.0,1.0,3.0,70.54,2025-09-07 07:00:00,2025-09-07 08:00:00,1.0
2025-09-07,2998,#15,14.0,3.5,27.0,152.77,2025-09-07 03:00:00,2025-09-07 07:00:00,4.0
2025-09-07,2999,#23,41.0,10.25,38.0,210.82,2025-09-07 20:00:00,2025-09-08 00:00:00,4.0
2025-09-08,3008,#17,13.0,3.25,17.0,155.54,2025-09-08 00:00:00,2025-09-08 04:00:00,4.0
2025-09-08,3009,#20,22.0,3.6666666666666665,25.0,109.94,2025-09-08 08:00:00,2025-09-08 14:00:00,6.0
2025-09-08,3010,#23,13.0,3.25,30.0,193.59,2025-09-08 03:00:00,2025-09-08 07:00:00,4.0
2025-09-08,3011,#25,37.0,4.625,35.0,208.38,2025-09-08 14:00:00,2025-09-08 22:00:00,8.0
2025-09-09,3019,#17,5.0,1.25,16.0,57.59,2025-09-09 03:00:00,2025-09-09 07:00:00,4.0
2025-09-09,3020,#20,38.0,5.428571428571429,30.0,162.58,2025-09-09 15:00:00,2025-09-09 22:00:00,7.0
2025-09-09,3021,#21,39.0,5.571428571428571,28.0,164.08,2025-09-09 08:00:00,2025-09-09 15:00:00,7.0
2025-09-09,3022,#25,17.0,8.5,29.0,148.16,2025-09-09 22:00:00,2025-09-10 00:00:00,2.0
2025-09-10,3029,#14,44.0,7.333333333333333,28.0,171.96,2025-09-10 16:00:00,2025-09-10 22:00:00,6.0
2025-09-10,3030,#21,45.0,5.625,36.0,194.24,2025-09-10 08:00:00,2025-09-10 16:00:00,8.0
2025-09-10,3031,#25,10.0,2.5,31.0,134.85,2025-09-10 03:00:00,2025-09-10 07:00:00,4.0
2025-09-10,3032,#29,12.0,6.0,34.0,119.18,2025-09-10 22:00:00,2025-09-11 00:00:00,2.0
2025-09-11,3043,#6,10.0,10.0,38.0,211.67,2025-09-11 16:00:00,2025-09-11 17:00:00,1.0
2025-09-11,3038,#14,49.0,9.8,39.0,165.06,2025-09-11 17:00:00,2025-09-11 22:00:00,5.0
2025-09-11,3039,#21,44.0,5.5,42.0,171.12,2025-09-11 08:00:00,2025-09-11 16:00:00,8.0
2025-09-11,3040,#22,3.0,1.0,32.0,122.31,2025-09-11 10:00:00,2025-09-11 13:00:00,3.0
2025-09-11,3041,#25,20.0,6.666666666666667,26.0,134.71,2025-09-11 21:00:00,2025-09-12 00:00:00,3.0
2025-09-11,3042,#29,11.0,2.75,38.0,170.34,2025-09-11 03:00:00,2025-09-11 07:00:00,4.0
2025-09-12,3054,#7,1.0,1.0,6.0,89.29,2025-09-12 07:00:00,2025-09-12 08:00:00,1.0
2025-09-12,3050,#20,39.0,4.875,33.0,155.35,2025-09-12 14:00:00,2025-09-12 22:00:00,8.0
2025-09-12,3051,#21,23.0,3.8333333333333335,37.0,197.56,2025-09-12 08:00:00,2025-09-12 14:00:00,6.0
2025-09-12,3052,#23,26.0,6.5,35.0,137.53,2025-09-12 00:00:00,2025-09-12 04:00:00,4.0
2025-09-12,3053,#25,12.0,3.0,24.0,95.17,2025-09-12 03:00:00,2025-09-12 07:00:00,4.0
2025-09-13,3063,#2,1.0,1.0,59.0,30.36,2025-09-13 23:00:00,2025-09-14 00:00:00,1.0
2025-09-13,3064,#7,56.0,6.222222222222222,28.0,186.95,2025-09-13 06:00:00,2025-09-13 15:00:00,9.0
2025-09-13,3060,#11,1.0,1.0,80.0,319.88,2025-09-13 15:00:00,2025-09-13 16:00:00,1.0
2025-09-13,3061,#15,39.0,4.875,31.0,180.48,2025-09-13 14:00:00,2025-09-13 22:00:00,8.0
2025-09-13,3062,#23,30.0,5.0,29.0,192.69,2025-09-13 00:00:00,2025-09-13 06:00:00,6.0
2025-09-14,3073,#4,63.0,6.3,42.0,183.95,2025-09-14 12:00:00,2025-09-14 22:00:00,10.0
2025-09-14,3074,#7,9.0,1.8,39.0,173.27,2025-09-14 09:00:00,2025-09-14 14:00:00,5.0
2025-09-14,3071,#20,16.0,8.0,27.0,118.66,2025-09-14 22:00:00,2025-09-15 00:00:00,2.0
2025-09-14,3072,#23,14.0,3.5,25.0,153.58,2025-09-14 03:00:00,2025-09-14 07:00:00,4.0
2025-09-15,3082,#20,14.0,3.5,20.0,173.84,2025-09-15 03:00:00,2025-09-15 07:00:00,4.0
2025-09-15,3083,#21,45.0,7.5,42.0,161.04,2025-09-15 10:00:00,2025-09-15 16:00:00,6.0
2025-09-15,3085,#23,8.0,2.0,28.0,111.19,2025-09-15 00:00:00,2025-09-15 04:00:00,4.0
2025-09-15,3084,#22,9.0,1.2857142857142858,22.0,118.87,2025-09-15 16:00:00,2025-09-15 23:00:00,7.0
2025-09-15,3086,#24,35.0,5.833333333333333,46.0,149.73,2025-09-15 16:00:00,2025-09-15 22:00:00,6.0
2025-09-16,3093,#20,50.0,5.555555555555555,26.0,160.74,2025-09-16 15:00:00,2025-09-17 00:00:00,9.0
2025-09-16,3094,#21,48.0,6.857142857142857,37.0,389.75,2025-09-16 08:00:00,2025-09-16 15:00:00,7.0
2025-09-16,3095,#22,4.0,2.0,40.0,157.26,2025-09-16 14:00:00,2025-09-16 16:00:00,2.0
2025-09-16,3096,#25,14.0,3.5,31.0,170.7,2025-09-16 00:00:00,2025-09-16 04:00:00,4.0
2025-09-17,3103,#14,49.0,8.166666666666666,31.0,234.38,2025-09-17 16:00:00,2025-09-17 22:00:00,6.0
2025-09-17,3104,#16,2.0,2.0,14.0,136.77,2025-09-17 06:00:00,2025-09-17 07:00:00,1.0
2025-09-17,3105,#20,21.0,5.25,27.0,150.16,2025-09-17 00:00:00,2025-09-17 04:00:00,4.0
2025-09-17,3106,#21,44.0,6.285714285714286,40.0,178.72,2025-09-17 09:00:00,2025-09-17 16:00:00,7.0
2025-09-17,3107,#25,8.0,2.0,23.0,171.39,2025-09-17 03:00:00,2025-09-17 07:00:00,4.0
2025-09-18,3117,#7,56.0,7.0,29.0,166.32,2025-09-18 15:00:00,2025-09-18 23:00:00,8.0
2025-09-18,3114,#20,34.0,4.857142857142857,27.0,193.18,2025-09-18 00:00:00,2025-09-18 07:00:00,7.0
2025-09-18,3115,#21,31.0,4.428571428571429,49.0,210.89,2025-09-18 08:00:00,2025-09-18 15:00:00,7.0
2025-09-18,3116,#25,7.0,3.5,33.0,193.7,2025-09-18 11:00:00,2025-09-18 13:00:00,2.0
2025-09-19,3128,#7,67.0,8.375,30.0,154.24,2025-09-19 15:00:00,2025-09-19 23:00:00,8.0
2025-09-19,3124,#20,14.0,4.666666666666667,41.0,170.55,2025-09-19 03:00:00,2025-09-19 06:00:00,3.0
2025-09-19,3125,#21,17.0,2.4285714285714284,27.0,114.64,2025-09-19 08:00:00,2025-09-19 15:00:00,7.0
2025-09-19,3126,#25,7.0,1.75,23.0,138.59,2025-09-19 11:00:00,2025-09-19 15:00:00,4.0
2025-09-19,3127,#29,27.0,6.75,24.0,149.35,2025-09-19 00:00:00,2025-09-19 04:00:00,4.0
2025-09-20,3135,#14,45.0,6.428571428571429,40.0,166.82,2025-09-20 08:00:00,2025-09-20 15:00:00,7.0
2025-09-20,3136,#15,54.0,6.75,34.0,143.91,2025-09-20 14:00:00,2025-09-20 22:00:00,8.0
2025-09-20,3137,#18,1.0,1.0,4.0,15.18,2025-09-20 07:00:00,2025-09-20 08:00:00,1.0
2025-09-20,3138,#25,4.0,1.3333333333333333,15.0,68.75,2025-09-20 16:00:00,2025-09-20 19:00:00,3.0
2025-09-20,3139,#29,43.0,6.142857142857143,34.0,147.75,2025-09-20 00:00:00,2025-09-20 07:00:00,7.0
2025-09-21,3148,#4,78.0,7.8,33.0,136.07,2025-09-21 13:00:00,2025-09-21 23:00:00,10.0
2025-09-21,3149,#9,20.0,4.0,17.0,176.17,2025-09-21 08:00:00,2025-09-21 13:00:00,5.0
2025-09-21,3145,#18,3.0,1.5,13.0,88.94,2025-09-21 07:00:00,2025-09-21 09:00:00,2.0
2025-09-21,3146,#22,25.0,6.25,21.0,138.3,2025-09-21 00:00:00,2025-09-21 04:00:00,4.0
2025-09-21,3147,#29,16.0,4.0,25.0,136.97,2025-09-21 03:00:00,2025-09-21 07:00:00,4.0
2025-09-22,3155,#16,3.0,3.0,27.0,150.77,2025-09-22 11:00:00,2025-09-22 12:00:00,1.0
2025-09-22,3156,#20,42.0,5.25,32.0,144.1,2025-09-22 15:00:00,2025-09-22 23:00:00,8.0
2025-09-22,3157,#21,22.0,3.6666666666666665,34.0,167.26,2025-09-22 09:00:00,2025-09-22 15:00:00,6.0
2025-09-22,3158,#22,14.0,3.5,27.0,142.61,2025-09-22 03:00:00,2025-09-22 07:00:00,4.0
2025-09-22,3159,#25,19.0,4.75,26.0,618.44,2025-09-22 00:00:00,2025-09-22 04:00:00,4.0
2025-09-23,3169,#6,1.0,1.0,21.0,45.45,2025-09-23 15:00:00,2025-09-23 16:00:00,1.0
2025-09-23,3166,#20,53.0,7.571428571428571,35.0,147.01,2025-09-23 15:00:00,2025-09-23 22:00:00,7.0
2025-09-23,3167,#21,37.0,5.285714285714286,28.0,146.97,2025-09-23 08:00:00,2025-09-23 15:00:00,7.0
2025-09-23,3168,#25,26.0,5.2,26.0,144.99,2025-09-23 00:00:00,2025-09-23 05:00:00,5.0
2025-09-24,3180,#6,2.0,1.0,33.0,135.99,2025-09-24 06:00:00,2025-09-24 08:00:00,2.0
2025-09-24,3176,#14,46.0,7.666666666666667,34.0,129.15,2025-09-24 16:00:00,2025-09-24 22:00:00,6.0
2025-09-24,3177,#21,41.0,5.125,35.0,167.08,2025-09-24 08:00:00,2025-09-24 16:00:00,8.0
2025-09-24,3178,#22,2.0,2.0,50.0,286.53,2025-09-24 18:00:00,2025-09-24 19:00:00,1.0
2025-09-24,3179,#25,38.0,5.428571428571429,24.0,176.47,2025-09-24 00:00:00,2025-09-24 07:00:00,7.0
2025-09-25,3188,#20,42.0,5.25,37.0,174.13,2025-09-25 14:00:00,2025-09-25 22:00:00,8.0
2025-09-25,3189,#21,32.0,4.571428571428571,38.0,177.85,2025-09-25 08:00:00,2025-09-25 15:00:00,7.0
2025-09-25,3190,#23,22.0,5.5,25.0,239.77,2025-09-25 00:00:00,2025-09-25 04:00:00,4.0
2025-09-25,3191,#25,5.0,1.6666666666666667,18.0,85.49,2025-09-25 04:00:00,2025-09-25 07:00:00,3.0
2025-09-26,3203,#2,7.0,2.3333333333333335,29.0,212.28,2025-09-26 00:00:00,2025-09-26 03:00:00,3.0
2025-09-26,3199,#20,46.0,5.75,26.0,132.27,2025-09-26 14:00:00,2025-09-26 22:00:00,8.0
2025-09-26,3200,#21,20.0,3.3333333333333335,26.0,112.13,2025-09-26 09:00:00,2025-09-26 15:00:00,6.0
2025-09-26,3201,#23,33.0,4.714285714285714,27.0,206.35,2025-09-26 00:00:00,2025-09-26 07:00:00,7.0
2025-09-26,3202,#25,10.0,3.3333333333333335,29.0,133.52,2025-09-26 10:00:00,2025-09-26 13:00:00,3.0
2025-09-27,3213,#4,44.0,6.285714285714286,41.0,159.2,2025-09-27 15:00:00,2025-09-27 22:00:00,7.0
2025-09-27,3210,#14,23.0,5.75,35.0,151.03,2025-09-27 11:00:00,2025-09-27 15:00:00,4.0
2025-09-27,3211,#23,45.0,6.428571428571429,27.0,141.21,2025-09-27 00:00:00,2025-09-27 07:00:00,7.0
2025-09-27,3212,#25,3.0,3.0,28.0,53.71,2025-09-27 14:00:00,2025-09-27 15:00:00,1.0
2025-09-28,3225,#4,82.0,8.2,29.0,143.86,2025-09-28 12:00:00,2025-09-28 22:00:00,10.0
2025-09-28,3226,#9,5.0,5.0,28.0,109.94,2025-09-28 22:00:00,2025-09-28 23:00:00,1.0
2025-09-28,3221,#17,23.0,5.75,26.0,197.45,2025-09-28 00:00:00,2025-09-28 04:00:00,4.0
2025-09-28,3222,#20,8.0,2.6666666666666665,43.0,721.21,2025-09-28 09:00:00,2025-09-28 12:00:00,3.0
2025-09-28,3223,#23,8.0,2.6666666666666665,27.0,139.27,2025-09-28 04:00:00,2025-09-28 07:00:00,3.0
2025-09-28,3224,#25,11.0,1.375,30.0,193.47,2025-09-28 05:00:00,2025-09-28 13:00:00,8.0
2025-09-29,3233,#17,11.0,2.2,24.0,141.3,2025-09-29 03:00:00,2025-09-29 08:00:00,5.0
2025-09-29,3234,#20,56.0,7.0,38.0,166.75,2025-09-29 14:00:00,2025-09-29 22:00:00,8.0
2025-09-29,3235,#21,24.0,4.0,29.0,162.93,2025-09-29 08:00:00,2025-09-29 14:00:00,6.0
2025-09-29,3236,#22,3.0,1.5,15.0,96.72,2025-09-29 13:00:00,2025-09-29 15:00:00,2.0
2025-09-29,3237,#29,17.0,8.5,38.0,167.92,2025-09-29 22:00:00,2025-09-30 00:00:00,2.0
2025-09-30,3249,#7,1.0,1.0,3.0,-15.18,2025-09-30 21:00:00,2025-09-30 22:00:00,1.0
2025-09-30,3245,#20,54.0,6.0,32.0,134.3,2025-09-30 14:00:00,2025-09-30 23:00:00,9.0
2025-09-30,3246,#21,43.0,6.142857142857143,31.0,149.02,2025-09-30 08:00:00,2025-09-30 15:00:00,7.0
2025-09-30,3247,#25,21.0,5.25,32.0,216.51,2025-09-30 00:00:00,2025-09-30 04:00:00,4.0
2025-09-30,3248,#29,4.0,4.0,39.0,69.64,2025-09-30 04:00:00,2025-09-30 05:00:00,1.0
2025-10-01,3259,#6,1.0,1.0,12.0,124.11,2025-10-01 06:00:00,2025-10-01 07:00:00,1.0
2025-10-01,3255,#20,36.0,4.5,40.0,142.12,2025-10-01 15:00:00,2025-10-01 23:00:00,8.0
2025-10-01,3256,#21,32.0,4.0,34.0,196.6,2025-10-01 08:00:00,2025-10-01 16:00:00,8.0
2025-10-01,3258,#23,13.0,3.25,28.0,124.51,2025-10-01 00:00:00,2025-10-01 04:00:00,4.0
2025-10-01,3257,#22,14.0,4.666666666666667,32.0,111.11,2025-10-01 03:00:00,2025-10-01 06:00:00,3.0
2025-10-02,3270,#6,3.0,3.0,22.0,78.15,2025-10-02 07:00:00,2025-10-02 08:00:00,1.0
2025-10-02,3266,#15,30.0,7.5,29.0,127.2,2025-10-02 14:00:00,2025-10-02 18:00:00,4.0
2025-10-02,3267,#20,12.0,3.0,29.0,103.88,2025-10-02 18:00:00,2025-10-02 22:00:00,4.0
2025-10-02,3268,#21,28.0,3.5,46.0,167.01,2025-10-02 07:00:00,2025-10-02 15:00:00,8.0
2025-10-02,3269,#23,37.0,5.285714285714286,30.0,253.56,2025-10-02 00:00:00,2025-10-02 07:00:00,7.0
2025-10-03,3281,#7,3.0,3.0,25.0,127.46,2025-10-03 22:00:00,2025-10-03 23:00:00,1.0
2025-10-03,3277,#20,71.0,7.888888888888889,36.0,179.93,2025-10-03 14:00:00,2025-10-03 23:00:00,9.0
2025-10-03,3278,#21,23.0,3.2857142857142856,37.0,160.8,2025-10-03 08:00:00,2025-10-03 15:00:00,7.0
2025-10-03,3279,#23,16.0,3.2,32.0,173.26,2025-10-03 03:00:00,2025-10-03 08:00:00,5.0
2025-10-03,3280,#29,33.0,8.25,30.0,146.91,2025-10-03 00:00:00,2025-10-03 04:00:00,4.0
2025-10-04,3290,#4,25.0,4.166666666666667,47.0,141.59,2025-10-04 10:00:00,2025-10-04 16:00:00,6.0
2025-10-04,3288,#23,39.0,5.571428571428571,34.0,156.59,2025-10-04 15:00:00,2025-10-04 22:00:00,7.0
2025-10-04,3289,#29,41.0,5.125,24.0,212.73,2025-10-04 00:00:00,2025-10-04 08:00:00,8.0
2025-10-05,3300,#4,60.0,6.0,35.0,175.98,2025-10-05 12:00:00,2025-10-05 22:00:00,10.0
2025-10-05,3297,#23,25.0,6.25,20.0,203.67,2025-10-05 00:00:00,2025-10-05 04:00:00,4.0
2025-10-05,3298,#24,11.0,2.75,27.0,120.39,2025-10-05 08:00:00,2025-10-05 12:00:00,4.0
2025-10-05,3299,#29,37.0,7.4,27.0,284.46,2025-10-05 03:00:00,2025-10-05 08:00:00,5.0
2025-10-06,3308,#20,30.0,4.285714285714286,39.0,147.94,2025-10-06 15:00:00,2025-10-06 22:00:00,7.0
2025-10-06,3309,#21,24.0,4.0,23.0,135.73,2025-10-06 09:00:00,2025-10-06 15:00:00,6.0
2025-10-06,3311,#23,26.0,3.7142857142857144,30.0,176.31,2025-10-06 00:00:00,2025-10-06 07:00:00,7.0
2025-10-06,3310,#22,1.0,1.0,38.0,241.07,2025-10-06 15:00:00,2025-10-06 16:00:00,1.0
2025-10-07,3322,#2,36.0,5.142857142857143,31.0,151.77,2025-10-07 16:00:00,2025-10-07 23:00:00,7.0
2025-10-07,3323,#7,4.0,2.0,32.0,160.82,2025-10-07 16:00:00,2025-10-07 18:00:00,2.0
2025-10-07,3318,#17,2.0,2.0,27.0,40.18,2025-10-07 22:00:00,2025-10-07 23:00:00,1.0
2025-10-07,3319,#21,38.0,4.222222222222222,39.0,166.93,2025-10-07 08:00:00,2025-10-07 17:00:00,9.0
2025-10-07,3320,#23,25.0,5.0,27.0,179.68,2025-10-07 00:00:00,2025-10-07 05:00:00,5.0
2025-10-07,3321,#25,5.0,1.6666666666666667,27.0,163.71,2025-10-07 12:00:00,2025-10-07 15:00:00,3.0
2025-10-08,3334,#2,25.0,4.166666666666667,37.0,158.72,2025-10-08 16:00:00,2025-10-08 22:00:00,6.0
2025-10-08,3335,#6,1.0,1.0,19.0,158.93,2025-10-08 07:00:00,2025-10-08 08:00:00,1.0
2025-10-08,3330,#21,48.0,6.857142857142857,31.0,146.78,2025-10-08 08:00:00,2025-10-08 15:00:00,7.0
2025-10-08,3331,#23,9.0,3.0,38.0,139.93,2025-10-08 05:00:00,2025-10-08 08:00:00,3.0
2025-10-08,3332,#25,15.0,5.0,25.0,112.7,2025-10-08 14:00:00,2025-10-08 17:00:00,3.0
2025-10-08,3333,#29,28.0,7.0,26.0,209.07,2025-10-08 00:00:00,2025-10-08 04:00:00,4.0
2025-10-09,3346,#7,5.0,2.5,20.0,41.13,2025-10-09 20:00:00,2025-10-09 22:00:00,2.0
2025-10-09,3342,#15,43.0,6.142857142857143,25.0,137.94,2025-10-09 14:00:00,2025-10-09 21:00:00,7.0
2025-10-09,3343,#16,1.0,1.0,16.0,127.58,2025-10-09 08:00:00,2025-10-09 09:00:00,1.0
2025-10-09,3344,#21,37.0,5.285714285714286,42.0,204.13,2025-10-09 08:00:00,2025-10-09 15:00:00,7.0
2025-10-09,3345,#29,40.0,5.0,34.0,239.58,2025-10-09 00:00:00,2025-10-09 08:00:00,8.0
2025-10-10,3357,#6,1.0,1.0,10.0,152.68,2025-10-10 07:00:00,2025-10-10 08:00:00,1.0
2025-10-10,3353,#12,39.0,6.5,52.0,142.54,2025-10-10 15:00:00,2025-10-10 21:00:00,6.0
2025-10-10,3354,#20,27.0,6.75,40.0,215.71,2025-10-10 00:00:00,2025-10-10 04:00:00,4.0
2025-10-10,3355,#21,47.0,5.875,33.0,158.78,2025-10-10 08:00:00,2025-10-10 16:00:00,8.0
2025-10-10,3356,#29,14.0,4.666666666666667,23.0,135.25,2025-10-10 03:00:00,2025-10-10 06:00:00,3.0
2025-10-11,3367,#2,4.0,2.0,19.0,113.22,2025-10-11 21:00:00,2025-10-11 23:00:00,2.0
2025-10-11,3368,#4,47.0,7.833333333333333,31.0,128.75,2025-10-11 15:00:00,2025-10-11 21:00:00,6.0
2025-10-11,3369,#8,18.0,6.0,39.0,358.08,2025-10-11 21:00:00,2025-10-12 00:00:00,3.0
2025-10-11,3364,#14,37.0,6.166666666666667,49.0,188.98,2025-10-11 09:00:00,2025-10-11 15:00:00,6.0
2025-10-11,3365,#20,32.0,8.0,32.0,151.39,2025-10-11 03:00:00,2025-10-11 07:00:00,4.0
2025-10-11,3366,#25,5.0,1.6666666666666667,23.0,94.6,2025-10-11 12:00:00,2025-10-11 15:00:00,3.0
2025-10-12,3378,#4,62.0,5.636363636363637,33.0,137.27,2025-10-12 11:00:00,2025-10-12 22:00:00,11.0
2025-10-12,3379,#8,28.0,7.0,27.0,110.95,2025-10-12 03:00:00,2025-10-12 07:00:00,4.0
2025-10-12,3376,#20,30.0,7.5,30.0,214.6,2025-10-12 00:00:00,2025-10-12 04:00:00,4.0
2025-10-12,3377,#25,14.0,1.4,20.0,168.7,2025-10-12 06:00:00,2025-10-12 16:00:00,10.0
2025-10-13,3390,#2,34.0,5.666666666666667,30.0,119.52,2025-10-13 16:00:00,2025-10-13 22:00:00,6.0
2025-10-13,3391,#7,12.0,6.0,22.0,129.36,2025-10-13 15:00:00,2025-10-13 17:00:00,2.0
2025-10-13,3387,#16,2.0,2.0,25.0,231.96,2025-10-13 15:00:00,2025-10-13 16:00:00,1.0
2025-10-13,3388,#20,22.0,3.6666666666666665,36.0,221.91,2025-10-13 00:00:00,2025-10-13 06:00:00,6.0
2025-10-13,3389,#21,35.0,5.0,22.0,150.81,2025-10-13 08:00:00,2025-10-13 15:00:00,7.0
2025-10-14,3402,#8,19.0,4.75,27.0,110.29,2025-10-14 00:00:00,2025-10-14 04:00:00,4.0
2025-10-14,3398,#20,2.0,1.0,10.0,40.34,2025-10-14 03:00:00,2025-10-14 05:00:00,2.0
2025-10-14,3399,#21,44.0,6.285714285714286,34.0,159.99,2025-10-14 09:00:00,2025-10-14 16:00:00,7.0
2025-10-14,3401,#23,21.0,3.0,32.0,179.7,2025-10-14 16:00:00,2025-10-14 23:00:00,7.0
2025-10-14,3400,#22,4.0,1.0,43.0,160.43,2025-10-14 16:00:00,2025-10-14 20:00:00,4.0
2025-10-15,3414,#8,37.0,5.285714285714286,30.0,230.96,2025-10-15 00:00:00,2025-10-15 07:00:00,7.0
2025-10-15,3409,#14,40.0,5.714285714285714,37.0,120.01,2025-10-15 16:00:00,2025-10-15 23:00:00,7.0
2025-10-15,3410,#16,1.0,1.0,58.0,77.31,2025-10-15 08:00:00,2025-10-15 09:00:00,1.0
2025-10-15,3411,#17,11.0,11.0,37.0,204.27,2025-10-15 15:00:00,2025-10-15 16:00:00,1.0
2025-10-15,3412,#21,26.0,3.7142857142857144,38.0,166.97,2025-10-15 08:00:00,2025-10-15 15:00:00,7.0
2025-10-15,3413,#25,1.0,1.0,15.0,17.86,2025-10-15 00:00:00,2025-10-15 01:00:00,1.0
2025-10-16,3424,#8,34.0,5.666666666666667,37.0,164.61,2025-10-16 00:00:00,2025-10-16 06:00:00,6.0
2025-10-16,3421,#17,51.0,6.375,33.0,133.04,2025-10-16 15:00:00,2025-10-16 23:00:00,8.0
2025-10-16,3422,#20,31.0,4.428571428571429,25.0,126.9,2025-10-16 08:00:00,2025-10-16 15:00:00,7.0
2025-10-16,3423,#25,1.0,1.0,16.0,133.04,2025-10-16 23:00:00,2025-10-17 00:00:00,1.0
2025-10-17,3436,#7,1.0,1.0,13.0,80.36,2025-10-17 02:00:00,2025-10-17 03:00:00,1.0
2025-10-17,3437,#8,15.0,3.75,29.0,179.94,2025-10-17 03:00:00,2025-10-17 07:00:00,4.0
2025-10-17,3432,#20,55.0,9.166666666666666,32.0,140.67,2025-10-17 16:00:00,2025-10-17 22:00:00,6.0
2025-10-17,3433,#21,36.0,4.5,33.0,154.77,2025-10-17 08:00:00,2025-10-17 16:00:00,8.0
2025-10-17,3435,#23,30.0,7.5,19.0,178.81,2025-10-17 00:00:00,2025-10-17 04:00:00,4.0
2025-10-17,3434,#22,13.0,2.6,34.0,144.81,2025-10-17 18:00:00,2025-10-17 23:00:00,5.0
2025-10-18,3449,#4,78.0,8.666666666666666,34.0,157.2,2025-10-18 14:00:00,2025-10-18 23:00:00,9.0
2025-10-18,3445,#14,32.0,5.333333333333333,39.0,204.42,2025-10-18 08:00:00,2025-10-18 14:00:00,6.0
2025-10-18,3446,#17,1.0,1.0,8.0,37.19,2025-10-18 07:00:00,2025-10-18 08:00:00,1.0
2025-10-18,3447,#23,51.0,7.285714285714286,22.0,179.03,2025-10-18 00:00:00,2025-10-18 07:00:00,7.0
2025-10-18,3448,#25,1.0,1.0,38.0,241.76,2025-10-18 18:00:00,2025-10-18 19:00:00,1.0
2025-10-19,3460,#4,94.0,8.545454545454545,39.0,162.17,2025-10-19 11:00:00,2025-10-19 22:00:00,11.0
2025-10-19,3461,#8,28.0,7.0,34.0,163.21,2025-10-19 00:00:00,2025-10-19 04:00:00,4.0
2025-10-19,3457,#17,11.0,1.5714285714285714,29.0,78.12,2025-10-19 08:00:00,2025-10-19 15:00:00,7.0
2025-10-19,3458,#23,18.0,3.6,29.0,151.42,2025-10-19 03:00:00,2025-10-19 08:00:00,5.0
2025-10-19,3459,#25,2.0,0.6666666666666666,33.0,276.68,2025-10-19 17:00:00,2025-10-19 20:00:00,3.0
2025-10-20,3472,#8,15.0,3.75,38.0,147.8,2025-10-20 03:00:00,2025-10-20 07:00:00,4.0
2025-10-20,3469,#20,51.0,5.666666666666667,32.0,133.85,2025-10-20 14:00:00,2025-10-20 23:00:00,9.0
2025-10-20,3470,#21,33.0,5.5,33.0,162.28,2025-10-20 09:00:00,2025-10-20 15:00:00,6.0
2025-10-20,3471,#23,15.0,3.75,21.0,168.51,2025-10-20 00:00:00,2025-10-20 04:00:00,4.0
2025-10-21,3480,#14,42.0,8.4,42.0,153.12,2025-10-21 16:00:00,2025-10-21 21:00:00,5.0
2025-10-21,3481,#23,23.0,7.666666666666667,24.0,148.28,2025-10-21 01:00:00,2025-10-21 04:00:00,3.0
2025-10-22,3492,#6,1.0,1.0,20.0,118.63,2025-10-22 07:00:00,2025-10-22 08:00:00,1.0
2025-10-22,3493,#8,17.0,4.25,39.0,159.59,2025-10-22 00:00:00,2025-10-22 04:00:00,4.0
2025-10-22,3488,#14,34.0,5.666666666666667,38.0,142.89,2025-10-22 16:00:00,2025-10-22 22:00:00,6.0
2025-10-22,3489,#21,28.0,3.111111111111111,31.0,119.45,2025-10-22 08:00:00,2025-10-22 17:00:00,9.0
2025-10-22,3491,#23,9.0,2.25,38.0,184.64,2025-10-22 03:00:00,2025-10-22 07:00:00,4.0
2025-10-22,3490,#22,3.0,1.0,20.0,108.21,2025-10-22 13:00:00,2025-10-22 16:00:00,3.0
2025-10-23,3503,#8,19.0,6.333333333333333,39.0,132.11,2025-10-23 04:00:00,2025-10-23 07:00:00,3.0
2025-10-23,3504,#9,1.0,1.0,27.0,503.16,2025-10-23 21:00:00,2025-10-23 22:00:00,1.0
2025-10-23,3500,#20,20.0,3.3333333333333335,37.0,192.55,2025-10-23 15:00:00,2025-10-23 21:00:00,6.0
2025-10-23,3501,#21,42.0,6.0,32.0,163.57,2025-10-23 08:00:00,2025-10-23 15:00:00,7.0
2025-10-23,3502,#23,28.0,9.333333333333334,33.0,236.3,2025-10-23 21:00:00,2025-10-24 00:00:00,3.0
2025-10-24,3515,#6,7.0,3.5,43.0,127.04,2025-10-24 21:00:00,2025-10-24 23:00:00,2.0
2025-10-24,3516,#7,1.0,1.0,16.0,91.96,2025-10-24 06:00:00,2025-10-24 07:00:00,1.0
2025-10-24,3511,#12,27.0,5.4,56.0,172.34,2025-10-24 16:00:00,2025-10-24 21:00:00,5.0
2025-10-24,3512,#20,31.0,10.333333333333334,27.0,194.57,2025-10-24 00:00:00,2025-10-24 03:00:00,3.0
2025-10-24,3513,#21,42.0,5.25,33.0,162.36,2025-10-24 08:00:00,2025-10-24 16:00:00,8.0
2025-10-24,3514,#23,12.0,3.0,37.0,205.19,2025-10-24 03:00:00,2025-10-24 07:00:00,4.0
2025-10-25,3526,#4,46.0,7.666666666666667,41.0,148.31,2025-10-25 10:00:00,2025-10-25 16:00:00,6.0
2025-10-25,3522,#12,39.0,6.5,48.0,176.37,2025-10-25 15:00:00,2025-10-25 21:00:00,6.0
2025-10-25,3523,#17,12.0,6.0,20.0,103.15,2025-10-25 21:00:00,2025-10-25 23:00:00,2.0
2025-10-25,3524,#20,27.0,6.75,28.0,122.37,2025-10-25 03:00:00,2025-10-25 07:00:00,4.0
2025-10-25,3525,#22,29.0,7.25,50.0,257.42,2025-10-25 00:00:00,2025-10-25 04:00:00,4.0
2025-10-26,3535,#4,38.0,3.8,41.0,176.35,2025-10-26 08:00:00,2025-10-26 18:00:00,10.0
2025-10-26,3536,#8,23.0,5.75,22.0,200.82,2025-10-26 00:00:00,2025-10-26 04:00:00,4.0
2025-10-26,3533,#20,17.0,4.25,36.0,120.57,2025-10-26 18:00:00,2025-10-26 22:00:00,4.0
2025-10-26,3534,#22,16.0,4.0,48.0,223.96,2025-10-26 03:00:00,2025-10-26 07:00:00,4.0
2025-10-27,3547,#8,9.0,3.0,28.0,68.28,2025-10-27 04:00:00,2025-10-27 07:00:00,3.0
2025-10-27,3548,#9,3.0,1.5,19.0,1110.44,2025-10-27 00:00:00,2025-10-27 02:00:00,2.0
2025-10-27,3544,#20,37.0,3.7,32.0,155.88,2025-10-27 14:00:00,2025-10-28 00:00:00,10.0
2025-10-27,3545,#21,24.0,4.8,36.0,169.11,2025-10-27 09:00:00,2025-10-27 14:00:00,5.0
2025-10-27,3546,#23,21.0,5.25,27.0,129.63,2025-10-27 00:00:00,2025-10-27 04:00:00,4.0
2025-10-28,3561,#4,49.0,6.125,42.0,183.81,2025-10-28 14:00:00,2025-10-28 22:00:00,8.0
2025-10-28,3557,#17,1.0,1.0,16.0,200.89,2025-10-28 14:00:00,2025-10-28 15:00:00,1.0
2025-10-28,3558,#20,20.0,10.0,21.0,177.09,2025-10-28 22:00:00,2025-10-29 00:00:00,2.0
2025-10-28,3559,#21,12.0,2.4,30.0,139.73,2025-10-28 09:00:00,2025-10-28 14:00:00,5.0
2025-10-28,3560,#23,6.0,3.0,31.0,88.1,2025-10-28 03:00:00,2025-10-28 05:00:00,2.0
2025-10-29,3573,#6,1.0,1.0,25.0,135.71,2025-10-29 14:00:00,2025-10-29 15:00:00,1.0
2025-10-29,3568,#12,23.0,3.8333333333333335,48.0,214.53,2025-10-29 15:00:00,2025-10-29 21:00:00,6.0
2025-10-29,3569,#20,4.0,1.3333333333333333,15.0,154.1,2025-10-29 03:00:00,2025-10-29 06:00:00,3.0
2025-10-29,3570,#21,26.0,3.7142857142857144,36.0,148.67,2025-10-29 08:00:00,2025-10-29 15:00:00,7.0
2025-10-29,3572,#23,18.0,6.0,31.0,211.24,2025-10-29 21:00:00,2025-10-30 00:00:00,3.0
2025-10-29,3571,#22,8.0,4.0,38.0,148.39,2025-10-29 16:00:00,2025-10-29 18:00:00,2.0
2025-10-30,3582,#6,1.0,1.0,37.0,61.61,2025-10-30 10:00:00,2025-10-30 11:00:00,1.0
2025-10-30,3579,#20,56.0,7.0,31.0,151.61,2025-10-30 14:00:00,2025-10-30 22:00:00,8.0
2025-10-30,3580,#21,26.0,4.333333333333333,39.0,180.4,2025-10-30 08:00:00,2025-10-30 14:00:00,6.0
2025-10-30,3581,#23,34.0,4.857142857142857,25.0,163.5,2025-10-30 00:00:00,2025-10-30 07:00:00,7.0
2025-10-31,3589,#16,1.0,1.0,3.0,80.36,2025-10-31 07:00:00,2025-10-31 08:00:00,1.0
2025-10-31,3590,#20,37.0,4.625,34.0,147.08,2025-10-31 14:00:00,2025-10-31 22:00:00,8.0
2025-10-31,3591,#21,22.0,3.6666666666666665,28.0,142.03,2025-10-31 08:00:00,2025-10-31 14:00:00,6.0
2025-10-31,3593,#23,50.0,7.142857142857143,22.0,183.98,2025-10-31 00:00:00,2025-10-31 07:00:00,7.0
2025-10-31,3592,#22,11.0,1.5714285714285714,27.0,126.7,2025-10-31 16:00:00,2025-10-31 23:00:00,7.0
2025-11-01,3602,#4,51.0,6.375,38.0,144.66,2025-11-01 09:00:00,2025-11-01 17:00:00,8.0
2025-11-01,3603,#7,13.0,4.333333333333333,50.0,203.5,2025-11-01 01:00:00,2025-11-01 04:00:00,3.0
2025-11-01,3600,#23,33.0,6.6,31.0,180.72,2025-11-01 03:00:00,2025-11-01 08:00:00,5.0
2025-11-01,3601,#26,68.0,9.714285714285714,27.0,204.07,2025-11-01 17:00:00,2025-11-02 00:00:00,7.0
2025-11-02,3613,#6,16.0,2.2857142857142856,25.0,90.81,2025-11-02 07:00:00,2025-11-02 14:00:00,7.0
2025-11-02,3614,#8,17.0,4.25,21.0,134.05,2025-11-02 03:00:00,2025-11-02 07:00:00,4.0
2025-11-02,3610,#20,8.0,4.0,42.0,262.77,2025-11-02 13:00:00,2025-11-02 15:00:00,2.0
2025-11-02,3611,#23,12.0,3.0,24.0,191.41,2025-11-02 00:00:00,2025-11-02 04:00:00,4.0
2025-11-02,3612,#26,39.0,4.875,33.0,161.72,2025-11-02 15:00:00,2025-11-02 23:00:00,8.0
2025-11-03,3626,#4,44.0,5.5,34.0,155.58,2025-11-03 14:00:00,2025-11-03 22:00:00,8.0
2025-11-03,3627,#9,17.0,4.25,22.0,175.52,2025-11-03 00:00:00,2025-11-03 04:00:00,4.0
2025-11-03,3622,#16,1.0,1.0,19.0,108.04,2025-11-03 07:00:00,2025-11-03 08:00:00,1.0
2025-11-03,3623,#21,23.0,4.6,26.0,114.59,2025-11-03 09:00:00,2025-11-03 14:00:00,5.0
2025-11-03,3625,#23,13.0,2.6,21.0,164.87,2025-11-03 03:00:00,2025-11-03 08:00:00,5.0
2025-11-03,3624,#22,8.0,1.0,20.0,64.49,2025-11-03 14:00:00,2025-11-03 22:00:00,8.0
2025-11-04,3639,#9,3.0,1.5,55.0,106.74,2025-11-04 03:00:00,2025-11-04 05:00:00,2.0
2025-11-04,3635,#14,22.0,3.6666666666666665,45.0,178.64,2025-11-04 15:00:00,2025-11-04 21:00:00,6.0
2025-11-04,3636,#21,27.0,3.857142857142857,32.0,161.34,2025-11-04 09:00:00,2025-11-04 16:00:00,7.0
2025-11-04,3637,#23,17.0,4.25,21.0,207.19,2025-11-04 00:00:00,2025-11-04 04:00:00,4.0
2025-11-04,3638,#25,2.0,2.0,22.0,139.29,2025-11-04 10:00:00,2025-11-04 11:00:00,1.0
2025-11-05,3649,#7,3.0,1.5,15.0,65.39,2025-11-05 13:00:00,2025-11-05 15:00:00,2.0
2025-11-05,3650,#8,17.0,4.25,30.0,187.97,2025-11-05 00:00:00,2025-11-05 04:00:00,4.0
2025-11-05,3646,#21,20.0,3.3333333333333335,24.0,131.08,2025-11-05 08:00:00,2025-11-05 14:00:00,6.0
2025-11-05,3647,#23,7.0,7.0,54.0,254.76,2025-11-05 05:00:00,2025-11-05 06:00:00,1.0
2025-11-05,3648,#26,31.0,3.4444444444444446,33.0,126.88,2025-11-05 14:00:00,2025-11-05 23:00:00,9.0
2025-11-06,3662,#7,3.0,1.0,16.0,56.84,2025-11-06 14:00:00,2025-11-06 17:00:00,3.0
2025-11-06,3663,#8,31.0,5.166666666666667,36.0,202.97,2025-11-06 00:00:00,2025-11-06 06:00:00,6.0
2025-11-06,3658,#16,4.0,2.0,35.0,88.82,2025-11-06 07:00:00,2025-11-06 09:00:00,2.0
2025-11-06,3659,#17,2.0,2.0,39.0,194.8,2025-11-06 02:00:00,2025-11-06 03:00:00,1.0
2025-11-06,3660,#20,28.0,4.0,25.0,135.37,2025-11-06 15:00:00,2025-11-06 22:00:00,7.0
2025-11-06,3661,#21,29.000000000000004,4.142857142857143,37.0,192.54,2025-11-06 08:00:00,2025-11-06 15:00:00,7.0
2025-11-07,3674,#6,1.0,1.0,14.0,80.36,2025-11-07 07:00:00,2025-11-07 08:00:00,1.0
2025-11-07,3675,#7,5.0,5.0,11.0,116.13,2025-11-07 16:00:00,2025-11-07 17:00:00,1.0
2025-11-07,3676,#8,15.0,3.75,55.0,164.93,2025-11-07 03:00:00,2025-11-07 07:00:00,4.0
2025-11-07,3671,#12,33.0,6.6,61.0,184.6,2025-11-07 16:00:00,2025-11-07 21:00:00,5.0
2025-11-07,3672,#21,53.0,6.625,35.0,166.87,2025-11-07 08:00:00,2025-11-07 16:00:00,8.0
2025-11-07,3673,#23,23.0,5.75,23.0,197.05,2025-11-07 00:00:00,2025-11-07 04:00:00,4.0
2025-11-08,3686,#6,21.0,2.625,54.0,221.11,2025-11-08 07:00:00,2025-11-08 15:00:00,8.0
2025-11-08,3684,#12,70.0,7.777777777777778,42.0,165.02,2025-11-08 12:00:00,2025-11-08 21:00:00,9.0
2025-11-08,3685,#23,50.0,6.25,27.0,227.62,2025-11-08 00:00:00,2025-11-08 08:00:00,8.0
2025-11-09,3695,#4,26.0,5.2,30.0,178.68,2025-11-09 10:00:00,2025-11-09 15:00:00,5.0
2025-11-09,3696,#8,12.0,3.0,35.0,200.59,2025-11-09 00:00:00,2025-11-09 04:00:00,4.0
2025-11-09,3697,#9,3.0,1.5,15.0,111.9,2025-11-09 06:00:00,2025-11-09 08:00:00,2.0
2025-11-09,3693,#20,31.0,4.428571428571429,39.0,177.48,2025-11-09 15:00:00,2025-11-09 22:00:00,7.0
2025-11-09,3694,#23,15.0,3.75,50.0,148.46,2025-11-09 03:00:00,2025-11-09 07:00:00,4.0
2025-11-10,3708,#6,2.0,1.0,17.0,27.68,2025-11-10 06:00:00,2025-11-10 08:00:00,2.0
2025-11-10,3709,#8,9.0,3.0,15.0,111.58,2025-11-10 03:00:00,2025-11-10 06:00:00,3.0
2025-11-10,3705,#20,46.0,6.571428571428571,47.0,186.14,2025-11-10 15:00:00,2025-11-10 22:00:00,7.0
2025-11-10,3706,#21,27.0,3.857142857142857,30.0,129.59,2025-11-10 08:00:00,2025-11-10 15:00:00,7.0
2025-11-10,3707,#23,29.0,7.25,20.0,187.65,2025-11-10 00:00:00,2025-11-10 04:00:00,4.0
2025-11-11,3720,#7,7.0,7.0,17.0,121.75,2025-11-11 22:00:00,2025-11-11 23:00:00,1.0
2025-11-11,3721,#8,9.0,2.25,22.0,275.6,2025-11-11 00:00:00,2025-11-11 04:00:00,4.0
2025-11-11,3717,#20,37.0,4.625,34.0,143.13,2025-11-11 15:00:00,2025-11-11 23:00:00,8.0
2025-11-11,3718,#21,35.0,5.0,39.0,179.84,2025-11-11 08:00:00,2025-11-11 15:00:00,7.0
2025-11-11,3719,#23,5.0,2.5,18.0,68.04,2025-11-11 03:00:00,2025-11-11 05:00:00,2.0
2025-11-12,3732,#8,14.0,3.5,45.0,124.76,2025-11-12 03:00:00,2025-11-12 07:00:00,4.0
2025-11-12,3728,#14,24.0,3.4285714285714284,42.0,221.15,2025-11-12 15:00:00,2025-11-12 22:00:00,7.0
2025-11-12,3729,#16,1.0,1.0,25.0,165.7,2025-11-12 07:00:00,2025-11-12 08:00:00,1.0
2025-11-12,3730,#21,37.0,4.625,30.0,179.03,2025-11-12 08:00:00,2025-11-12 16:00:00,8.0
2025-11-12,3731,#23,15.0,3.75,18.0,139.69,2025-11-12 00:00:00,2025-11-12 04:00:00,4.0
2025-11-13,3743,#7,1.0,1.0,15.0,30.36,2025-11-13 16:00:00,2025-11-13 17:00:00,1.0
2025-11-13,3744,#8,16.0,4.0,43.0,227.63,2025-11-13 00:00:00,2025-11-13 04:00:00,4.0
2025-11-13,3740,#20,36.0,5.142857142857143,37.0,180.5,2025-11-13 15:00:00,2025-11-13 22:00:00,7.0
2025-11-13,3741,#21,35.0,5.0,38.0,151.03,2025-11-13 08:00:00,2025-11-13 15:00:00,7.0
2025-11-13,3742,#23,13.0,2.6,28.0,131.28,2025-11-13 03:00:00,2025-11-13 08:00:00,5.0
2025-11-14,3753,#7,5.0,5.0,14.0,102.65,2025-11-14 20:00:00,2025-11-14 21:00:00,1.0
2025-11-14,3754,#8,11.0,3.6666666666666665,41.0,115.51,2025-11-14 04:00:00,2025-11-14 07:00:00,3.0
2025-11-14,3755,#9,29.000000000000004,4.142857142857143,27.0,188.79,2025-11-14 08:00:00,2025-11-14 15:00:00,7.0
2025-11-14,3751,#19,33.0,6.6,33.0,130.27,2025-11-14 15:00:00,2025-11-14 20:00:00,5.0
2025-11-14,3752,#23,25.0,8.333333333333334,23.0,252.43,2025-11-14 21:00:00,2025-11-15 00:00:00,3.0
2025-11-15,3765,#4,56.0,6.222222222222222,33.0,145.85,2025-11-15 13:00:00,2025-11-15 22:00:00,9.0
2025-11-15,3766,#9,2.0,2.0,7.0,-104.91,2025-11-15 19:00:00,2025-11-15 20:00:00,1.0
2025-11-15,3763,#23,55.0,7.857142857142857,26.0,211.44,2025-11-15 00:00:00,2025-11-15 07:00:00,7.0
2025-11-15,3764,#25,16.0,2.0,75.0,225.13,2025-11-15 06:00:00,2025-11-15 14:00:00,8.0
2025-11-16,3775,#4,27.0,5.4,29.0,129.36,2025-11-16 15:00:00,2025-11-16 20:00:00,5.0
2025-11-16,3776,#7,17.0,8.5,13.0,99.35,2025-11-16 22:00:00,2025-11-17 00:00:00,2.0
2025-11-16,3777,#9,17.0,3.4,45.0,178.54,2025-11-16 18:00:00,2025-11-16 23:00:00,5.0
2025-11-16,3773,#23,30.0,5.0,28.0,269.97,2025-11-16 01:00:00,2025-11-16 07:00:00,6.0
2025-11-16,3774,#25,31.0,3.4444444444444446,36.0,219.0,2025-11-16 06:00:00,2025-11-16 15:00:00,9.0
2025-11-17,3788,#4,71.0,8.875,30.0,132.15,2025-11-17 15:00:00,2025-11-17 23:00:00,8.0
2025-11-17,3789,#8,23.0,5.75,33.0,273.36,2025-11-17 00:00:00,2025-11-17 04:00:00,4.0
2025-11-17,3785,#21,33.0,4.714285714285714,36.0,173.43,2025-11-17 08:00:00,2025-11-17 15:00:00,7.0
2025-11-17,3787,#23,23.0,5.75,25.0,112.55,2025-11-17 03:00:00,2025-11-17 07:00:00,4.0
2025-11-17,3786,#22,29.000000000000004,4.142857142857143,28.0,100.82,2025-11-17 14:00:00,2025-11-17 21:00:00,7.0
2025-11-18,3799,#7,1.0,1.0,9.0,185.71,2025-11-18 16:00:00,2025-11-18 17:00:00,1.0
2025-11-18,3800,#8,18.0,3.6,33.0,127.48,2025-11-18 00:00:00,2025-11-18 05:00:00,5.0
2025-11-18,3797,#20,27.0,4.5,38.0,206.06,2025-11-18 16:00:00,2025-11-18 22:00:00,6.0
2025-11-18,3798,#21,37.0,5.285714285714286,42.0,172.22,2025-11-18 09:00:00,2025-11-18 16:00:00,7.0
2025-11-19,3809,#8,23.0,3.2857142857142856,35.0,165.54,2025-11-19 00:00:00,2025-11-19 07:00:00,7.0
2025-11-19,3806,#14,29.0,4.833333333333333,32.0,200.72,2025-11-19 16:00:00,2025-11-19 22:00:00,6.0
2025-11-19,3807,#16,4.0,4.0,20.0,111.86,2025-11-19 07:00:00,2025-11-19 08:00:00,1.0
2025-11-19,3808,#21,32.0,4.0,26.0,175.04,2025-11-19 08:00:00,2025-11-19 16:00:00,8.0
2025-11-20,3818,#4,34.0,4.25,34.0,178.27,2025-11-20 14:00:00,2025-11-20 22:00:00,8.0
2025-11-20,3819,#6,2.0,1.0,45.0,164.58,2025-11-20 07:00:00,2025-11-20 09:00:00,2.0
2025-11-20,3820,#8,21.0,3.5,25.0,162.67,2025-11-20 00:00:00,2025-11-20 06:00:00,6.0
2025-11-20,3816,#21,23.0,3.8333333333333335,28.0,151.45,2025-11-20 08:00:00,2025-11-20 14:00:00,6.0
2025-11-20,3817,#22,1.0,1.0,94.0,512.82,2025-11-20 00:00:00,2025-11-20 01:00:00,1.0
2025-11-21,3830,#6,1.0,1.0,14.0,87.95,2025-11-21 16:00:00,2025-11-21 17:00:00,1.0
2025-11-21,3831,#8,2.0,0.6666666666666666,16.0,41.96,2025-11-21 05:00:00,2025-11-21 08:00:00,3.0
2025-11-21,3827,#20,59.0,7.375,32.0,137.74,2025-11-21 14:00:00,2025-11-21 22:00:00,8.0
2025-11-21,3828,#21,21.0,3.5,31.0,152.89,2025-11-21 08:00:00,2025-11-21 14:00:00,6.0
2025-11-21,3829,#23,28.0,7.0,32.0,242.73,2025-11-21 00:00:00,2025-11-21 04:00:00,4.0
2025-11-22,3841,#4,39.0,4.875,41.0,160.05,2025-11-22 14:00:00,2025-11-22 22:00:00,8.0
2025-11-22,3842,#7,5.0,2.5,11.0,96.19,2025-11-22 06:00:00,2025-11-22 08:00:00,2.0
2025-11-22,3838,#14,25.0,6.25,37.0,185.47,2025-11-22 10:00:00,2025-11-22 14:00:00,4.0
2025-11-22,3840,#23,26.0,3.7142857142857144,20.0,226.83,2025-11-22 00:00:00,2025-11-22 07:00:00,7.0
2025-11-22,3839,#22,26.0,2.888888888888889,41.0,164.8,2025-11-22 14:00:00,2025-11-22 23:00:00,9.0
2025-11-23,3851,#4,39.0,4.333333333333333,38.0,183.06,2025-11-23 13:00:00,2025-11-23 22:00:00,9.0
2025-11-23,3852,#7,20.0,2.5,29.0,166.32,2025-11-23 06:00:00,2025-11-23 14:00:00,8.0
2025-11-23,3853,#8,20.0,5.0,34.0,157.79,2025-11-23 00:00:00,2025-11-23 04:00:00,4.0
2025-11-23,3850,#23,19.0,4.75,30.0,155.16,2025-11-23 03:00:00,2025-11-23 07:00:00,4.0
2025-11-24,3862,#4,40.0,4.444444444444445,30.0,140.8,2025-11-24 14:00:00,2025-11-24 23:00:00,9.0
2025-11-24,3863,#8,26.0,4.333333333333333,37.0,114.78,2025-11-24 00:00:00,2025-11-24 06:00:00,6.0
2025-11-24,3861,#21,26.0,5.2,30.0,150.46,2025-11-24 10:00:00,2025-11-24 15:00:00,5.0
2025-11-25,3872,#4,35.0,3.888888888888889,31.0,154.85,2025-11-25 14:00:00,2025-11-25 23:00:00,9.0
2025-11-25,3873,#8,21.0,5.25,26.0,126.85,2025-11-25 01:00:00,2025-11-25 05:00:00,4.0
2025-11-25,3874,#9,3.0,3.0,22.0,396.73,2025-11-25 23:00:00,2025-11-26 00:00:00,1.0
2025-11-25,3870,#21,22.0,4.4,32.0,175.12,2025-11-25 09:00:00,2025-11-25 14:00:00,5.0
2025-11-25,3871,#22,12.0,1.7142857142857142,34.0,158.16,2025-11-25 15:00:00,2025-11-25 22:00:00,7.0
2025-11-26,3884,#8,12.0,3.0,27.0,188.23,2025-11-26 03:00:00,2025-11-26 07:00:00,4.0
2025-11-26,3881,#14,42.0,7.0,45.0,196.71,2025-11-26 16:00:00,2025-11-26 22:00:00,6.0
2025-11-26,3882,#21,38.0,6.333333333333333,29.0,158.15,2025-11-26 10:00:00,2025-11-26 16:00:00,6.0
2025-11-26,3883,#25,6.0,1.5,20.0,107.14,2025-11-26 00:00:00,2025-11-26 04:00:00,4.0
2025-11-27,3896,#7,23.0,5.75,20.0,131.36,2025-11-27 00:00:00,2025-11-27 04:00:00,4.0
2025-11-27,3897,#8,4.0,1.3333333333333333,18.0,101.79,2025-11-27 03:00:00,2025-11-27 06:00:00,3.0
2025-11-27,3891,#14,28.0,5.6,36.0,148.03,2025-11-27 18:00:00,2025-11-27 23:00:00,5.0
2025-11-27,3892,#19,19.0,6.333333333333333,36.0,140.93,2025-11-27 15:00:00,2025-11-27 18:00:00,3.0
2025-11-27,3893,#21,23.0,3.8333333333333335,32.0,162.88,2025-11-27 09:00:00,2025-11-27 15:00:00,6.0
2025-11-27,3894,#22,1.0,1.0,45.0,113.65,2025-11-27 06:00:00,2025-11-27 07:00:00,1.0
2025-11-27,3895,#25,1.0,1.0,42.0,206.94,2025-11-27 05:00:00,2025-11-27 06:00:00,1.0
2025-11-28,3904,#17,24.0,4.0,49.0,208.47,2025-11-28 15:00:00,2025-11-28 21:00:00,6.0
2025-11-28,3905,#20,23.0,5.75,27.0,113.53,2025-11-28 18:00:00,2025-11-28 22:00:00,4.0
2025-11-28,3906,#21,42.0,5.25,31.0,107.68,2025-11-28 08:00:00,2025-11-28 16:00:00,8.0
2025-11-28,3908,#23,49.0,7.0,22.0,192.81,2025-11-28 00:00:00,2025-11-28 07:00:00,7.0
2025-11-28,3907,#22,1.0,1.0,76.0,99.11,2025-11-28 08:00:00,2025-11-28 09:00:00,1.0
2025-11-29,3920,#7,2.0,2.0,14.0,40.18,2025-11-29 22:00:00,2025-11-29 23:00:00,1.0
2025-11-29,3915,#14,21.0,3.0,35.0,175.25,2025-11-29 08:00:00,2025-11-29 15:00:00,7.0
2025-11-29,3916,#20,64.0,9.142857142857142,34.0,169.24,2025-11-29 15:00:00,2025-11-29 22:00:00,7.0
2025-11-29,3918,#23,81.0,13.5,26.0,226.49,2025-11-29 00:00:00,2025-11-29 06:00:00,6.0
2025-11-29,3917,#22,9.0,3.0,24.0,130.94,2025-11-29 06:00:00,2025-11-29 09:00:00,3.0
2025-11-29,3919,#25,23.0,2.5555555555555554,29.0,215.11,2025-11-29 14:00:00,2025-11-29 23:00:00,9.0
2025-11-30,3930,#2,6.0,3.0,37.0,211.35,2025-11-30 22:00:00,2025-12-01 00:00:00,2.0
2025-11-30,3931,#4,58.0,6.444444444444445,36.0,151.91,2025-11-30 14:00:00,2025-11-30 23:00:00,9.0
2025-11-30,3932,#7,4.0,4.0,14.0,128.74,2025-11-30 07:00:00,2025-11-30 08:00:00,1.0
2025-11-30,3933,#8,15.0,3.75,35.0,129.79,2025-11-30 00:00:00,2025-11-30 04:00:00,4.0
2025-11-30,3928,#14,15.0,5.0,30.0,179.23,2025-11-30 11:00:00,2025-11-30 14:00:00,3.0
2025-11-30,3929,#23,3.0,3.0,12.0,100.6,2025-11-30 06:00:00,2025-11-30 07:00:00,1.0
2025-12-01,3943,#8,36.0,4.5,26.0,194.44,2025-12-01 00:00:00,2025-12-01 08:00:00,8.0
2025-12-01,3940,#20,38.0,4.222222222222222,41.0,144.81,2025-12-01 14:00:00,2025-12-01 23:00:00,9.0
2025-12-01,3941,#21,29.0,4.833333333333333,28.0,124.45,2025-12-01 08:00:00,2025-12-01 14:00:00,6.0
2025-12-01,3942,#22,1.0,1.0,23.0,155.36,2025-12-01 06:00:00,2025-12-01 07:00:00,1.0
2025-12-02,3953,#8,21.0,4.2,24.0,241.49,2025-12-02 00:00:00,2025-12-02 05:00:00,5.0
2025-12-02,3951,#21,39.0,4.875,33.0,155.44,2025-12-02 08:00:00,2025-12-02 16:00:00,8.0
2025-12-02,3952,#26,33.0,5.5,33.0,144.82,2025-12-02 16:00:00,2025-12-02 22:00:00,6.0
2025-12-03,3964,#8,35.0,5.0,27.0,171.38,2025-12-03 00:00:00,2025-12-03 07:00:00,7.0
2025-12-03,3960,#14,39.0,6.5,30.0,134.23,2025-12-03 16:00:00,2025-12-03 22:00:00,6.0
2025-12-03,3961,#21,45.0,6.428571428571429,44.0,181.16,2025-12-03 09:00:00,2025-12-03 16:00:00,7.0
2025-12-03,3962,#22,3.0,1.0,28.0,115.41,2025-12-03 14:00:00,2025-12-03 17:00:00,3.0
2025-12-03,3963,#25,2.0,2.0,50.0,238.92,2025-12-03 01:00:00,2025-12-03 02:00:00,1.0
2025-12-04,3975,#8,7.0,2.3333333333333335,96.0,143.85,2025-12-04 05:00:00,2025-12-04 08:00:00,3.0
2025-12-04,3972,#20,47.0,5.222222222222222,28.0,137.93,2025-12-04 14:00:00,2025-12-04 23:00:00,9.0
2025-12-04,3973,#21,26.0,5.2,47.0,231.65,2025-12-04 09:00:00,2025-12-04 14:00:00,5.0
2025-12-04,3974,#23,15.0,7.5,15.0,206.84,2025-12-04 22:00:00,2025-12-05 00:00:00,2.0
2025-12-05,3986,#6,2.0,2.0,11.0,70.54,2025-12-05 07:00:00,2025-12-05 08:00:00,1.0
2025-12-05,3982,#20,48.0,5.333333333333333,39.0,149.3,2025-12-05 14:00:00,2025-12-05 23:00:00,9.0
2025-12-05,3983,#21,16.0,3.2,23.0,192.97,2025-12-05 09:00:00,2025-12-05 14:00:00,5.0
2025-12-05,3985,#23,49.0,8.166666666666666,25.0,199.97,2025-12-05 00:00:00,2025-12-05 06:00:00,6.0
2025-12-05,3984,#22,11.0,1.5714285714285714,33.0,88.66,2025-12-05 15:00:00,2025-12-05 22:00:00,7.0
2025-12-06,3998,#9,1.0,1.0,19.0,43.75,2025-12-06 07:00:00,2025-12-06 08:00:00,1.0
2025-12-06,3994,#14,32.0,6.4,51.0,230.08,2025-12-06 09:00:00,2025-12-06 14:00:00,5.0
2025-12-06,3995,#18,1.0,1.0,122.0,368.13,2025-12-06 15:00:00,2025-12-06 16:00:00,1.0
2025-12-06,3996,#20,88.0,11.0,36.0,191.78,2025-12-06 14:00:00,2025-12-06 22:00:00,8.0
2025-12-06,3997,#23,44.0,6.285714285714286,26.0,118.74,2025-12-06 00:00:00,2025-12-06 07:00:00,7.0
2025-12-07,4008,#4,32.0,3.2,42.0,174.19,2025-12-07 09:00:00,2025-12-07 19:00:00,10.0
2025-12-07,4009,#8,12.0,3.0,28.0,294.17,2025-12-07 00:00:00,2025-12-07 04:00:00,4.0
2025-12-07,4005,#17,3.0,3.0,46.0,169.87,2025-12-07 18:00:00,2025-12-07 19:00:00,1.0
2025-12-07,4006,#20,21.0,5.25,24.0,159.5,2025-12-07 18:00:00,2025-12-07 22:00:00,4.0
2025-12-07,4007,#23,31.0,7.75,44.0,155.97,2025-12-07 03:00:00,2025-12-07 07:00:00,4.0
2025-12-08,4019,#8,25.0,3.5714285714285716,41.0,105.75,2025-12-08 00:00:00,2025-12-08 07:00:00,7.0
2025-12-08,4017,#21,16.0,3.2,51.0,208.62,2025-12-08 09:00:00,2025-12-08 14:00:00,5.0
2025-12-08,4018,#22,43.0,4.777777777777778,33.0,153.87,2025-12-08 14:00:00,2025-12-08 23:00:00,9.0
2025-12-09,4029,#6,1.0,1.0,73.0,235.71,2025-12-09 14:00:00,2025-12-09 15:00:00,1.0
2025-12-09,4030,#8,25.0,5.0,35.0,192.55,2025-12-09 00:00:00,2025-12-09 05:00:00,5.0
2025-12-09,4027,#20,52.0,5.777777777777778,36.0,146.53,2025-12-09 14:00:00,2025-12-09 23:00:00,9.0
2025-12-09,4028,#21,59.0,8.428571428571429,23.0,123.03,2025-12-09 08:00:00,2025-12-09 15:00:00,7.0
2025-12-10,4040,#8,36.0,4.5,35.0,168.59,2025-12-10 00:00:00,2025-12-10 08:00:00,8.0
2025-12-10,4037,#14,28.0,4.666666666666667,40.0,148.31,2025-12-10 16:00:00,2025-12-10 22:00:00,6.0
2025-12-10,4038,#17,1.0,1.0,6.0,-87.5,2025-12-10 17:00:00,2025-12-10 18:00:00,1.0
2025-12-10,4039,#21,42.0,6.0,40.0,174.76,2025-12-10 09:00:00,2025-12-10 16:00:00,7.0
2025-12-11,4051,#6,1.0,1.0,9.0,40.18,2025-12-11 14:00:00,2025-12-11 15:00:00,1.0
2025-12-11,4052,#8,8.0,4.0,38.0,124.05,2025-12-11 04:00:00,2025-12-11 06:00:00,2.0
2025-12-11,4047,#16,1.0,1.0,31.0,69.64,2025-12-11 07:00:00,2025-12-11 08:00:00,1.0
2025-12-11,4048,#20,43.0,6.142857142857143,44.0,147.13,2025-12-11 15:00:00,2025-12-11 22:00:00,7.0
2025-12-11,4049,#21,30.0,4.285714285714286,34.0,141.18,2025-12-11 08:00:00,2025-12-11 15:00:00,7.0
2025-12-11,4050,#23,17.0,4.25,22.0,125.5,2025-12-11 00:00:00,2025-12-11 04:00:00,4.0
2025-12-12,4063,#7,1.0,1.0,5.0,-108.93,2025-12-12 20:00:00,2025-12-12 21:00:00,1.0
2025-12-12,4059,#12,72.0,12.0,41.0,152.54,2025-12-12 15:00:00,2025-12-12 21:00:00,6.0
2025-12-12,4060,#16,1.0,1.0,110.0,97.77,2025-12-12 07:00:00,2025-12-12 08:00:00,1.0
2025-12-12,4061,#21,37.0,4.625,38.0,154.7,2025-12-12 08:00:00,2025-12-12 16:00:00,8.0
2025-12-12,4062,#23,40.0,13.333333333333334,28.0,264.53,2025-12-12 21:00:00,2025-12-13 00:00:00,3.0
2025-12-13,4074,#9,1.0,1.0,12.0,104.1,2025-12-13 08:00:00,2025-12-13 09:00:00,1.0
2025-12-13,4070,#12,62.0,8.857142857142858,41.0,130.27,2025-12-13 14:00:00,2025-12-13 21:00:00,7.0
2025-12-13,4071,#14,22.0,3.6666666666666665,47.0,157.05,2025-12-13 08:00:00,2025-12-13 14:00:00,6.0
2025-12-13,4072,#23,44.0,7.333333333333333,31.0,247.17,2025-12-13 00:00:00,2025-12-13 06:00:00,6.0
2025-12-13,4073,#25,15.0,2.142857142857143,26.0,89.52,2025-12-13 16:00:00,2025-12-13 23:00:00,7.0
2025-12-14,4083,#4,64.0,6.4,36.0,134.54,2025-12-14 11:00:00,2025-12-14 21:00:00,10.0
2025-12-14,4084,#7,19.0,4.75,33.0,217.05,2025-12-14 00:00:00,2025-12-14 04:00:00,4.0
2025-12-14,4085,#9,1.0,1.0,12.0,133.04,2025-12-14 23:00:00,2025-12-15 00:00:00,1.0
2025-12-14,4081,#17,4.0,4.0,74.0,178.42,2025-12-14 08:00:00,2025-12-14 09:00:00,1.0
2025-12-14,4082,#23,20.0,6.666666666666667,34.0,183.55,2025-12-14 04:00:00,2025-12-14 07:00:00,3.0
2025-12-15,4097,#7,7.0,3.5,37.0,100.32,2025-12-15 04:00:00,2025-12-15 06:00:00,2.0
2025-12-15,4098,#9,1.0,1.0,122.0,239.08,2025-12-15 23:00:00,2025-12-16 00:00:00,1.0
2025-12-15,4093,#16,1.0,1.0,111.0,406.25,2025-12-15 07:00:00,2025-12-15 08:00:00,1.0
2025-12-15,4094,#20,53.0,6.625,37.0,152.59,2025-12-15 14:00:00,2025-12-15 22:00:00,8.0
2025-12-15,4095,#21,23.0,5.75,26.0,102.42,2025-12-15 10:00:00,2025-12-15 14:00:00,4.0
2025-12-15,4096,#23,14.0,7.0,30.0,274.64,2025-12-15 22:00:00,2025-12-16 00:00:00,2.0
2025-12-16,4109,#8,14.0,3.5,36.0,243.44,2025-12-16 00:00:00,2025-12-16 04:00:00,4.0
2025-12-16,4106,#20,37.0,6.166666666666667,59.0,243.93,2025-12-16 16:00:00,2025-12-16 22:00:00,6.0
2025-12-16,4107,#21,40.0,6.666666666666667,33.0,170.3,2025-12-16 10:00:00,2025-12-16 16:00:00,6.0
2025-12-16,4108,#23,3.0,3.0,37.0,223.97,2025-12-16 04:00:00,2025-12-16 05:00:00,1.0
2025-12-17,4120,#8,11.0,3.6666666666666665,35.0,201.02,2025-12-17 04:00:00,2025-12-17 07:00:00,3.0
2025-12-17,4121,#9,4.0,2.0,36.0,214.83,2025-12-17 15:00:00,2025-12-17 17:00:00,2.0
2025-12-17,4116,#14,32.0,5.333333333333333,45.0,188.0,2025-12-17 16:00:00,2025-12-17 22:00:00,6.0
2025-12-17,4117,#17,5.0,0.8333333333333334,38.0,5.08,2025-12-17 07:00:00,2025-12-17 13:00:00,6.0
2025-12-17,4118,#21,36.0,4.5,30.0,152.23,2025-12-17 08:00:00,2025-12-17 16:00:00,8.0
2025-12-17,4119,#23,18.0,4.5,28.0,242.06,2025-12-17 00:00:00,2025-12-17 04:00:00,4.0
2025-12-18,4132,#8,25.0,6.25,29.0,235.45,2025-12-18 00:00:00,2025-12-18 04:00:00,4.0
2025-12-18,4129,#20,78.0,9.75,30.0,155.78,2025-12-18 14:00:00,2025-12-18 22:00:00,8.0
2025-12-18,4130,#21,27.0,5.4,24.0,162.66,2025-12-18 09:00:00,2025-12-18 14:00:00,5.0
2025-12-18,4131,#25,24.0,4.8,24.0,124.13,2025-12-18 03:00:00,2025-12-18 08:00:00,5.0
2025-12-19,4143,#7,2.0,2.0,24.0,163.1,2025-12-19 17:00:00,2025-12-19 18:00:00,1.0
2025-12-19,4144,#8,11.0,3.6666666666666665,56.0,179.37,2025-12-19 04:00:00,2025-12-19 07:00:00,3.0
2025-12-19,4140,#20,76.0,9.5,37.0,168.81,2025-12-19 14:00:00,2025-12-19 22:00:00,8.0
2025-12-19,4141,#21,42.0,8.4,26.0,122.99,2025-12-19 09:00:00,2025-12-19 14:00:00,5.0
2025-12-19,4142,#23,32.0,8.0,29.0,224.47,2025-12-19 00:00:00,2025-12-19 04:00:00,4.0
2025-12-20,4156,#8,30.0,10.0,30.0,238.37,2025-12-20 21:00:00,2025-12-21 00:00:00,3.0
2025-12-20,4151,#12,62.0,8.857142857142858,42.0,150.68,2025-12-20 14:00:00,2025-12-20 21:00:00,7.0
2025-12-20,4152,#14,30.0,5.0,39.0,223.56,2025-12-20 08:00:00,2025-12-20 14:00:00,6.0
2025-12-20,4153,#23,8.0,2.6666666666666665,25.0,118.68,2025-12-20 03:00:00,2025-12-20 06:00:00,3.0
2025-12-20,4154,#25,8.0,2.0,30.0,113.59,2025-12-20 06:00:00,2025-12-20 10:00:00,4.0
2025-12-20,4155,#27,15.0,1.875,56.0,100.84,2025-12-20 14:00:00,2025-12-20 22:00:00,8.0
2025-12-21,4167,#8,17.0,4.25,30.0,126.61,2025-12-21 04:00:00,2025-12-21 08:00:00,4.0
2025-12-21,4163,#12,63.0,9.0,34.0,138.85,2025-12-21 14:00:00,2025-12-21 21:00:00,7.0
2025-12-21,4164,#20,18.0,2.5714285714285716,28.0,133.07,2025-12-21 08:00:00,2025-12-21 15:00:00,7.0
2025-12-21,4165,#23,23.0,7.666666666666667,30.0,231.19,2025-12-21 21:00:00,2025-12-22 00:00:00,3.0
2025-12-21,4166,#25,4.0,2.0,19.0,51.48,2025-12-21 06:00:00,2025-12-21 08:00:00,2.0
2025-12-22,4178,#8,24.0,8.0,24.0,170.25,2025-12-22 21:00:00,2025-12-23 00:00:00,3.0
2025-12-22,4174,#12,87.0,10.875,39.0,176.17,2025-12-22 13:00:00,2025-12-22 21:00:00,8.0
2025-12-22,4175,#14,15.0,3.75,31.0,157.46,2025-12-22 09:00:00,2025-12-22 13:00:00,4.0
2025-12-22,4176,#18,2.0,2.0,20.0,119.08,2025-12-22 13:00:00,2025-12-22 14:00:00,1.0
2025-12-22,4177,#23,8.0,2.6666666666666665,58.0,211.17,2025-12-22 03:00:00,2025-12-22 06:00:00,3.0
2025-12-23,4189,#8,3.0,1.5,18.0,209.52,2025-12-23 03:00:00,2025-12-23 05:00:00,2.0
2025-12-23,4186,#21,37.0,6.166666666666667,31.0,143.54,2025-12-23 09:00:00,2025-12-23 15:00:00,6.0
2025-12-23,4187,#23,19.0,4.75,27.0,226.95,2025-12-23 00:00:00,2025-12-23 04:00:00,4.0
2025-12-23,4188,#27,57.0,7.125,47.0,168.99,2025-12-23 14:00:00,2025-12-23 22:00:00,8.0
2025-12-24,4197,#4,86.0,12.285714285714286,45.0,246.5,2025-12-24 15:00:00,2025-12-24 22:00:00,7.0
2025-12-24,4198,#7,3.0,1.0,36.0,319.78,2025-12-24 20:00:00,2025-12-24 23:00:00,3.0
2025-12-24,4195,#20,45.0,6.428571428571429,44.0,223.82,2025-12-24 08:00:00,2025-12-24 15:00:00,7.0
2025-12-24,4196,#23,31.0,4.428571428571429,24.0,290.42,2025-12-24 00:00:00,2025-12-24 07:00:00,7.0
2025-12-25,4208,#4,90.0,12.857142857142858,47.0,229.72,2025-12-25 15:00:00,2025-12-25 22:00:00,7.0
2025-12-25,4205,#20,33.0,4.714285714285714,38.0,233.53,2025-12-25 08:00:00,2025-12-25 15:00:00,7.0
2025-12-25,4206,#25,5.0,2.5,27.0,127.54,2025-12-25 04:00:00,2025-12-25 06:00:00,2.0
2025-12-25,4207,#27,19.0,4.75,33.0,335.99,2025-12-25 00:00:00,2025-12-25 04:00:00,4.0
2025-12-26,4219,#7,1.0,1.0,21.0,151.7,2025-12-26 20:00:00,2025-12-26 21:00:00,1.0
2025-12-26,4220,#8,27.0,9.0,32.0,227.76,2025-12-26 21:00:00,2025-12-27 00:00:00,3.0
2025-12-26,4216,#12,57.0,9.5,33.0,182.6,2025-12-26 15:00:00,2025-12-26 21:00:00,6.0
2025-12-26,4217,#20,37.0,4.625,32.0,133.18,2025-12-26 07:00:00,2025-12-26 15:00:00,8.0
2025-12-26,4218,#27,24.0,6.0,35.0,170.28,2025-12-26 03:00:00,2025-12-26 07:00:00,4.0
2025-12-27,4230,#4,69.0,8.625,34.0,146.08,2025-12-27 14:00:00,2025-12-27 22:00:00,8.0
2025-12-27,4231,#7,5.0,1.25,28.0,79.37,2025-12-27 16:00:00,2025-12-27 20:00:00,4.0
2025-12-27,4232,#8,9.0,4.5,25.0,119.16,2025-12-27 04:00:00,2025-12-27 06:00:00,2.0
2025-12-27,4227,#14,23.0,4.6,37.0,160.36,2025-12-27 09:00:00,2025-12-27 14:00:00,5.0
2025-12-27,4228,#17,20.0,5.0,28.0,263.53,2025-12-27 00:00:00,2025-12-27 04:00:00,4.0
2025-12-27,4229,#18,2.0,2.0,55.0,127.24,2025-12-27 08:00:00,2025-12-27 09:00:00,1.0
2025-12-28,4244,#7,5.0,2.5,28.0,269.1,2025-12-28 20:00:00,2025-12-28 22:00:00,2.0
2025-12-28,4245,#8,24.0,6.0,26.0,233.67,2025-12-28 00:00:00,2025-12-28 04:00:00,4.0
2025-12-28,4240,#12,56.0,8.0,36.0,152.02,2025-12-28 14:00:00,2025-12-28 21:00:00,7.0
2025-12-28,4241,#17,18.0,4.5,42.0,202.22,2025-12-28 03:00:00,2025-12-28 07:00:00,4.0
2025-12-28,4242,#18,3.0,3.0,22.0,119.35,2025-12-28 07:00:00,2025-12-28 08:00:00,1.0
2025-12-28,4243,#24,23.0,4.6,43.0,152.55,2025-12-28 09:00:00,2025-12-28 14:00:00,5.0
2025-12-29,4254,#4,60.0,8.571428571428571,36.0,163.73,2025-12-29 15:00:00,2025-12-29 22:00:00,7.0
2025-12-29,4255,#8,29.0,3.625,35.0,266.87,2025-12-29 00:00:00,2025-12-29 08:00:00,8.0
2025-12-29,4256,#9,1.0,1.0,15.0,80.36,2025-12-29 02:00:00,2025-12-29 03:00:00,1.0
2025-12-29,4253,#21,32.0,4.0,33.0,147.64,2025-12-29 08:00:00,2025-12-29 16:00:00,8.0
2025-12-30,4268,#8,6.0,3.0,33.0,230.95,2025-12-30 03:00:00,2025-12-30 05:00:00,2.0
2025-12-30,4265,#20,44.0,6.285714285714286,42.0,175.62,2025-12-30 15:00:00,2025-12-30 22:00:00,7.0
2025-12-30,4266,#21,26.0,3.7142857142857144,27.0,146.89,2025-12-30 09:00:00,2025-12-30 16:00:00,7.0
2025-12-30,4267,#23,25.0,6.25,28.0,307.53,2025-12-30 00:00:00,2025-12-30 04:00:00,4.0
2025-12-31,4277,#2,2.0,2.0,28.0,40.18,2025-12-31 23:00:00,2026-01-01 00:00:00,1.0
2025-12-31,4278,#4,102.0,12.75,37.0,172.8,2025-12-31 15:00:00,2025-12-31 23:00:00,8.0
2025-12-31,4274,#21,42.0,6.0,37.0,167.57,2025-12-31 08:00:00,2025-12-31 15:00:00,7.0
2025-12-31,4275,#23,31.0,7.75,27.0,150.76,2025-12-31 03:00:00,2025-12-31 07:00:00,4.0
2025-12-31,4276,#25,39.0,19.5,46.0,214.69,2025-12-31 22:00:00,2026-01-01 00:00:00,2.0
2025-01-01,8,BOLT  BOLT,43.0,1.7916666666666667,503.0,458.37,2025-01-01 00:00:00,2025-01-02 00:00:00,24.0
2025-01-01,9,DELIVERY_HERO  DELIVERY,15.0,0.625,263.0,372.86,2025-01-01 00:00:00,2025-01-02 00:00:00,24.0
2025-01-01,11,KIOSKAPI1  API,887.0,36.958333333333336,17.0,329.68,2025-01-01 00:00:00,2025-01-02 00:00:00,24.0
2025-01-01,13,WOLT  WOLT,68.0,2.8333333333333335,437.0,434.13,2025-01-01 00:00:00,2025-01-02 00:00:00,24.0
2025-01-02,20,BOLT  BOLT,9.0,0.375,660.0,458.13,2025-01-02 00:00:00,2025-01-03 00:00:00,24.0
2025-01-02,22,DELIVERY_HERO  DELIVERY,17.0,0.7083333333333334,325.0,433.98,2025-01-02 00:00:00,2025-01-03 00:00:00,24.0
2025-01-02,24,KIOSKAPI1  API,651.0,27.125,15.0,304.26,2025-01-02 00:00:00,2025-01-03 00:00:00,24.0
2025-01-02,26,WOLT  WOLT,32.0,1.3333333333333333,486.0,414.43,2025-01-02 00:00:00,2025-01-03 00:00:00,24.0
2025-01-03,33,BOLT  BOLT,13.0,0.5416666666666666,351.0,434.0,2025-01-03 00:00:00,2025-01-04 00:00:00,24.0
2025-01-03,34,DELIVERY_HERO  DELIVERY,9.0,0.375,338.0,396.73,2025-01-03 00:00:00,2025-01-04 00:00:00,24.0
2025-01-03,36,KIOSKAPI1  API,542.0,22.583333333333332,11.0,284.98,2025-01-03 00:00:00,2025-01-04 00:00:00,24.0
2025-01-03,38,WOLT  WOLT,32.0,1.3333333333333333,600.0,444.78,2025-01-03 00:00:00,2025-01-04 00:00:00,24.0
2025-01-04,45,BOLT  BOLT,6.0,0.25,369.0,546.58,2025-01-04 00:00:00,2025-01-05 00:00:00,24.0
2025-01-04,46,DELIVERY_HERO  DELIVERY,13.0,0.5416666666666666,394.0,516.28,2025-01-04 00:00:00,2025-01-05 00:00:00,24.0
2025-01-04,48,KIOSKAPI1  API,502.0,20.916666666666668,13.0,278.24,2025-01-04 00:00:00,2025-01-05 00:00:00,24.0
2025-01-04,50,WOLT  WOLT,31.0,1.2916666666666667,474.0,357.46,2025-01-04 00:00:00,2025-01-05 00:00:00,24.0
2025-01-05,58,BOLT  BOLT,17.0,0.7083333333333334,218.0,369.17,2025-01-05 00:00:00,2025-01-06 00:00:00,24.0
2025-01-05,59,DELIVERY_HERO  DELIVERY,7.0,0.2916666666666667,165.0,327.93,2025-01-05 00:00:00,2025-01-06 00:00:00,24.0
2025-01-05,61,KIOSKAPI1  API,409.0,17.041666666666668,17.0,286.69,2025-01-05 00:00:00,2025-01-06 00:00:00,24.0
2025-01-05,63,WOLT  WOLT,28.0,1.1666666666666667,189.0,438.36,2025-01-05 00:00:00,2025-01-06 00:00:00,24.0
2025-01-06,69,BOLT  BOLT,3.0,0.125,167.0,409.82,2025-01-06 00:00:00,2025-01-07 00:00:00,24.0
2025-01-06,70,DELIVERY_HERO  DELIVERY,8.0,0.3333333333333333,138.0,465.74,2025-01-06 00:00:00,2025-01-07 00:00:00,24.0
2025-01-06,72,KIOSKAPI1  API,344.0,14.333333333333334,14.0,252.92,2025-01-06 00:00:00,2025-01-07 00:00:00,24.0
2025-01-06,74,WOLT  WOLT,26.0,1.0833333333333333,259.0,403.26,2025-01-06 00:00:00,2025-01-07 00:00:00,24.0
2025-01-07,81,BOLT  BOLT,10.0,0.4166666666666667,410.0,468.13,2025-01-07 00:00:00,2025-01-08 00:00:00,24.0
2025-01-07,82,DELIVERY_HERO  DELIVERY,10.0,0.4166666666666667,294.0,280.18,2025-01-07 00:00:00,2025-01-08 00:00:00,24.0
2025-01-07,84,KIOSKAPI1  API,342.0,14.25,18.0,241.47,2025-01-07 00:00:00,2025-01-08 00:00:00,24.0
2025-01-07,86,WOLT  WOLT,35.0,1.4583333333333333,273.0,311.28,2025-01-07 00:00:00,2025-01-08 00:00:00,24.0
2025-01-08,93,BOLT  BOLT,7.0,0.2916666666666667,331.0,311.99,2025-01-08 00:00:00,2025-01-09 00:00:00,24.0
2025-01-08,94,DELIVERY_HERO  DELIVERY,16.0,0.6666666666666666,525.0,431.7,2025-01-08 00:00:00,2025-01-09 00:00:00,24.0
2025-01-08,96,KIOSKAPI1  API,399.0,16.625,9.0,258.18,2025-01-08 00:00:00,2025-01-09 00:00:00,24.0
2025-01-08,98,WOLT  WOLT,51.0,2.125,456.0,357.58,2025-01-08 00:00:00,2025-01-09 00:00:00,24.0
2025-01-09,105,BOLT  BOLT,7.0,0.2916666666666667,487.0,518.49,2025-01-09 00:00:00,2025-01-10 00:00:00,24.0
2025-01-09,106,DELIVERY_HERO  DELIVERY,14.0,0.5833333333333334,331.0,357.27,2025-01-09 00:00:00,2025-01-10 00:00:00,24.0
2025-01-09,108,KIOSKAPI1  API,427.0,17.791666666666668,42.0,240.83,2025-01-09 00:00:00,2025-01-10 00:00:00,24.0
2025-01-09,110,WOLT  WOLT,46.0,1.9166666666666667,321.0,395.87,2025-01-09 00:00:00,2025-01-10 00:00:00,24.0
2025-01-10,118,BOLT  BOLT,5.0,0.20833333333333334,399.0,469.46,2025-01-10 00:00:00,2025-01-11 00:00:00,24.0
2025-01-10,119,DELIVERY_HERO  DELIVERY,12.0,0.5,383.0,337.35,2025-01-10 00:00:00,2025-01-11 00:00:00,24.0
2025-01-10,121,KIOSKAPI1  API,587.0,24.458333333333332,14.0,246.73,2025-01-10 00:00:00,2025-01-11 00:00:00,24.0
2025-01-10,123,WOLT  WOLT,40.0,1.6666666666666667,299.0,359.6,2025-01-10 00:00:00,2025-01-11 00:00:00,24.0
2025-01-11,130,BOLT  BOLT,6.0,0.25,415.0,400.89,2025-01-11 00:00:00,2025-01-12 00:00:00,24.0
2025-01-11,131,DELIVERY_HERO  DELIVERY,13.0,0.5416666666666666,246.0,362.5,2025-01-11 00:00:00,2025-01-12 00:00:00,24.0
2025-01-11,133,KIOSKAPI1  API,470.0,19.583333333333332,10.0,238.48,2025-01-11 00:00:00,2025-01-12 00:00:00,24.0
2025-01-11,135,WOLT  WOLT,42.0,1.75,282.0,385.23,2025-01-11 00:00:00,2025-01-12 00:00:00,24.0
2025-01-12,143,BOLT  BOLT,14.0,0.5833333333333334,248.0,369.58,2025-01-12 00:00:00,2025-01-13 00:00:00,24.0
2025-01-12,144,DELIVERY_HERO  DELIVERY,7.0,0.2916666666666667,101.0,287.76,2025-01-12 00:00:00,2025-01-13 00:00:00,24.0
2025-01-12,146,KIOSKAPI1  API,361.0,15.041666666666666,13.0,279.45,2025-01-12 00:00:00,2025-01-13 00:00:00,24.0
2025-01-12,148,WOLT  WOLT,51.0,2.125,253.0,365.98,2025-01-12 00:00:00,2025-01-13 00:00:00,24.0
2025-01-13,155,BOLT  BOLT,9.0,0.375,322.0,401.49,2025-01-13 00:00:00,2025-01-14 00:00:00,24.0
2025-01-13,157,DELIVERY_HERO  DELIVERY,18.0,0.75,154.0,399.75,2025-01-13 00:00:00,2025-01-14 00:00:00,24.0
2025-01-13,159,KIOSKAPI1  API,386.0,16.083333333333332,10.0,244.0,2025-01-13 00:00:00,2025-01-14 00:00:00,24.0
2025-01-13,161,WOLT  WOLT,42.0,1.75,249.0,324.96,2025-01-13 00:00:00,2025-01-14 00:00:00,24.0
2025-01-14,168,BOLT  BOLT,12.0,0.5,497.0,407.14,2025-01-14 00:00:00,2025-01-15 00:00:00,24.0
2025-01-14,169,DELIVERY_HERO  DELIVERY,9.0,0.375,228.0,487.9,2025-01-14 00:00:00,2025-01-15 00:00:00,24.0
2025-01-14,171,KIOSKAPI1  API,391.0,16.291666666666668,6.0,206.1,2025-01-14 00:00:00,2025-01-15 00:00:00,24.0
2025-01-14,173,WOLT  WOLT,46.0,1.9166666666666667,286.0,306.66,2025-01-14 00:00:00,2025-01-15 00:00:00,24.0
2025-01-15,181,BOLT  BOLT,13.0,0.5416666666666666,421.0,306.39,2025-01-15 00:00:00,2025-01-16 00:00:00,24.0
2025-01-15,182,DELIVERY_HERO  DELIVERY,7.0,0.2916666666666667,265.0,338.52,2025-01-15 00:00:00,2025-01-16 00:00:00,24.0
2025-01-15,184,KIOSKAPI1  API,389.0,16.208333333333332,12.0,223.87,2025-01-15 00:00:00,2025-01-16 00:00:00,24.0
2025-01-15,186,WOLT  WOLT,39.0,1.625,286.0,413.62,2025-01-15 00:00:00,2025-01-16 00:00:00,24.0
2025-01-16,193,BOLT  BOLT,9.0,0.375,511.0,352.38,2025-01-16 00:00:00,2025-01-17 00:00:00,24.0
2025-01-16,194,DELIVERY_HERO  DELIVERY,8.0,0.3333333333333333,268.0,431.36,2025-01-16 00:00:00,2025-01-17 00:00:00,24.0
2025-01-16,196,KIOSKAPI1  API,448.0,18.666666666666668,8.0,229.51,2025-01-16 00:00:00,2025-01-17 00:00:00,24.0
2025-01-16,198,WOLT  WOLT,38.0,1.5833333333333333,275.0,368.3,2025-01-16 00:00:00,2025-01-17 00:00:00,24.0
2025-01-17,206,BOLT  BOLT,20.0,0.8333333333333334,208.0,322.77,2025-01-17 00:00:00,2025-01-18 00:00:00,24.0
2025-01-17,207,DELIVERY_HERO  DELIVERY,9.0,0.375,224.0,335.62,2025-01-17 00:00:00,2025-01-18 00:00:00,24.0
2025-01-17,209,KIOSKAPI1  API,460.0,19.166666666666668,6.0,245.15,2025-01-17 00:00:00,2025-01-18 00:00:00,24.0
2025-01-17,211,WOLT  WOLT,47.0,1.9583333333333333,236.0,316.09,2025-01-17 00:00:00,2025-01-18 00:00:00,24.0
2025-01-18,219,BOLT  BOLT,20.0,0.8333333333333334,239.0,336.21,2025-01-18 00:00:00,2025-01-19 00:00:00,24.0
2025-01-18,220,DELIVERY_HERO  DELIVERY,19.0,0.7916666666666666,318.0,397.6,2025-01-18 00:00:00,2025-01-19 00:00:00,24.0
2025-01-18,222,KIOSKAPI1  API,552.0,23.0,10.0,265.18,2025-01-18 00:00:00,2025-01-19 00:00:00,24.0
2025-01-18,224,WOLT  WOLT,48.0,2.0,283.0,360.64,2025-01-18 00:00:00,2025-01-19 00:00:00,24.0
2025-01-19,232,BOLT  BOLT,18.0,0.75,362.0,328.13,2025-01-19 00:00:00,2025-01-20 00:00:00,24.0
2025-01-19,233,DELIVERY_HERO  DELIVERY,5.0,0.20833333333333334,242.0,327.14,2025-01-19 00:00:00,2025-01-20 00:00:00,24.0
2025-01-19,235,KIOSKAPI1  API,437.0,18.208333333333332,10.0,256.0,2025-01-19 00:00:00,2025-01-20 00:00:00,24.0
2025-01-19,237,WOLT  WOLT,48.0,2.0,335.0,371.0,2025-01-19 00:00:00,2025-01-20 00:00:00,24.0
2025-01-20,245,BOLT  BOLT,6.0,0.25,629.0,313.69,2025-01-20 00:00:00,2025-01-21 00:00:00,24.0
2025-01-20,246,DELIVERY_HERO  DELIVERY,10.0,0.4166666666666667,71.0,336.16,2025-01-20 00:00:00,2025-01-21 00:00:00,24.0
2025-01-20,248,KIOSKAPI1  API,350.0,14.583333333333334,8.0,241.14,2025-01-20 00:00:00,2025-01-21 00:00:00,24.0
2025-01-20,250,WOLT  WOLT,49.0,2.0416666666666665,330.0,412.45,2025-01-20 00:00:00,2025-01-21 00:00:00,24.0
2025-01-21,257,BOLT  BOLT,6.0,0.25,373.0,367.11,2025-01-21 00:00:00,2025-01-22 00:00:00,24.0
2025-01-21,258,DELIVERY_HERO  DELIVERY,12.0,0.5,88.0,287.8,2025-01-21 00:00:00,2025-01-22 00:00:00,24.0
2025-01-21,260,KIOSKAPI1  API,370.0,15.416666666666666,8.0,225.26,2025-01-21 00:00:00,2025-01-22 00:00:00,24.0
2025-01-21,262,WOLT  WOLT,38.0,1.5833333333333333,212.0,332.66,2025-01-21 00:00:00,2025-01-22 00:00:00,24.0
2025-01-22,268,BOLT  BOLT,4.0,0.16666666666666666,189.0,395.31,2025-01-22 00:00:00,2025-01-23 00:00:00,24.0
2025-01-22,269,DELIVERY_HERO  DELIVERY,11.0,0.4583333333333333,129.0,417.78,2025-01-22 00:00:00,2025-01-23 00:00:00,24.0
2025-01-22,271,KIOSKAPI1  API,386.0,16.083333333333332,10.0,212.03,2025-01-22 00:00:00,2025-01-23 00:00:00,24.0
2025-01-22,273,WOLT  WOLT,33.0,1.375,146.0,316.02,2025-01-22 00:00:00,2025-01-23 00:00:00,24.0
2025-01-23,280,BOLT  BOLT,4.0,0.16666666666666666,436.0,617.63,2025-01-23 00:00:00,2025-01-24 00:00:00,24.0
2025-01-23,281,DELIVERY_HERO  DELIVERY,8.0,0.3333333333333333,208.0,298.77,2025-01-23 00:00:00,2025-01-24 00:00:00,24.0
2025-01-23,283,KIOSKAPI1  API,425.0,17.708333333333332,10.0,226.4,2025-01-23 00:00:00,2025-01-24 00:00:00,24.0
2025-01-23,285,WOLT  WOLT,30.0,1.25,192.0,331.01,2025-01-23 00:00:00,2025-01-24 00:00:00,24.0
2025-01-24,293,BOLT  BOLT,4.0,0.16666666666666666,499.0,318.3,2025-01-24 00:00:00,2025-01-25 00:00:00,24.0
2025-01-24,294,DELIVERY_HERO  DELIVERY,16.0,0.6666666666666666,319.0,423.16,2025-01-24 00:00:00,2025-01-25 00:00:00,24.0
2025-01-24,296,KIOSKAPI1  API,542.0,22.583333333333332,11.0,246.98,2025-01-24 00:00:00,2025-01-25 00:00:00,24.0
2025-01-24,298,WOLT  WOLT,51.0,2.125,390.0,417.89,2025-01-24 00:00:00,2025-01-25 00:00:00,24.0
2025-01-25,306,BOLT  BOLT,9.0,0.375,505.0,423.21,2025-01-25 00:00:00,2025-01-26 00:00:00,24.0
2025-01-25,307,DELIVERY_HERO  DELIVERY,10.0,0.4166666666666667,149.0,370.27,2025-01-25 00:00:00,2025-01-26 00:00:00,24.0
2025-01-25,309,KIOSKAPI1  API,573.0,23.875,11.0,249.75,2025-01-25 00:00:00,2025-01-26 00:00:00,24.0
2025-01-25,311,WOLT  WOLT,44.0,1.8333333333333333,268.0,455.64,2025-01-25 00:00:00,2025-01-26 00:00:00,24.0
2025-01-26,318,BOLT  BOLT,9.0,0.375,268.0,366.67,2025-01-26 00:00:00,2025-01-27 00:00:00,24.0
2025-01-26,319,DELIVERY_HERO  DELIVERY,10.0,0.4166666666666667,162.0,249.2,2025-01-26 00:00:00,2025-01-27 00:00:00,24.0
2025-01-26,321,KIOSKAPI1  API,467.0,19.458333333333332,20.0,256.09,2025-01-26 00:00:00,2025-01-27 00:00:00,24.0
2025-01-26,323,WOLT  WOLT,51.0,2.125,217.0,370.26,2025-01-26 00:00:00,2025-01-27 00:00:00,24.0
2025-01-27,330,BOLT  BOLT,3.0,0.125,167.0,211.9,2025-01-27 00:00:00,2025-01-28 00:00:00,24.0
2025-01-27,331,DELIVERY_HERO  DELIVERY,9.0,0.375,228.0,344.35,2025-01-27 00:00:00,2025-01-28 00:00:00,24.0
2025-01-27,333,KIOSKAPI1  API,404.0,16.833333333333332,8.0,233.59,2025-01-27 00:00:00,2025-01-28 00:00:00,24.0
2025-01-27,335,WOLT  WOLT,38.0,1.5833333333333333,490.0,328.24,2025-01-27 00:00:00,2025-01-28 00:00:00,24.0
2025-01-28,342,BOLT  BOLT,17.0,0.7083333333333334,845.0,324.63,2025-01-28 00:00:00,2025-01-29 00:00:00,24.0
2025-01-28,343,DELIVERY_HERO  DELIVERY,11.0,0.4583333333333333,3170.0,414.77,2025-01-28 00:00:00,2025-01-29 00:00:00,24.0
2025-01-28,345,KIOSKAPI1  API,410.0,17.083333333333332,8.0,245.32,2025-01-28 00:00:00,2025-01-29 00:00:00,24.0
2025-01-28,347,WOLT  WOLT,44.0,1.8333333333333333,177.0,370.98,2025-01-28 00:00:00,2025-01-29 00:00:00,24.0
2025-01-29,355,BOLT  BOLT,15.0,0.625,141.0,326.13,2025-01-29 00:00:00,2025-01-30 00:00:00,24.0
2025-01-29,356,DELIVERY_HERO  DELIVERY,5.0,0.20833333333333334,199.0,346.07,2025-01-29 00:00:00,2025-01-30 00:00:00,24.0
2025-01-29,358,KIOSKAPI1  API,405.0,16.875,7.0,210.87,2025-01-29 00:00:00,2025-01-30 00:00:00,24.0
2025-01-29,360,WOLT  WOLT,37.0,1.5416666666666667,222.0,403.91,2025-01-29 00:00:00,2025-01-30 00:00:00,24.0
2025-01-30,367,BOLT  BOLT,15.0,0.625,218.0,235.42,2025-01-30 00:00:00,2025-01-31 00:00:00,24.0
2025-01-30,368,DELIVERY_HERO  DELIVERY,18.0,0.75,290.0,351.09,2025-01-30 00:00:00,2025-01-31 00:00:00,24.0
2025-01-30,370,KIOSKAPI1  API,462.0,19.25,13.0,219.0,2025-01-30 00:00:00,2025-01-31 00:00:00,24.0
2025-01-30,372,WOLT  WOLT,44.0,1.8333333333333333,251.0,380.19,2025-01-30 00:00:00,2025-01-31 00:00:00,24.0
2025-01-31,379,BOLT  BOLT,17.0,0.7083333333333334,279.0,272.06,2025-01-31 00:00:00,2025-02-01 00:00:00,24.0
2025-01-31,380,DELIVERY_HERO  DELIVERY,14.0,0.5833333333333334,269.0,321.75,2025-01-31 00:00:00,2025-02-01 00:00:00,24.0
2025-01-31,382,KIOSKAPI1  API,565.0,23.541666666666668,11.0,243.59,2025-01-31 00:00:00,2025-02-01 00:00:00,24.0
2025-01-31,384,WOLT  WOLT,46.0,1.9166666666666667,311.0,381.11,2025-01-31 00:00:00,2025-02-01 00:00:00,24.0
2025-02-01,392,BOLT  BOLT,24.0,1.0,319.0,363.58,2025-02-01 00:00:00,2025-02-02 00:00:00,24.0
2025-02-01,393,DELIVERY_HERO  DELIVERY,10.0,0.4166666666666667,273.0,330.89,2025-02-01 00:00:00,2025-02-02 00:00:00,24.0
2025-02-01,395,KIOSKAPI1  API,579.0,24.125,10.0,251.47,2025-02-01 00:00:00,2025-02-02 00:00:00,24.0
2025-02-01,397,WOLT  WOLT,57.0,2.375,324.0,403.23,2025-02-01 00:00:00,2025-02-02 00:00:00,24.0
2025-02-02,403,BOLT  BOLT,10.0,0.4166666666666667,261.0,327.59,2025-02-02 00:00:00,2025-02-03 00:00:00,24.0
2025-02-02,404,DELIVERY_HERO  DELIVERY,8.0,0.3333333333333333,258.0,294.2,2025-02-02 00:00:00,2025-02-03 00:00:00,24.0
2025-02-02,406,KIOSKAPI1  API,426.0,17.75,11.0,260.8,2025-02-02 00:00:00,2025-02-03 00:00:00,24.0
2025-02-02,408,WOLT  WOLT,37.0,1.5416666666666667,254.0,411.8,2025-02-02 00:00:00,2025-02-03 00:00:00,24.0
2025-02-03,417,BOLT  BOLT,11.0,0.4583333333333333,335.0,393.34,2025-02-03 00:00:00,2025-02-04 00:00:00,24.0
2025-02-03,418,DELIVERY_HERO  DELIVERY,10.0,0.4166666666666667,180.0,276.43,2025-02-03 00:00:00,2025-02-04 00:00:00,24.0
2025-02-03,420,KIOSKAPI1  API,434.0,18.083333333333332,11.0,244.01,2025-02-03 00:00:00,2025-02-04 00:00:00,24.0
2025-02-03,422,WOLT  WOLT,50.0,2.0833333333333335,402.0,426.14,2025-02-03 00:00:00,2025-02-04 00:00:00,24.0
2025-02-04,430,BOLT  BOLT,10.0,0.4166666666666667,1763.0,441.88,2025-02-04 00:00:00,2025-02-05 00:00:00,24.0
2025-02-04,431,DELIVERY_HERO  DELIVERY,14.0,0.5833333333333334,215.0,340.37,2025-02-04 00:00:00,2025-02-05 00:00:00,24.0
2025-02-04,433,KIOSKAPI1  API,437.0,18.208333333333332,8.0,223.48,2025-02-04 00:00:00,2025-02-05 00:00:00,24.0
2025-02-04,435,WOLT  WOLT,41.0,1.7083333333333333,276.0,355.44,2025-02-04 00:00:00,2025-02-05 00:00:00,24.0
2025-02-05,442,BOLT  BOLT,6.0,0.25,418.0,643.3,2025-02-05 00:00:00,2025-02-06 00:00:00,24.0
2025-02-05,443,DELIVERY_HERO  DELIVERY,10.0,0.4166666666666667,236.0,342.14,2025-02-05 00:00:00,2025-02-06 00:00:00,24.0
2025-02-05,445,KIOSKAPI1  API,468.0,19.5,10.0,214.95,2025-02-05 00:00:00,2025-02-06 00:00:00,24.0
2025-02-05,447,WOLT  WOLT,40.0,1.6666666666666667,376.0,444.4,2025-02-05 00:00:00,2025-02-06 00:00:00,24.0
2025-02-06,455,BOLT  BOLT,5.0,0.20833333333333334,268.0,236.43,2025-02-06 00:00:00,2025-02-07 00:00:00,24.0
2025-02-06,456,DELIVERY_HERO  DELIVERY,7.0,0.2916666666666667,216.0,319.64,2025-02-06 00:00:00,2025-02-07 00:00:00,24.0
2025-02-06,458,KIOSKAPI1  API,478.0,19.916666666666668,10.0,232.94,2025-02-06 00:00:00,2025-02-07 00:00:00,24.0
2025-02-06,460,WOLT  WOLT,42.0,1.75,253.0,382.78,2025-02-06 00:00:00,2025-02-07 00:00:00,24.0
2025-02-07,468,BOLT  BOLT,7.0,0.2916666666666667,456.0,406.51,2025-02-07 00:00:00,2025-02-08 00:00:00,24.0
2025-02-07,469,DELIVERY_HERO  DELIVERY,11.0,0.4583333333333333,327.0,319.16,2025-02-07 00:00:00,2025-02-08 00:00:00,24.0
2025-02-07,471,KIOSKAPI1  API,572.0,23.833333333333332,7.0,229.43,2025-02-07 00:00:00,2025-02-08 00:00:00,24.0
2025-02-07,473,WOLT  WOLT,40.0,1.6666666666666667,332.0,386.85,2025-02-07 00:00:00,2025-02-08 00:00:00,24.0
2025-02-08,481,BOLT  BOLT,9.0,0.375,491.0,413.49,2025-02-08 00:00:00,2025-02-09 00:00:00,24.0
2025-02-08,482,DELIVERY_HERO  DELIVERY,14.0,0.5833333333333334,426.0,411.35,2025-02-08 00:00:00,2025-02-09 00:00:00,24.0
2025-02-08,484,KIOSKAPI1  API,628.0,26.166666666666668,49.0,273.3,2025-02-08 00:00:00,2025-02-09 00:00:00,24.0
2025-02-08,486,WOLT  WOLT,48.0,2.0,307.0,393.64,2025-02-08 00:00:00,2025-02-09 00:00:00,24.0
2025-02-09,493,BOLT  BOLT,9.0,0.375,272.0,411.21,2025-02-09 00:00:00,2025-02-10 00:00:00,24.0
2025-02-09,494,DELIVERY_HERO  DELIVERY,12.0,0.5,253.0,330.21,2025-02-09 00:00:00,2025-02-10 00:00:00,24.0
2025-02-09,496,KIOSKAPI1  API,456.0,19.0,18.0,260.32,2025-02-09 00:00:00,2025-02-10 00:00:00,24.0
2025-02-09,498,WOLT  WOLT,44.0,1.8333333333333333,354.0,372.91,2025-02-09 00:00:00,2025-02-10 00:00:00,24.0
2025-02-10,506,BOLT  BOLT,13.0,0.5416666666666666,452.0,304.33,2025-02-10 00:00:00,2025-02-11 00:00:00,24.0
2025-02-10,507,DELIVERY_HERO  DELIVERY,14.0,0.5833333333333334,325.0,384.82,2025-02-10 00:00:00,2025-02-11 00:00:00,24.0
2025-02-10,509,KIOSKAPI1  API,446.0,18.583333333333332,8.0,237.05,2025-02-10 00:00:00,2025-02-11 00:00:00,24.0
2025-02-10,511,WOLT  WOLT,42.0,1.75,367.0,392.86,2025-02-10 00:00:00,2025-02-11 00:00:00,24.0
2025-02-11,517,BOLT  BOLT,10.0,0.4166666666666667,7090.0,495.98,2025-02-11 00:00:00,2025-02-12 00:00:00,24.0
2025-02-11,518,DELIVERY_HERO  DELIVERY,6.0,0.25,255.0,444.94,2025-02-11 00:00:00,2025-02-12 00:00:00,24.0
2025-02-11,520,KIOSKAPI1  API,476.0,19.833333333333332,10.0,236.51,2025-02-11 00:00:00,2025-02-12 00:00:00,24.0
2025-02-11,522,WOLT  WOLT,37.0,1.5416666666666667,293.0,356.66,2025-02-11 00:00:00,2025-02-12 00:00:00,24.0
2025-02-12,530,BOLT  BOLT,2.0,0.08333333333333333,766.0,217.86,2025-02-12 00:00:00,2025-02-13 00:00:00,24.0
2025-02-12,531,DELIVERY_HERO  DELIVERY,9.0,0.375,316.0,385.52,2025-02-12 00:00:00,2025-02-13 00:00:00,24.0
2025-02-12,533,KIOSKAPI1  API,517.0,21.541666666666668,10.0,239.59,2025-02-12 00:00:00,2025-02-13 00:00:00,24.0
2025-02-12,535,WOLT  WOLT,41.0,1.7083333333333333,354.0,363.41,2025-02-12 00:00:00,2025-02-13 00:00:00,24.0
2025-02-13,541,BOLT  BOLT,2.0,0.08333333333333333,239.0,819.2,2025-02-13 00:00:00,2025-02-14 00:00:00,24.0
2025-02-13,542,DELIVERY_HERO  DELIVERY,10.0,0.4166666666666667,197.0,417.59,2025-02-13 00:00:00,2025-02-14 00:00:00,24.0
2025-02-13,544,KIOSKAPI1  API,511.0,21.291666666666668,11.0,241.72,2025-02-13 00:00:00,2025-02-14 00:00:00,24.0
2025-02-13,546,WOLT  WOLT,30.0,1.25,177.0,343.63,2025-02-13 00:00:00,2025-02-14 00:00:00,24.0
2025-02-14,554,BOLT  BOLT,3.0,0.125,379.0,354.17,2025-02-14 00:00:00,2025-02-15 00:00:00,24.0
2025-02-14,555,DELIVERY_HERO  DELIVERY,10.0,0.4166666666666667,381.0,356.88,2025-02-14 00:00:00,2025-02-15 00:00:00,24.0
2025-02-14,557,KIOSKAPI1  API,585.0,24.375,9.0,259.27,2025-02-14 00:00:00,2025-02-15 00:00:00,24.0
2025-02-14,559,WOLT  WOLT,42.0,1.75,399.0,396.49,2025-02-14 00:00:00,2025-02-15 00:00:00,24.0
2025-02-15,566,BOLT  BOLT,9.0,0.375,627.0,503.08,2025-02-15 00:00:00,2025-02-16 00:00:00,24.0
2025-02-15,567,DELIVERY_HERO  DELIVERY,11.0,0.4583333333333333,368.0,490.18,2025-02-15 00:00:00,2025-02-16 00:00:00,24.0
2025-02-15,569,KIOSKAPI1  API,689.0,28.708333333333332,7.0,277.0,2025-02-15 00:00:00,2025-02-16 00:00:00,24.0
2025-02-15,571,WOLT  WOLT,29.0,1.2083333333333333,429.0,361.64,2025-02-15 00:00:00,2025-02-16 00:00:00,24.0
2025-02-16,579,BOLT  BOLT,5.0,0.20833333333333334,251.0,290.54,2025-02-16 00:00:00,2025-02-17 00:00:00,24.0
2025-02-16,580,DELIVERY_HERO  DELIVERY,11.0,0.4583333333333333,344.0,404.14,2025-02-16 00:00:00,2025-02-17 00:00:00,24.0
2025-02-16,582,KIOSKAPI1  API,540.0,22.5,14.0,283.91,2025-02-16 00:00:00,2025-02-17 00:00:00,24.0
2025-02-16,584,WOLT  WOLT,38.0,1.5833333333333333,480.0,403.81,2025-02-16 00:00:00,2025-02-17 00:00:00,24.0
2025-02-17,592,BOLT  BOLT,6.0,0.25,274.0,341.67,2025-02-17 00:00:00,2025-02-18 00:00:00,24.0
2025-02-17,593,DELIVERY_HERO  DELIVERY,11.0,0.4583333333333333,220.0,304.06,2025-02-17 00:00:00,2025-02-18 00:00:00,24.0
2025-02-17,595,KIOSKAPI1  API,508.0,21.166666666666668,8.0,236.78,2025-02-17 00:00:00,2025-02-18 00:00:00,24.0
2025-02-17,597,WOLT  WOLT,39.0,1.625,332.0,339.19,2025-02-17 00:00:00,2025-02-18 00:00:00,24.0
2025-02-18,605,BOLT  BOLT,3.0,0.125,5419.0,254.46,2025-02-18 00:00:00,2025-02-19 00:00:00,24.0
2025-02-18,606,DELIVERY_HERO  DELIVERY,11.0,0.4583333333333333,267.0,337.01,2025-02-18 00:00:00,2025-02-19 00:00:00,24.0
2025-02-18,608,KIOSKAPI1  API,480.0,20.0,10.0,247.88,2025-02-18 00:00:00,2025-02-19 00:00:00,24.0
2025-02-18,610,WOLT  WOLT,30.0,1.25,299.0,387.56,2025-02-18 00:00:00,2025-02-19 00:00:00,24.0
2025-02-19,617,BOLT  BOLT,7.0,0.2916666666666667,194.0,300.51,2025-02-19 00:00:00,2025-02-20 00:00:00,24.0
2025-02-19,619,DELIVERY_HERO  DELIVERY,16.0,0.6666666666666666,223.0,384.1,2025-02-19 00:00:00,2025-02-20 00:00:00,24.0
2025-02-19,621,KIOSKAPI1  API,459.0,19.125,9.0,249.88,2025-02-19 00:00:00,2025-02-20 00:00:00,24.0
2025-02-19,623,WOLT  WOLT,39.0,1.625,308.0,341.44,2025-02-19 00:00:00,2025-02-20 00:00:00,24.0
2025-02-20,630,BOLT  BOLT,5.0,0.20833333333333334,189.0,298.75,2025-02-20 00:00:00,2025-02-21 00:00:00,24.0
2025-02-20,631,DELIVERY_HERO  DELIVERY,10.0,0.4166666666666667,858.0,332.86,2025-02-20 00:00:00,2025-02-21 00:00:00,24.0
2025-02-20,633,KIOSKAPI1  API,544.0,22.666666666666668,12.0,246.91,2025-02-20 00:00:00,2025-02-21 00:00:00,24.0
2025-02-20,635,WOLT  WOLT,34.0,1.4166666666666667,348.0,357.12,2025-02-20 00:00:00,2025-02-21 00:00:00,24.0
2025-02-21,642,BOLT  BOLT,3.0,0.125,122.0,530.65,2025-02-21 00:00:00,2025-02-22 00:00:00,24.0
2025-02-21,643,DELIVERY_HERO  DELIVERY,10.0,0.4166666666666667,299.0,404.2,2025-02-21 00:00:00,2025-02-22 00:00:00,24.0
2025-02-21,645,KIOSKAPI1  API,778.0,32.416666666666664,10.0,251.64,2025-02-21 00:00:00,2025-02-22 00:00:00,24.0
2025-02-21,647,WOLT  WOLT,35.0,1.4583333333333333,270.0,432.5,2025-02-21 00:00:00,2025-02-22 00:00:00,24.0
2025-02-22,655,BOLT  BOLT,9.0,0.375,565.0,534.33,2025-02-22 00:00:00,2025-02-23 00:00:00,24.0
2025-02-22,656,DELIVERY_HERO  DELIVERY,6.0,0.25,289.0,421.58,2025-02-22 00:00:00,2025-02-23 00:00:00,24.0
2025-02-22,658,KIOSKAPI1  API,789.0,32.875,10.0,262.66,2025-02-22 00:00:00,2025-02-23 00:00:00,24.0
2025-02-22,660,WOLT  WOLT,39.0,1.625,381.0,375.46,2025-02-22 00:00:00,2025-02-23 00:00:00,24.0
2025-02-23,669,BOLT  BOLT,9.0,0.375,267.0,387.1,2025-02-23 00:00:00,2025-02-24 00:00:00,24.0
2025-02-23,670,DELIVERY_HERO  DELIVERY,9.0,0.375,302.0,458.23,2025-02-23 00:00:00,2025-02-24 00:00:00,24.0
2025-02-23,672,KIOSKAPI1  API,619.0,25.791666666666668,15.0,266.55,2025-02-23 00:00:00,2025-02-24 00:00:00,24.0
2025-02-23,674,WOLT  WOLT,46.0,1.9166666666666667,263.0,347.65,2025-02-23 00:00:00,2025-02-24 00:00:00,24.0
2025-02-24,682,BOLT  BOLT,5.0,0.20833333333333334,259.0,373.04,2025-02-24 00:00:00,2025-02-25 00:00:00,24.0
2025-02-24,683,DELIVERY_HERO  DELIVERY,9.0,0.375,242.0,362.7,2025-02-24 00:00:00,2025-02-25 00:00:00,24.0
2025-02-24,685,KIOSKAPI1  API,592.0,24.666666666666668,16.0,232.15,2025-02-24 00:00:00,2025-02-25 00:00:00,24.0
2025-02-24,687,WOLT  WOLT,40.0,1.6666666666666667,494.0,364.58,2025-02-24 00:00:00,2025-02-25 00:00:00,24.0
2025-02-25,694,BOLT  BOLT,5.0,0.20833333333333334,192.0,255.54,2025-02-25 00:00:00,2025-02-26 00:00:00,24.0
2025-02-25,695,DELIVERY_HERO  DELIVERY,5.0,0.20833333333333334,243.0,260.54,2025-02-25 00:00:00,2025-02-26 00:00:00,24.0
2025-02-25,697,KIOSKAPI1  API,531.0,22.125,10.0,244.04,2025-02-25 00:00:00,2025-02-26 00:00:00,24.0
2025-02-25,699,WOLT  WOLT,30.0,1.25,2583.0,316.4,2025-02-25 00:00:00,2025-02-26 00:00:00,24.0
2025-02-26,707,BOLT  BOLT,8.0,0.3333333333333333,296.0,317.41,2025-02-26 00:00:00,2025-02-27 00:00:00,24.0
2025-02-26,708,DELIVERY_HERO  DELIVERY,5.0,0.20833333333333334,164.0,208.75,2025-02-26 00:00:00,2025-02-27 00:00:00,24.0
2025-02-26,710,KIOSKAPI1  API,598.0,24.916666666666668,9.0,229.34,2025-02-26 00:00:00,2025-02-27 00:00:00,24.0
2025-02-26,712,WOLT  WOLT,41.0,1.7083333333333333,294.0,380.71,2025-02-26 00:00:00,2025-02-27 00:00:00,24.0
2025-02-27,718,BOLT  BOLT,8.0,0.3333333333333333,273.0,311.05,2025-02-27 00:00:00,2025-02-28 00:00:00,24.0
2025-02-27,719,DELIVERY_HERO  DELIVERY,17.0,0.7083333333333334,732.0,326.94,2025-02-27 00:00:00,2025-02-28 00:00:00,24.0
2025-02-27,721,KIOSKAPI1  API,664.0,27.666666666666668,8.0,245.11,2025-02-27 00:00:00,2025-02-28 00:00:00,24.0
2025-02-27,723,WOLT  WOLT,26.0,1.0833333333333333,618.0,352.44,2025-02-27 00:00:00,2025-02-28 00:00:00,24.0
2025-02-28,732,BOLT  BOLT,4.0,0.16666666666666666,420.0,403.35,2025-02-28 00:00:00,2025-03-01 00:00:00,24.0
2025-02-28,733,DELIVERY_HERO  DELIVERY,9.0,0.375,430.0,353.17,2025-02-28 00:00:00,2025-03-01 00:00:00,24.0
2025-02-28,735,KIOSKAPI1  API,815.0,33.958333333333336,18.0,248.16,2025-02-28 00:00:00,2025-03-01 00:00:00,24.0
2025-02-28,737,WOLT  WOLT,27.0,1.125,322.0,337.33,2025-02-28 00:00:00,2025-03-01 00:00:00,24.0
2025-03-01,744,BOLT  BOLT,6.0,0.25,283.0,366.52,2025-03-01 00:00:00,2025-03-02 00:00:00,24.0
2025-03-01,746,DELIVERY_HERO  DELIVERY,17.0,0.7083333333333334,238.0,525.37,2025-03-01 00:00:00,2025-03-02 00:00:00,24.0
2025-03-01,748,KIOSKAPI1  API,802.0,33.416666666666664,36.0,275.64,2025-03-01 00:00:00,2025-03-02 00:00:00,24.0
2025-03-01,750,WOLT  WOLT,41.0,1.7083333333333333,298.0,391.68,2025-03-01 00:00:00,2025-03-02 00:00:00,24.0
2025-03-02,757,BOLT  BOLT,4.0,0.16666666666666666,575.0,300.0,2025-03-02 00:00:00,2025-03-03 00:00:00,24.0
2025-03-02,758,DELIVERY_HERO  DELIVERY,8.0,0.3333333333333333,403.0,350.33,2025-03-02 00:00:00,2025-03-03 00:00:00,24.0
2025-03-02,760,KIOSKAPI1  API,608.0,25.333333333333332,14.0,267.29,2025-03-02 00:00:00,2025-03-03 00:00:00,24.0
2025-03-02,762,WOLT  WOLT,52.0,2.1666666666666665,422.0,386.97,2025-03-02 00:00:00,2025-03-03 00:00:00,24.0
2025-03-03,770,BOLT  BOLT,4.0,0.16666666666666666,421.0,451.34,2025-03-03 00:00:00,2025-03-04 00:00:00,24.0
2025-03-03,771,DELIVERY_HERO  DELIVERY,6.0,0.25,133.0,250.45,2025-03-03 00:00:00,2025-03-04 00:00:00,24.0
2025-03-03,773,KIOSKAPI1  API,552.0,23.0,33.0,244.53,2025-03-03 00:00:00,2025-03-04 00:00:00,24.0
2025-03-03,775,WOLT  WOLT,46.0,1.9166666666666667,284.0,319.91,2025-03-03 00:00:00,2025-03-04 00:00:00,24.0
2025-03-04,783,BOLT  BOLT,6.0,0.25,942.0,325.3,2025-03-04 00:00:00,2025-03-05 00:00:00,24.0
2025-03-04,784,DELIVERY_HERO  DELIVERY,10.0,0.4166666666666667,381.0,357.14,2025-03-04 00:00:00,2025-03-05 00:00:00,24.0
2025-03-04,786,KIOSKAPI1  API,551.0,22.958333333333332,13.0,240.6,2025-03-04 00:00:00,2025-03-05 00:00:00,24.0
2025-03-04,788,WOLT  WOLT,33.0,1.375,346.0,322.19,2025-03-04 00:00:00,2025-03-05 00:00:00,24.0
2025-03-05,796,BOLT  BOLT,6.0,0.25,335.0,293.15,2025-03-05 00:00:00,2025-03-06 00:00:00,24.0
2025-03-05,797,DELIVERY_HERO  DELIVERY,6.0,0.25,306.0,497.32,2025-03-05 00:00:00,2025-03-06 00:00:00,24.0
2025-03-05,799,KIOSKAPI1  API,540.0,22.5,9.0,233.11,2025-03-05 00:00:00,2025-03-06 00:00:00,24.0
2025-03-05,801,WOLT  WOLT,34.0,1.4166666666666667,284.0,350.11,2025-03-05 00:00:00,2025-03-06 00:00:00,24.0
2025-03-06,808,BOLT  BOLT,5.0,0.20833333333333334,277.0,365.89,2025-03-06 00:00:00,2025-03-07 00:00:00,24.0
2025-03-06,809,DELIVERY_HERO  DELIVERY,7.0,0.2916666666666667,2046.0,230.61,2025-03-06 00:00:00,2025-03-07 00:00:00,24.0
2025-03-06,811,KIOSKAPI1  API,671.0,27.958333333333332,13.0,245.39,2025-03-06 00:00:00,2025-03-07 00:00:00,24.0
2025-03-06,813,WOLT  WOLT,51.0,2.125,410.0,376.93,2025-03-06 00:00:00,2025-03-07 00:00:00,24.0
2025-03-07,821,BOLT  BOLT,5.0,0.20833333333333334,324.0,435.54,2025-03-07 00:00:00,2025-03-08 00:00:00,24.0
2025-03-07,822,DELIVERY_HERO  DELIVERY,7.0,0.2916666666666667,497.0,507.4,2025-03-07 00:00:00,2025-03-08 00:00:00,24.0
2025-03-07,824,KIOSKAPI1  API,836.0,34.833333333333336,19.0,241.22,2025-03-07 00:00:00,2025-03-08 00:00:00,24.0
2025-03-07,826,WOLT  WOLT,49.0,2.0416666666666665,271.0,384.24,2025-03-07 00:00:00,2025-03-08 00:00:00,24.0
2025-03-08,834,BOLT  BOLT,8.0,0.3333333333333333,113.0,355.36,2025-03-08 00:00:00,2025-03-09 00:00:00,24.0
2025-03-08,835,DELIVERY_HERO  DELIVERY,14.0,0.5833333333333334,201.0,426.98,2025-03-08 00:00:00,2025-03-09 00:00:00,24.0
2025-03-08,837,KIOSKAPI1  API,960.0,40.0,10.0,257.27,2025-03-08 00:00:00,2025-03-09 00:00:00,24.0
2025-03-08,839,WOLT  WOLT,40.0,1.6666666666666667,326.0,376.0,2025-03-08 00:00:00,2025-03-09 00:00:00,24.0
2025-03-09,847,BOLT  BOLT,5.0,0.20833333333333334,271.0,363.21,2025-03-09 00:00:00,2025-03-10 00:00:00,24.0
2025-03-09,848,DELIVERY_HERO  DELIVERY,10.0,0.4166666666666667,421.0,791.34,2025-03-09 00:00:00,2025-03-10 00:00:00,24.0
2025-03-09,850,KIOSKAPI1  API,652.0,27.166666666666668,12.0,249.55,2025-03-09 00:00:00,2025-03-10 00:00:00,24.0
2025-03-09,852,WOLT  WOLT,52.0,2.1666666666666665,308.0,354.72,2025-03-09 00:00:00,2025-03-10 00:00:00,24.0
2025-03-10,857,BOLT  BOLT,3.0,0.125,391.0,344.94,2025-03-10 00:00:00,2025-03-11 00:00:00,24.0
2025-03-10,859,DELIVERY_HERO  DELIVERY,14.0,0.5833333333333334,242.0,354.59,2025-03-10 00:00:00,2025-03-11 00:00:00,24.0
2025-03-10,861,KIOSKAPI1  API,556.0,23.166666666666668,15.0,222.91,2025-03-10 00:00:00,2025-03-11 00:00:00,24.0
2025-03-10,863,WOLT  WOLT,40.0,1.6666666666666667,232.0,369.91,2025-03-10 00:00:00,2025-03-11 00:00:00,24.0
2025-03-11,870,BOLT  BOLT,7.0,0.2916666666666667,300.0,371.3,2025-03-11 00:00:00,2025-03-12 00:00:00,24.0
2025-03-11,871,DELIVERY_HERO  DELIVERY,12.0,0.5,283.0,317.26,2025-03-11 00:00:00,2025-03-12 00:00:00,24.0
2025-03-11,873,KIOSKAPI1  API,630.0,26.25,11.0,238.53,2025-03-11 00:00:00,2025-03-12 00:00:00,24.0
2025-03-11,875,WOLT  WOLT,41.0,1.7083333333333333,298.0,313.18,2025-03-11 00:00:00,2025-03-12 00:00:00,24.0
2025-03-12,881,BOLT  BOLT,1.0,0.041666666666666664,266.0,407.14,2025-03-12 00:00:00,2025-03-13 00:00:00,24.0
2025-03-12,882,DELIVERY_HERO  DELIVERY,11.0,0.4583333333333333,245.0,272.73,2025-03-12 00:00:00,2025-03-13 00:00:00,24.0
2025-03-12,884,KIOSKAPI1  API,546.0,22.75,14.0,220.66,2025-03-12 00:00:00,2025-03-13 00:00:00,24.0
2025-03-12,886,WOLT  WOLT,41.0,1.7083333333333333,314.0,325.7,2025-03-12 00:00:00,2025-03-13 00:00:00,24.0
2025-03-13,894,BOLT  BOLT,2.0,0.08333333333333333,623.0,223.21,2025-03-13 00:00:00,2025-03-14 00:00:00,24.0
2025-03-13,895,DELIVERY_HERO  DELIVERY,11.0,0.4583333333333333,246.0,418.34,2025-03-13 00:00:00,2025-03-14 00:00:00,24.0
2025-03-13,897,KIOSKAPI1  API,610.0,25.416666666666668,8.0,246.23,2025-03-13 00:00:00,2025-03-14 00:00:00,24.0
2025-03-13,899,WOLT  WOLT,45.0,1.875,250.0,328.69,2025-03-13 00:00:00,2025-03-14 00:00:00,24.0
2025-03-14,907,DELIVERY_HERO  DELIVERY,7.0,0.2916666666666667,444.0,395.41,2025-03-14 00:00:00,2025-03-15 00:00:00,24.0
2025-03-14,909,KIOSKAPI1  API,818.0,34.083333333333336,11.0,245.98,2025-03-14 00:00:00,2025-03-15 00:00:00,24.0
2025-03-14,911,WOLT  WOLT,52.0,2.1666666666666665,249.0,328.14,2025-03-14 00:00:00,2025-03-15 00:00:00,24.0
2025-03-15,918,BOLT  BOLT,2.0,0.08333333333333333,142.0,270.09,2025-03-15 00:00:00,2025-03-16 00:00:00,24.0
2025-03-15,919,DELIVERY_HERO  DELIVERY,12.0,0.5,132.0,380.95,2025-03-15 00:00:00,2025-03-16 00:00:00,24.0
2025-03-15,921,KIOSKAPI1  API,810.0,33.75,9.0,267.15,2025-03-15 00:00:00,2025-03-16 00:00:00,24.0
2025-03-15,923,WOLT  WOLT,57.0,2.375,200.0,368.95,2025-03-15 00:00:00,2025-03-16 00:00:00,24.0
2025-03-16,930,BOLT  BOLT,7.0,0.2916666666666667,365.0,295.92,2025-03-16 00:00:00,2025-03-17 00:00:00,24.0
2025-03-16,931,DELIVERY_HERO  DELIVERY,14.0,0.5833333333333334,243.0,384.44,2025-03-16 00:00:00,2025-03-17 00:00:00,24.0
2025-03-16,933,KIOSKAPI1  API,564.0,23.5,12.0,249.4,2025-03-16 00:00:00,2025-03-17 00:00:00,24.0
2025-03-16,935,WOLT  WOLT,39.0,1.625,281.0,313.03,2025-03-16 00:00:00,2025-03-17 00:00:00,24.0
2025-03-17,943,BOLT  BOLT,10.0,0.4166666666666667,480.0,361.43,2025-03-17 00:00:00,2025-03-18 00:00:00,24.0
2025-03-17,944,DELIVERY_HERO  DELIVERY,4.0,0.16666666666666666,237.0,375.89,2025-03-17 00:00:00,2025-03-18 00:00:00,24.0
2025-03-17,946,KIOSKAPI1  API,488.0,20.333333333333332,8.0,236.07,2025-03-17 00:00:00,2025-03-18 00:00:00,24.0
2025-03-17,948,WOLT  WOLT,32.0,1.3333333333333333,422.0,345.73,2025-03-17 00:00:00,2025-03-18 00:00:00,24.0
2025-03-18,954,BOLT  BOLT,6.0,0.25,11294.0,434.38,2025-03-18 00:00:00,2025-03-19 00:00:00,24.0
2025-03-18,955,DELIVERY_HERO  DELIVERY,10.0,0.4166666666666667,170.0,327.68,2025-03-18 00:00:00,2025-03-19 00:00:00,24.0
2025-03-18,957,KIOSKAPI1  API,515.0,21.458333333333332,10.0,251.6,2025-03-18 00:00:00,2025-03-19 00:00:00,24.0
2025-03-18,959,WOLT  WOLT,40.0,1.6666666666666667,316.0,298.97,2025-03-18 00:00:00,2025-03-19 00:00:00,24.0
2025-03-19,966,BOLT  BOLT,11.0,0.4583333333333333,257.0,390.99,2025-03-19 00:00:00,2025-03-20 00:00:00,24.0
2025-03-19,967,DELIVERY_HERO  DELIVERY,9.0,0.375,163.0,288.1,2025-03-19 00:00:00,2025-03-20 00:00:00,24.0
2025-03-19,969,KIOSKAPI1  API,639.0,26.625,9.0,207.71,2025-03-19 00:00:00,2025-03-20 00:00:00,24.0
2025-03-19,971,WOLT  WOLT,37.0,1.5416666666666667,272.0,286.73,2025-03-19 00:00:00,2025-03-20 00:00:00,24.0
2025-03-20,978,BOLT  BOLT,10.0,0.4166666666666667,510.0,421.16,2025-03-20 00:00:00,2025-03-21 00:00:00,24.0
2025-03-20,979,DELIVERY_HERO  DELIVERY,8.0,0.3333333333333333,228.0,328.46,2025-03-20 00:00:00,2025-03-21 00:00:00,24.0
2025-03-20,981,KIOSKAPI1  API,708.0,29.5,21.0,233.18,2025-03-20 00:00:00,2025-03-21 00:00:00,24.0
2025-03-20,983,WOLT  WOLT,42.0,1.75,371.0,395.3,2025-03-20 00:00:00,2025-03-21 00:00:00,24.0
2025-03-21,992,BOLT  BOLT,13.0,0.5416666666666666,326.0,354.26,2025-03-21 00:00:00,2025-03-22 00:00:00,24.0
2025-03-21,993,DELIVERY_HERO  DELIVERY,11.0,0.4583333333333333,272.0,385.63,2025-03-21 00:00:00,2025-03-22 00:00:00,24.0
2025-03-21,995,KIOSKAPI1  API,941.0,39.208333333333336,20.0,254.22,2025-03-21 00:00:00,2025-03-22 00:00:00,24.0
2025-03-21,997,WOLT  WOLT,56.0,2.3333333333333335,275.0,378.44,2025-03-21 00:00:00,2025-03-22 00:00:00,24.0
2025-03-22,1004,BOLT  BOLT,14.0,0.5833333333333334,329.0,480.48,2025-03-22 00:00:00,2025-03-23 00:00:00,24.0
2025-03-22,1005,DELIVERY_HERO  DELIVERY,10.0,0.4166666666666667,201.0,286.43,2025-03-22 00:00:00,2025-03-23 00:00:00,24.0
2025-03-22,1007,KIOSKAPI1  API,847.0,35.291666666666664,8.0,256.28,2025-03-22 00:00:00,2025-03-23 00:00:00,24.0
2025-03-22,1009,WOLT  WOLT,45.0,1.875,310.0,356.92,2025-03-22 00:00:00,2025-03-23 00:00:00,24.0
2025-03-23,1017,BOLT  BOLT,16.0,0.6666666666666666,324.0,417.63,2025-03-23 00:00:00,2025-03-24 00:00:00,24.0
2025-03-23,1018,DELIVERY_HERO  DELIVERY,10.0,0.4166666666666667,365.0,264.2,2025-03-23 00:00:00,2025-03-24 00:00:00,24.0
2025-03-23,1020,KIOSKAPI1  API,657.0,27.375,15.0,258.5,2025-03-23 00:00:00,2025-03-24 00:00:00,24.0
2025-03-23,1022,WOLT  WOLT,42.0,1.75,371.0,372.49,2025-03-23 00:00:00,2025-03-24 00:00:00,24.0
2025-03-24,1029,BOLT  BOLT,13.0,0.5416666666666666,257.0,291.83,2025-03-24 00:00:00,2025-03-25 00:00:00,24.0
2025-03-24,1030,DELIVERY_HERO  DELIVERY,5.0,0.20833333333333334,221.0,262.14,2025-03-24 00:00:00,2025-03-25 00:00:00,24.0
2025-03-24,1032,KIOSKAPI1  API,556.0,23.166666666666668,10.0,241.5,2025-03-24 00:00:00,2025-03-25 00:00:00,24.0
2025-03-24,1034,WOLT  WOLT,29.0,1.2083333333333333,289.0,436.73,2025-03-24 00:00:00,2025-03-25 00:00:00,24.0
2025-03-25,1042,BOLT  BOLT,4.0,0.16666666666666666,557.0,478.35,2025-03-25 00:00:00,2025-03-26 00:00:00,24.0
2025-03-25,1043,DELIVERY_HERO  DELIVERY,7.0,0.2916666666666667,205.0,280.74,2025-03-25 00:00:00,2025-03-26 00:00:00,24.0
2025-03-25,1045,KIOSKAPI1  API,621.0,25.875,44.0,231.04,2025-03-25 00:00:00,2025-03-26 00:00:00,24.0
2025-03-25,1047,WOLT  WOLT,36.0,1.5,290.0,354.49,2025-03-25 00:00:00,2025-03-26 00:00:00,24.0
2025-03-26,1056,BOLT  BOLT,11.0,0.4583333333333333,350.0,414.94,2025-03-26 00:00:00,2025-03-27 00:00:00,24.0
2025-03-26,1057,DELIVERY_HERO  DELIVERY,12.0,0.5,215.0,293.53,2025-03-26 00:00:00,2025-03-27 00:00:00,24.0
2025-03-26,1059,KIOSKAPI1  API,650.0,27.083333333333332,10.0,226.09,2025-03-26 00:00:00,2025-03-27 00:00:00,24.0
2025-03-26,1061,WOLT  WOLT,29.0,1.2083333333333333,346.0,333.31,2025-03-26 00:00:00,2025-03-27 00:00:00,24.0
2025-03-27,1069,BOLT  BOLT,6.0,0.25,181.0,306.25,2025-03-27 00:00:00,2025-03-28 00:00:00,24.0
2025-03-27,1070,DELIVERY_HERO  DELIVERY,15.0,0.625,208.0,258.39,2025-03-27 00:00:00,2025-03-28 00:00:00,24.0
2025-03-27,1072,KIOSKAPI1  API,691.0,28.791666666666668,9.0,233.34,2025-03-27 00:00:00,2025-03-28 00:00:00,24.0
2025-03-27,1074,WOLT  WOLT,33.0,1.375,258.0,349.89,2025-03-27 00:00:00,2025-03-28 00:00:00,24.0
2025-03-28,1081,BOLT  BOLT,7.0,0.2916666666666667,217.0,429.72,2025-03-28 00:00:00,2025-03-29 00:00:00,24.0
2025-03-28,1082,DELIVERY_HERO  DELIVERY,10.0,0.4166666666666667,358.0,347.32,2025-03-28 00:00:00,2025-03-29 00:00:00,24.0
2025-03-28,1084,KIOSKAPI1  API,867.0,36.125,7.0,248.41,2025-03-28 00:00:00,2025-03-29 00:00:00,24.0
2025-03-28,1086,WOLT  WOLT,42.0,1.75,305.0,296.79,2025-03-28 00:00:00,2025-03-29 00:00:00,24.0
2025-03-29,1094,BOLT  BOLT,11.0,0.4583333333333333,663.0,380.68,2025-03-29 00:00:00,2025-03-30 00:00:00,24.0
2025-03-29,1095,DELIVERY_HERO  DELIVERY,14.0,0.5833333333333334,278.0,318.3,2025-03-29 00:00:00,2025-03-30 00:00:00,24.0
2025-03-29,1097,KIOSKAPI1  API,863.0,35.958333333333336,14.0,265.56,2025-03-29 00:00:00,2025-03-30 00:00:00,24.0
2025-03-29,1099,WOLT  WOLT,36.0,1.5,614.0,365.35,2025-03-29 00:00:00,2025-03-30 00:00:00,24.0
2025-03-30,1108,BOLT  BOLT,11.0,0.4583333333333333,425.0,508.2,2025-03-30 00:00:00,2025-03-31 00:00:00,24.0
2025-03-30,1109,DELIVERY_HERO  DELIVERY,10.0,0.4166666666666667,746.0,323.13,2025-03-30 00:00:00,2025-03-31 00:00:00,24.0
2025-03-30,1111,KIOSKAPI1  API,670.0,27.916666666666668,13.0,252.58,2025-03-30 00:00:00,2025-03-31 00:00:00,24.0
2025-03-30,1113,WOLT  WOLT,39.0,1.625,330.0,346.82,2025-03-30 00:00:00,2025-03-31 00:00:00,24.0
2025-03-31,1119,BOLT  BOLT,5.0,0.20833333333333334,474.0,370.18,2025-03-31 00:00:00,2025-04-01 00:00:00,24.0
2025-03-31,1120,DELIVERY_HERO  DELIVERY,7.0,0.2916666666666667,639.0,350.51,2025-03-31 00:00:00,2025-04-01 00:00:00,24.0
2025-03-31,1122,KIOSKAPI1  API,610.0,25.416666666666668,11.0,225.48,2025-03-31 00:00:00,2025-04-01 00:00:00,24.0
2025-03-31,1124,WOLT  WOLT,43.0,1.7916666666666667,245.0,301.99,2025-03-31 00:00:00,2025-04-01 00:00:00,24.0
2025-04-01,1131,BOLT  BOLT,5.0,0.20833333333333334,302.0,406.25,2025-04-01 00:00:00,2025-04-02 00:00:00,24.0
2025-04-01,1132,DELIVERY_HERO  DELIVERY,10.0,0.4166666666666667,379.0,341.96,2025-04-01 00:00:00,2025-04-02 00:00:00,24.0
2025-04-01,1134,KIOSKAPI1  API,644.0,26.833333333333332,12.0,229.77,2025-04-01 00:00:00,2025-04-02 00:00:00,24.0
2025-04-01,1136,WOLT  WOLT,33.0,1.375,919.0,362.66,2025-04-01 00:00:00,2025-04-02 00:00:00,24.0
2025-04-02,1142,BOLT  BOLT,10.0,0.4166666666666667,234.0,364.73,2025-04-02 00:00:00,2025-04-03 00:00:00,24.0
2025-04-02,1143,DELIVERY_HERO  DELIVERY,14.0,0.5833333333333334,203.0,338.01,2025-04-02 00:00:00,2025-04-03 00:00:00,24.0
2025-04-02,1145,KIOSKAPI1  API,699.0,29.125,26.0,237.11,2025-04-02 00:00:00,2025-04-03 00:00:00,24.0
2025-04-02,1147,WOLT  WOLT,42.0,1.75,251.0,334.67,2025-04-02 00:00:00,2025-04-03 00:00:00,24.0
2025-04-03,1154,BOLT  BOLT,5.0,0.20833333333333334,425.0,452.14,2025-04-03 00:00:00,2025-04-04 00:00:00,24.0
2025-04-03,1155,DELIVERY_HERO  DELIVERY,10.0,0.4166666666666667,310.0,298.21,2025-04-03 00:00:00,2025-04-04 00:00:00,24.0
2025-04-03,1157,KIOSKAPI1  API,826.0,34.416666666666664,11.0,237.55,2025-04-03 00:00:00,2025-04-04 00:00:00,24.0
2025-04-03,1159,WOLT  WOLT,32.0,1.3333333333333333,466.0,391.91,2025-04-03 00:00:00,2025-04-04 00:00:00,24.0
2025-04-04,1168,BOLT  BOLT,9.0,0.375,282.0,453.97,2025-04-04 00:00:00,2025-04-05 00:00:00,24.0
2025-04-04,1169,DELIVERY_HERO  DELIVERY,15.0,0.625,206.0,342.44,2025-04-04 00:00:00,2025-04-05 00:00:00,24.0
2025-04-04,1171,KIOSKAPI1  API,826.0,34.416666666666664,9.0,250.3,2025-04-04 00:00:00,2025-04-05 00:00:00,24.0
2025-04-04,1173,WOLT  WOLT,34.0,1.4166666666666667,224.0,302.1,2025-04-04 00:00:00,2025-04-05 00:00:00,24.0
2025-04-05,1181,BOLT  BOLT,6.0,0.25,509.0,300.0,2025-04-05 00:00:00,2025-04-06 00:00:00,24.0
2025-04-05,1183,DELIVERY_HERO  DELIVERY,19.0,0.7916666666666666,384.0,355.69,2025-04-05 00:00:00,2025-04-06 00:00:00,24.0
2025-04-05,1185,KIOSKAPI1  API,766.0,31.916666666666668,12.0,277.97,2025-04-05 00:00:00,2025-04-06 00:00:00,24.0
2025-04-05,1187,WOLT  WOLT,39.0,1.625,399.0,304.65,2025-04-05 00:00:00,2025-04-06 00:00:00,24.0
2025-04-06,1194,BOLT  BOLT,9.0,0.375,441.0,434.23,2025-04-06 00:00:00,2025-04-07 00:00:00,24.0
2025-04-06,1195,DELIVERY_HERO  DELIVERY,17.0,0.7083333333333334,349.0,344.64,2025-04-06 00:00:00,2025-04-07 00:00:00,24.0
2025-04-06,1197,KIOSKAPI1  API,605.0,25.208333333333332,14.0,257.51,2025-04-06 00:00:00,2025-04-07 00:00:00,24.0
2025-04-06,1199,WOLT  WOLT,38.0,1.5833333333333333,279.0,381.41,2025-04-06 00:00:00,2025-04-07 00:00:00,24.0
2025-04-07,1206,BOLT  BOLT,7.0,0.2916666666666667,334.0,478.7,2025-04-07 00:00:00,2025-04-08 00:00:00,24.0
2025-04-07,1208,DELIVERY_HERO  DELIVERY,26.0,1.0833333333333333,221.0,376.44,2025-04-07 00:00:00,2025-04-08 00:00:00,24.0
2025-04-07,1210,KIOSKAPI1  API,560.0,23.333333333333332,10.0,218.04,2025-04-07 00:00:00,2025-04-08 00:00:00,24.0
2025-04-07,1212,WOLT  WOLT,39.0,1.625,230.0,328.11,2025-04-07 00:00:00,2025-04-08 00:00:00,24.0
2025-04-08,1220,BOLT  BOLT,7.0,0.2916666666666667,358.0,400.51,2025-04-08 00:00:00,2025-04-09 00:00:00,24.0
2025-04-08,1221,DELIVERY_HERO  DELIVERY,10.0,0.4166666666666667,272.0,336.07,2025-04-08 00:00:00,2025-04-09 00:00:00,24.0
2025-04-08,1223,KIOSKAPI1  API,587.0,24.458333333333332,15.0,226.77,2025-04-08 00:00:00,2025-04-09 00:00:00,24.0
2025-04-08,1225,WOLT  WOLT,33.0,1.375,248.0,360.15,2025-04-08 00:00:00,2025-04-09 00:00:00,24.0
2025-04-09,1230,BOLT  BOLT,8.0,0.3333333333333333,443.0,311.94,2025-04-09 00:00:00,2025-04-10 00:00:00,24.0
2025-04-09,1231,DELIVERY_HERO  DELIVERY,18.0,0.75,598.0,341.82,2025-04-09 00:00:00,2025-04-10 00:00:00,24.0
2025-04-09,1233,KIOSKAPI1  API,696.0,29.0,16.0,230.81,2025-04-09 00:00:00,2025-04-10 00:00:00,24.0
2025-04-09,1235,WOLT  WOLT,22.0,0.9166666666666666,500.0,396.59,2025-04-09 00:00:00,2025-04-10 00:00:00,24.0
2025-04-10,1242,BOLT  BOLT,7.0,0.2916666666666667,315.0,472.83,2025-04-10 00:00:00,2025-04-11 00:00:00,24.0
2025-04-10,1243,DELIVERY_HERO  DELIVERY,8.0,0.3333333333333333,314.0,274.33,2025-04-10 00:00:00,2025-04-11 00:00:00,24.0
2025-04-10,1245,KIOSKAPI1  API,748.0,31.166666666666668,15.0,248.53,2025-04-10 00:00:00,2025-04-11 00:00:00,24.0
2025-04-10,1247,WOLT  WOLT,22.0,0.9166666666666666,344.0,360.27,2025-04-10 00:00:00,2025-04-11 00:00:00,24.0
2025-04-11,1254,BOLT  BOLT,9.0,0.375,334.0,473.91,2025-04-11 00:00:00,2025-04-12 00:00:00,24.0
2025-04-11,1256,DELIVERY_HERO  DELIVERY,15.0,0.625,300.0,276.13,2025-04-11 00:00:00,2025-04-12 00:00:00,24.0
2025-04-11,1258,KIOSKAPI1  API,788.0,32.833333333333336,10.0,245.02,2025-04-11 00:00:00,2025-04-12 00:00:00,24.0
2025-04-11,1260,WOLT  WOLT,26.0,1.0833333333333333,305.0,369.27,2025-04-11 00:00:00,2025-04-12 00:00:00,24.0
2025-04-12,1268,BOLT  BOLT,13.0,0.5416666666666666,420.0,363.8,2025-04-12 00:00:00,2025-04-13 00:00:00,24.0
2025-04-12,1270,DELIVERY_HERO  DELIVERY,18.0,0.75,332.0,384.92,2025-04-12 00:00:00,2025-04-13 00:00:00,24.0
2025-04-12,1272,KIOSKAPI1  API,895.0,37.291666666666664,7.0,274.83,2025-04-12 00:00:00,2025-04-13 00:00:00,24.0
2025-04-12,1274,WOLT  WOLT,34.0,1.4166666666666667,476.0,373.53,2025-04-12 00:00:00,2025-04-13 00:00:00,24.0
2025-04-13,1279,BOLT  BOLT,8.0,0.3333333333333333,538.0,487.61,2025-04-13 00:00:00,2025-04-14 00:00:00,24.0
2025-04-13,1280,DELIVERY_HERO  DELIVERY,9.0,0.375,335.0,432.34,2025-04-13 00:00:00,2025-04-14 00:00:00,24.0
2025-04-13,1282,KIOSKAPI1  API,756.0,31.5,22.0,260.45,2025-04-13 00:00:00,2025-04-14 00:00:00,24.0
2025-04-13,1284,WOLT  WOLT,66.0,2.75,396.0,385.01,2025-04-13 00:00:00,2025-04-14 00:00:00,24.0
2025-04-14,1292,BOLT  BOLT,7.0,0.2916666666666667,481.0,461.48,2025-04-14 00:00:00,2025-04-15 00:00:00,24.0
2025-04-14,1294,DELIVERY_HERO  DELIVERY,26.0,1.0833333333333333,343.0,391.14,2025-04-14 00:00:00,2025-04-15 00:00:00,24.0
2025-04-14,1296,KIOSKAPI1  API,706.0,29.416666666666668,18.0,231.19,2025-04-14 00:00:00,2025-04-15 00:00:00,24.0
2025-04-14,1298,WOLT  WOLT,60.0,2.5,390.0,396.06,2025-04-14 00:00:00,2025-04-15 00:00:00,24.0
2025-04-15,1304,BOLT  BOLT,4.0,0.16666666666666666,444.0,573.88,2025-04-15 00:00:00,2025-04-16 00:00:00,24.0
2025-04-15,1305,DELIVERY_HERO  DELIVERY,16.0,0.6666666666666666,1793.0,292.02,2025-04-15 00:00:00,2025-04-16 00:00:00,24.0
2025-04-15,1307,KIOSKAPI1  API,696.0,29.0,13.0,247.08,2025-04-15 00:00:00,2025-04-16 00:00:00,24.0
2025-04-15,1309,WOLT  WOLT,28.0,1.1666666666666667,262.0,371.84,2025-04-15 00:00:00,2025-04-16 00:00:00,24.0
2025-04-16,1314,BOLT  BOLT,9.0,0.375,485.0,349.6,2025-04-16 00:00:00,2025-04-17 00:00:00,24.0
2025-04-16,1315,DELIVERY_HERO  DELIVERY,9.0,0.375,435.0,387.0,2025-04-16 00:00:00,2025-04-17 00:00:00,24.0
2025-04-16,1317,KIOSKAPI1  API,607.0,25.291666666666668,13.0,228.77,2025-04-16 00:00:00,2025-04-17 00:00:00,24.0
2025-04-16,1319,WOLT  WOLT,41.0,1.7083333333333333,434.0,363.13,2025-04-16 00:00:00,2025-04-17 00:00:00,24.0
2025-04-17,1325,BOLT  BOLT,5.0,0.20833333333333334,921.0,395.36,2025-04-17 00:00:00,2025-04-18 00:00:00,24.0
2025-04-17,1327,DELIVERY_HERO  DELIVERY,13.0,0.5416666666666666,545.0,314.01,2025-04-17 00:00:00,2025-04-18 00:00:00,24.0
2025-04-17,1329,KIOSKAPI1  API,701.0,29.208333333333332,59.0,241.23,2025-04-17 00:00:00,2025-04-18 00:00:00,24.0
2025-04-17,1331,WOLT  WOLT,39.0,1.625,552.0,298.4,2025-04-17 00:00:00,2025-04-18 00:00:00,24.0
2025-04-18,1339,BOLT  BOLT,11.0,0.4583333333333333,377.0,467.05,2025-04-18 00:00:00,2025-04-19 00:00:00,24.0
2025-04-18,1340,DELIVERY_HERO  DELIVERY,7.0,0.2916666666666667,293.0,351.66,2025-04-18 00:00:00,2025-04-19 00:00:00,24.0
2025-04-18,1342,KIOSKAPI1  API,657.0,27.375,14.0,270.71,2025-04-18 00:00:00,2025-04-19 00:00:00,24.0
2025-04-18,1344,WOLT  WOLT,38.0,1.5833333333333333,448.0,361.94,2025-04-18 00:00:00,2025-04-19 00:00:00,24.0
2025-04-19,1352,BOLT  BOLT,5.0,0.20833333333333334,242.0,316.25,2025-04-19 00:00:00,2025-04-20 00:00:00,24.0
2025-04-19,1353,DELIVERY_HERO  DELIVERY,14.0,0.5833333333333334,283.0,408.16,2025-04-19 00:00:00,2025-04-20 00:00:00,24.0
2025-04-19,1355,KIOSKAPI1  API,723.0,30.125,15.0,269.21,2025-04-19 00:00:00,2025-04-20 00:00:00,24.0
2025-04-19,1357,WOLT  WOLT,42.0,1.75,298.0,386.71,2025-04-19 00:00:00,2025-04-20 00:00:00,24.0
2025-04-20,1364,BOLT  BOLT,6.0,0.25,231.0,370.83,2025-04-20 00:00:00,2025-04-21 00:00:00,24.0
2025-04-20,1365,DELIVERY_HERO  DELIVERY,10.0,0.4166666666666667,341.0,313.48,2025-04-20 00:00:00,2025-04-21 00:00:00,24.0
2025-04-20,1367,KIOSKAPI1  API,708.0,29.5,24.0,261.65,2025-04-20 00:00:00,2025-04-21 00:00:00,24.0
2025-04-20,1369,WOLT  WOLT,30.0,1.25,434.0,418.42,2025-04-20 00:00:00,2025-04-21 00:00:00,24.0
2025-04-21,1376,BOLT  BOLT,10.0,0.4166666666666667,338.0,273.84,2025-04-21 00:00:00,2025-04-22 00:00:00,24.0
2025-04-21,1377,DELIVERY_HERO  DELIVERY,15.0,0.625,285.0,336.9,2025-04-21 00:00:00,2025-04-22 00:00:00,24.0
2025-04-21,1379,KIOSKAPI1  API,527.0,21.958333333333332,16.0,243.02,2025-04-21 00:00:00,2025-04-22 00:00:00,24.0
2025-04-21,1381,WOLT  WOLT,44.0,1.8333333333333333,351.0,383.81,2025-04-21 00:00:00,2025-04-22 00:00:00,24.0
2025-04-22,1388,BOLT  BOLT,6.0,0.25,247.0,296.58,2025-04-22 00:00:00,2025-04-23 00:00:00,24.0
2025-04-22,1389,DELIVERY_HERO  DELIVERY,8.0,0.3333333333333333,210.0,370.09,2025-04-22 00:00:00,2025-04-23 00:00:00,24.0
2025-04-22,1391,KIOSKAPI1  API,433.0,18.041666666666668,6.0,210.57,2025-04-22 00:00:00,2025-04-23 00:00:00,24.0
2025-04-22,1393,WOLT  WOLT,33.0,1.375,265.0,335.15,2025-04-22 00:00:00,2025-04-23 00:00:00,24.0
2025-04-23,1401,BOLT  BOLT,5.0,0.20833333333333334,301.0,232.5,2025-04-23 00:00:00,2025-04-24 00:00:00,24.0
2025-04-23,1402,DELIVERY_HERO  DELIVERY,12.0,0.5,199.0,329.76,2025-04-23 00:00:00,2025-04-24 00:00:00,24.0
2025-04-23,1404,KIOSKAPI1  API,505.0,21.041666666666668,24.0,234.28,2025-04-23 00:00:00,2025-04-24 00:00:00,24.0
2025-04-23,1406,WOLT  WOLT,33.0,1.375,312.0,299.16,2025-04-23 00:00:00,2025-04-24 00:00:00,24.0
2025-04-24,1413,BOLT  BOLT,5.0,0.20833333333333334,271.0,502.86,2025-04-24 00:00:00,2025-04-25 00:00:00,24.0
2025-04-24,1414,DELIVERY_HERO  DELIVERY,6.0,0.25,172.0,322.17,2025-04-24 00:00:00,2025-04-25 00:00:00,24.0
2025-04-24,1416,KIOSKAPI1  API,547.0,22.791666666666668,10.0,244.11,2025-04-24 00:00:00,2025-04-25 00:00:00,24.0
2025-04-24,1417,WOLT  WOLT,17.0,0.7083333333333334,244.0,330.46,2025-04-24 00:00:00,2025-04-25 00:00:00,24.0
2025-04-25,1425,BOLT  BOLT,6.0,0.25,101.0,386.01,2025-04-25 00:00:00,2025-04-26 00:00:00,24.0
2025-04-25,1426,DELIVERY_HERO  DELIVERY,10.0,0.4166666666666667,321.0,366.96,2025-04-25 00:00:00,2025-04-26 00:00:00,24.0
2025-04-25,1428,KIOSKAPI1  API,667.0,27.791666666666668,9.0,246.26,2025-04-25 00:00:00,2025-04-26 00:00:00,24.0
2025-04-25,1430,WOLT  WOLT,37.0,1.5416666666666667,322.0,428.47,2025-04-25 00:00:00,2025-04-26 00:00:00,24.0
2025-04-26,1437,BOLT  BOLT,8.0,0.3333333333333333,533.0,550.11,2025-04-26 00:00:00,2025-04-27 00:00:00,24.0
2025-04-26,1438,DELIVERY_HERO  DELIVERY,14.0,0.5833333333333334,343.0,376.21,2025-04-26 00:00:00,2025-04-27 00:00:00,24.0
2025-04-26,1440,KIOSKAPI1  API,759.0,31.625,10.0,232.22,2025-04-26 00:00:00,2025-04-27 00:00:00,24.0
2025-04-26,1442,WOLT  WOLT,35.0,1.4583333333333333,357.0,410.33,2025-04-26 00:00:00,2025-04-27 00:00:00,24.0
2025-04-27,1449,BOLT  BOLT,10.0,0.4166666666666667,232.0,437.41,2025-04-27 00:00:00,2025-04-28 00:00:00,24.0
2025-04-27,1450,DELIVERY_HERO  DELIVERY,15.0,0.625,231.0,413.75,2025-04-27 00:00:00,2025-04-28 00:00:00,24.0
2025-04-27,1452,KIOSKAPI1  API,569.0,23.708333333333332,10.0,259.23,2025-04-27 00:00:00,2025-04-28 00:00:00,24.0
2025-04-27,1454,WOLT  WOLT,38.0,1.5833333333333333,276.0,364.33,2025-04-27 00:00:00,2025-04-28 00:00:00,24.0
2025-04-28,1462,BOLT  BOLT,5.0,0.20833333333333334,304.0,610.0,2025-04-28 00:00:00,2025-04-29 00:00:00,24.0
2025-04-28,1463,DELIVERY_HERO  DELIVERY,12.0,0.5,281.0,423.07,2025-04-28 00:00:00,2025-04-29 00:00:00,24.0
2025-04-28,1465,KIOSKAPI1  API,519.0,21.625,10.0,232.59,2025-04-28 00:00:00,2025-04-29 00:00:00,24.0
2025-04-28,1467,WOLT  WOLT,48.0,2.0,233.0,328.81,2025-04-28 00:00:00,2025-04-29 00:00:00,24.0
2025-04-29,1474,BOLT  BOLT,1.0,0.041666666666666664,160.0,225.89,2025-04-29 00:00:00,2025-04-30 00:00:00,24.0
2025-04-29,1475,DELIVERY_HERO  DELIVERY,16.0,0.6666666666666666,284.0,381.58,2025-04-29 00:00:00,2025-04-30 00:00:00,24.0
2025-04-29,1477,KIOSKAPI1  API,501.0,20.875,21.0,229.99,2025-04-29 00:00:00,2025-04-30 00:00:00,24.0
2025-04-29,1479,WOLT  WOLT,29.0,1.2083333333333333,288.0,401.69,2025-04-29 00:00:00,2025-04-30 00:00:00,24.0
2025-04-30,1487,BOLT  BOLT,8.0,0.3333333333333333,300.0,369.98,2025-04-30 00:00:00,2025-05-01 00:00:00,24.0
2025-04-30,1488,DELIVERY_HERO  DELIVERY,16.0,0.6666666666666666,342.0,341.29,2025-04-30 00:00:00,2025-05-01 00:00:00,24.0
2025-04-30,1490,KIOSKAPI1  API,526.0,21.916666666666668,6.0,220.42,2025-04-30 00:00:00,2025-05-01 00:00:00,24.0
2025-04-30,1492,WOLT  WOLT,37.0,1.5416666666666667,367.0,330.74,2025-04-30 00:00:00,2025-05-01 00:00:00,24.0
2025-05-01,1498,BOLT  BOLT,8.0,0.3333333333333333,244.0,355.47,2025-05-01 00:00:00,2025-05-02 00:00:00,24.0
2025-05-01,1499,DELIVERY_HERO  DELIVERY,14.0,0.5833333333333334,236.0,243.81,2025-05-01 00:00:00,2025-05-02 00:00:00,24.0
2025-05-01,1501,KIOSKAPI1  API,545.0,22.708333333333332,10.0,280.86,2025-05-01 00:00:00,2025-05-02 00:00:00,24.0
2025-05-01,1503,WOLT  WOLT,36.0,1.5,254.0,397.15,2025-05-01 00:00:00,2025-05-02 00:00:00,24.0
2025-05-02,1511,BOLT  BOLT,6.0,0.25,269.0,351.64,2025-05-02 00:00:00,2025-05-03 00:00:00,24.0
2025-05-02,1513,DELIVERY_HERO  DELIVERY,21.0,0.875,232.0,293.58,2025-05-02 00:00:00,2025-05-03 00:00:00,24.0
2025-05-02,1515,KIOSKAPI1  API,776.0,32.333333333333336,10.0,272.29,2025-05-02 00:00:00,2025-05-03 00:00:00,24.0
2025-05-02,1517,WOLT  WOLT,24.0,1.0,209.0,342.45,2025-05-02 00:00:00,2025-05-03 00:00:00,24.0
2025-05-03,1523,BOLT  BOLT,5.0,0.20833333333333334,286.0,465.0,2025-05-03 00:00:00,2025-05-04 00:00:00,24.0
2025-05-03,1524,DELIVERY_HERO  DELIVERY,12.0,0.5,290.0,251.71,2025-05-03 00:00:00,2025-05-04 00:00:00,24.0
2025-05-03,1526,KIOSKAPI1  API,666.0,27.75,12.0,261.86,2025-05-03 00:00:00,2025-05-04 00:00:00,24.0
2025-05-03,1528,WOLT  WOLT,27.0,1.125,261.0,424.44,2025-05-03 00:00:00,2025-05-04 00:00:00,24.0
2025-05-04,1535,BOLT  BOLT,6.0,0.25,324.0,640.63,2025-05-04 00:00:00,2025-05-05 00:00:00,24.0
2025-05-04,1537,DELIVERY_HERO  DELIVERY,20.0,0.8333333333333334,159.0,251.34,2025-05-04 00:00:00,2025-05-05 00:00:00,24.0
2025-05-04,1539,KIOSKAPI1  API,523.0,21.791666666666668,9.0,263.32,2025-05-04 00:00:00,2025-05-05 00:00:00,24.0
2025-05-04,1541,WOLT  WOLT,17.0,0.7083333333333334,382.0,331.3,2025-05-04 00:00:00,2025-05-05 00:00:00,24.0
2025-05-05,1549,BOLT  BOLT,1.0,0.041666666666666664,324.0,462.5,2025-05-05 00:00:00,2025-05-06 00:00:00,24.0
2025-05-05,1551,DELIVERY_HERO  DELIVERY,19.0,0.7916666666666666,215.0,326.79,2025-05-05 00:00:00,2025-05-06 00:00:00,24.0
2025-05-05,1553,KIOSKAPI1  API,462.0,19.25,15.0,214.7,2025-05-05 00:00:00,2025-05-06 00:00:00,24.0
2025-05-05,1555,WOLT  WOLT,48.0,2.0,247.0,416.29,2025-05-05 00:00:00,2025-05-06 00:00:00,24.0
2025-05-06,1562,BOLT  BOLT,1.0,0.041666666666666664,615.0,468.75,2025-05-06 00:00:00,2025-05-07 00:00:00,24.0
2025-05-06,1564,DELIVERY_HERO  DELIVERY,23.0,0.9583333333333334,330.0,336.57,2025-05-06 00:00:00,2025-05-07 00:00:00,24.0
2025-05-06,1566,KIOSKAPI1  API,481.0,20.041666666666668,12.0,228.92,2025-05-06 00:00:00,2025-05-07 00:00:00,24.0
2025-05-06,1568,WOLT  WOLT,35.0,1.4583333333333333,344.0,349.64,2025-05-06 00:00:00,2025-05-07 00:00:00,24.0
2025-05-07,1576,BOLT  BOLT,4.0,0.16666666666666666,260.0,351.56,2025-05-07 00:00:00,2025-05-08 00:00:00,24.0
2025-05-07,1578,DELIVERY_HERO  DELIVERY,18.0,0.75,358.0,302.93,2025-05-07 00:00:00,2025-05-08 00:00:00,24.0
2025-05-07,1580,KIOSKAPI1  API,482.0,20.083333333333332,11.0,222.1,2025-05-07 00:00:00,2025-05-08 00:00:00,24.0
2025-05-07,1582,WOLT  WOLT,41.0,1.7083333333333333,295.0,341.18,2025-05-07 00:00:00,2025-05-08 00:00:00,24.0
2025-05-08,1590,BOLT  BOLT,3.0,0.125,260.0,281.85,2025-05-08 00:00:00,2025-05-09 00:00:00,24.0
2025-05-08,1592,DELIVERY_HERO  DELIVERY,22.0,0.9166666666666666,237.0,266.76,2025-05-08 00:00:00,2025-05-09 00:00:00,24.0
2025-05-08,1594,KIOSKAPI1  API,641.0,26.708333333333332,11.0,229.05,2025-05-08 00:00:00,2025-05-09 00:00:00,24.0
2025-05-08,1596,WOLT  WOLT,46.0,1.9166666666666667,198.0,350.56,2025-05-08 00:00:00,2025-05-09 00:00:00,24.0
2025-05-09,1604,BOLT  BOLT,3.0,0.125,273.0,351.49,2025-05-09 00:00:00,2025-05-10 00:00:00,24.0
2025-05-09,1606,DELIVERY_HERO  DELIVERY,23.0,0.9583333333333334,297.0,309.08,2025-05-09 00:00:00,2025-05-10 00:00:00,24.0
2025-05-09,1608,KIOSKAPI1  API,739.0,30.791666666666668,20.0,262.3,2025-05-09 00:00:00,2025-05-10 00:00:00,24.0
2025-05-09,1610,WOLT  WOLT,46.0,1.9166666666666667,316.0,375.72,2025-05-09 00:00:00,2025-05-10 00:00:00,24.0
2025-05-10,1616,BOLT  BOLT,5.0,0.20833333333333334,99.0,507.86,2025-05-10 00:00:00,2025-05-11 00:00:00,24.0
2025-05-10,1618,DELIVERY_HERO  DELIVERY,17.0,0.7083333333333334,395.0,342.17,2025-05-10 00:00:00,2025-05-11 00:00:00,24.0
2025-05-10,1620,KIOSKAPI1  API,664.0,27.666666666666668,19.0,255.6,2025-05-10 00:00:00,2025-05-11 00:00:00,24.0
2025-05-10,1622,WOLT  WOLT,46.0,1.9166666666666667,231.0,389.17,2025-05-10 00:00:00,2025-05-11 00:00:00,24.0
2025-05-11,1629,BOLT  BOLT,8.0,0.3333333333333333,350.0,636.5,2025-05-11 00:00:00,2025-05-12 00:00:00,24.0
2025-05-11,1631,DELIVERY_HERO  DELIVERY,19.0,0.7916666666666666,388.0,288.3,2025-05-11 00:00:00,2025-05-12 00:00:00,24.0
2025-05-11,1633,KIOSKAPI1  API,531.0,22.125,9.0,247.06,2025-05-11 00:00:00,2025-05-12 00:00:00,24.0
2025-05-11,1635,WOLT  WOLT,42.0,1.75,246.0,366.84,2025-05-11 00:00:00,2025-05-12 00:00:00,24.0
2025-05-12,1643,BOLT  BOLT,6.0,0.25,253.0,542.86,2025-05-12 00:00:00,2025-05-13 00:00:00,24.0
2025-05-12,1644,DELIVERY_HERO  DELIVERY,7.0,0.2916666666666667,181.0,218.24,2025-05-12 00:00:00,2025-05-13 00:00:00,24.0
2025-05-12,1646,KIOSKAPI1  API,417.0,17.375,10.0,215.88,2025-05-12 00:00:00,2025-05-13 00:00:00,24.0
2025-05-12,1648,WOLT  WOLT,53.0,2.2083333333333335,212.0,358.91,2025-05-12 00:00:00,2025-05-13 00:00:00,24.0
2025-05-13,1654,BOLT  BOLT,2.0,0.08333333333333333,15889.0,246.88,2025-05-13 00:00:00,2025-05-14 00:00:00,24.0
2025-05-13,1655,DELIVERY_HERO  DELIVERY,10.0,0.4166666666666667,258.0,243.93,2025-05-13 00:00:00,2025-05-14 00:00:00,24.0
2025-05-13,1657,KIOSKAPI1  API,377.0,15.708333333333334,9.0,215.67,2025-05-13 00:00:00,2025-05-14 00:00:00,24.0
2025-05-13,1659,WOLT  WOLT,40.0,1.6666666666666667,297.0,387.57,2025-05-13 00:00:00,2025-05-14 00:00:00,24.0
2025-05-14,1665,BOLT  BOLT,8.0,0.3333333333333333,178.0,326.56,2025-05-14 00:00:00,2025-05-15 00:00:00,24.0
2025-05-14,1666,DELIVERY_HERO  DELIVERY,14.0,0.5833333333333334,467.0,338.9,2025-05-14 00:00:00,2025-05-15 00:00:00,24.0
2025-05-14,1668,KIOSKAPI1  API,403.0,16.791666666666668,14.0,206.5,2025-05-14 00:00:00,2025-05-15 00:00:00,24.0
2025-05-14,1670,WOLT  WOLT,38.0,1.5833333333333333,254.0,331.7,2025-05-14 00:00:00,2025-05-15 00:00:00,24.0
2025-05-15,1677,BOLT  BOLT,6.0,0.25,233.0,304.32,2025-05-15 00:00:00,2025-05-16 00:00:00,24.0
2025-05-15,1678,DELIVERY_HERO  DELIVERY,19.0,0.7916666666666666,302.0,255.4,2025-05-15 00:00:00,2025-05-16 00:00:00,24.0
2025-05-15,1680,KIOSKAPI1  API,545.0,22.708333333333332,9.0,235.07,2025-05-15 00:00:00,2025-05-16 00:00:00,24.0
2025-05-15,1682,WOLT  WOLT,29.0,1.2083333333333333,359.0,375.34,2025-05-15 00:00:00,2025-05-16 00:00:00,24.0
2025-05-16,1689,BOLT  BOLT,3.0,0.125,553.0,359.23,2025-05-16 00:00:00,2025-05-17 00:00:00,24.0
2025-05-16,1691,DELIVERY_HERO  DELIVERY,17.0,0.7083333333333334,371.0,289.13,2025-05-16 00:00:00,2025-05-17 00:00:00,24.0
2025-05-16,1693,KIOSKAPI1  API,647.0,26.958333333333332,7.0,257.11,2025-05-16 00:00:00,2025-05-17 00:00:00,24.0
2025-05-16,1695,WOLT  WOLT,34.0,1.4166666666666667,563.0,286.24,2025-05-16 00:00:00,2025-05-17 00:00:00,24.0
2025-05-17,1701,BOLT  BOLT,3.0,0.125,563.0,435.12,2025-05-17 00:00:00,2025-05-18 00:00:00,24.0
2025-05-17,1702,DELIVERY_HERO  DELIVERY,17.0,0.7083333333333334,238.0,331.67,2025-05-17 00:00:00,2025-05-18 00:00:00,24.0
2025-05-17,1704,KIOSKAPI1  API,673.0,28.041666666666668,10.0,260.98,2025-05-17 00:00:00,2025-05-18 00:00:00,24.0
2025-05-17,1706,WOLT  WOLT,37.0,1.5416666666666667,296.0,341.77,2025-05-17 00:00:00,2025-05-18 00:00:00,24.0
2025-05-18,1713,BOLT  BOLT,4.0,0.16666666666666666,237.0,406.25,2025-05-18 00:00:00,2025-05-19 00:00:00,24.0
2025-05-18,1714,DELIVERY_HERO  DELIVERY,14.0,0.5833333333333334,197.0,352.55,2025-05-18 00:00:00,2025-05-19 00:00:00,24.0
2025-05-18,1716,KIOSKAPI1  API,514.0,21.416666666666668,10.0,251.63,2025-05-18 00:00:00,2025-05-19 00:00:00,24.0
2025-05-18,1718,WOLT  WOLT,41.0,1.7083333333333333,376.0,326.85,2025-05-18 00:00:00,2025-05-19 00:00:00,24.0
2025-05-19,1725,BOLT  BOLT,5.0,0.20833333333333334,416.0,439.82,2025-05-19 00:00:00,2025-05-20 00:00:00,24.0
2025-05-19,1726,DELIVERY_HERO  DELIVERY,18.0,0.75,231.0,293.15,2025-05-19 00:00:00,2025-05-20 00:00:00,24.0
2025-05-19,1728,KIOSKAPI1  API,424.0,17.666666666666668,9.0,221.49,2025-05-19 00:00:00,2025-05-20 00:00:00,24.0
2025-05-19,1730,WOLT  WOLT,39.0,1.625,424.0,388.8,2025-05-19 00:00:00,2025-05-20 00:00:00,24.0
2025-05-20,1736,BOLT  BOLT,3.0,0.125,248.0,326.49,2025-05-20 00:00:00,2025-05-21 00:00:00,24.0
2025-05-20,1738,DELIVERY_HERO  DELIVERY,27.0,1.125,247.0,271.69,2025-05-20 00:00:00,2025-05-21 00:00:00,24.0
2025-05-20,1740,KIOSKAPI1  API,511.0,21.291666666666668,18.0,221.41,2025-05-20 00:00:00,2025-05-21 00:00:00,24.0
2025-05-20,1742,WOLT  WOLT,34.0,1.4166666666666667,629.0,324.26,2025-05-20 00:00:00,2025-05-21 00:00:00,24.0
2025-05-21,1749,BOLT  BOLT,4.0,0.16666666666666666,402.0,405.13,2025-05-21 00:00:00,2025-05-22 00:00:00,24.0
2025-05-21,1751,DELIVERY_HERO  DELIVERY,19.0,0.7916666666666666,306.0,325.66,2025-05-21 00:00:00,2025-05-22 00:00:00,24.0
2025-05-21,1753,KIOSKAPI1  API,585.0,24.375,17.0,218.37,2025-05-21 00:00:00,2025-05-22 00:00:00,24.0
2025-05-21,1755,WOLT  WOLT,34.0,1.4166666666666667,242.0,372.51,2025-05-21 00:00:00,2025-05-22 00:00:00,24.0
2025-05-22,1762,BOLT  BOLT,6.0,0.25,546.0,445.39,2025-05-22 00:00:00,2025-05-23 00:00:00,24.0
2025-05-22,1764,DELIVERY_HERO  DELIVERY,17.0,0.7083333333333334,192.0,225.89,2025-05-22 00:00:00,2025-05-23 00:00:00,24.0
2025-05-22,1766,KIOSKAPI1  API,539.0,22.458333333333332,13.0,245.96,2025-05-22 00:00:00,2025-05-23 00:00:00,24.0
2025-05-22,1768,WOLT  WOLT,29.0,1.2083333333333333,194.0,354.09,2025-05-22 00:00:00,2025-05-23 00:00:00,24.0
2025-05-23,1774,BOLT  BOLT,7.0,0.2916666666666667,642.0,368.24,2025-05-23 00:00:00,2025-05-24 00:00:00,24.0
2025-05-23,1776,DELIVERY_HERO  DELIVERY,22.0,0.9166666666666666,226.0,277.35,2025-05-23 00:00:00,2025-05-24 00:00:00,24.0
2025-05-23,1778,KIOSKAPI1  API,656.0,27.333333333333332,10.0,237.47,2025-05-23 00:00:00,2025-05-24 00:00:00,24.0
2025-05-23,1780,WOLT  WOLT,40.0,1.6666666666666667,358.0,368.64,2025-05-23 00:00:00,2025-05-24 00:00:00,24.0
2025-05-24,1787,BOLT  BOLT,4.0,0.16666666666666666,830.0,433.04,2025-05-24 00:00:00,2025-05-25 00:00:00,24.0
2025-05-24,1788,DELIVERY_HERO  DELIVERY,2.0,0.08333333333333333,122.0,166.07,2025-05-24 00:00:00,2025-05-25 00:00:00,24.0
2025-05-24,1790,KIOSKAPI1  API,697.0,29.041666666666668,9.0,259.92,2025-05-24 00:00:00,2025-05-25 00:00:00,24.0
2025-05-24,1792,WOLT  WOLT,47.0,1.9583333333333333,377.0,341.26,2025-05-24 00:00:00,2025-05-25 00:00:00,24.0
2025-05-25,1798,BOLT  BOLT,8.0,0.3333333333333333,304.0,337.28,2025-05-25 00:00:00,2025-05-26 00:00:00,24.0
2025-05-25,1799,DELIVERY_HERO  DELIVERY,12.0,0.5,236.0,268.15,2025-05-25 00:00:00,2025-05-26 00:00:00,24.0
2025-05-25,1801,KIOSKAPI1  API,465.0,19.375,7.0,253.78,2025-05-25 00:00:00,2025-05-26 00:00:00,24.0
2025-05-25,1803,WOLT  WOLT,36.0,1.5,240.0,355.46,2025-05-25 00:00:00,2025-05-26 00:00:00,24.0
2025-05-26,1811,BOLT  BOLT,3.0,0.125,425.0,319.05,2025-05-26 00:00:00,2025-05-27 00:00:00,24.0
2025-05-26,1813,DELIVERY_HERO  DELIVERY,16.0,0.6666666666666666,370.0,346.09,2025-05-26 00:00:00,2025-05-27 00:00:00,24.0
2025-05-26,1815,KIOSKAPI1  API,427.0,17.791666666666668,14.0,218.04,2025-05-26 00:00:00,2025-05-27 00:00:00,24.0
2025-05-26,1817,WOLT  WOLT,31.0,1.2916666666666667,431.0,388.54,2025-05-26 00:00:00,2025-05-27 00:00:00,24.0
2025-05-27,1825,BOLT  BOLT,6.0,0.25,7684.0,325.45,2025-05-27 00:00:00,2025-05-28 00:00:00,24.0
2025-05-27,1827,DELIVERY_HERO  DELIVERY,15.0,0.625,335.0,252.14,2025-05-27 00:00:00,2025-05-28 00:00:00,24.0
2025-05-27,1829,KIOSKAPI1  API,557.0,23.208333333333332,20.0,234.65,2025-05-27 00:00:00,2025-05-28 00:00:00,24.0
2025-05-27,1831,WOLT  WOLT,21.0,0.875,4613.0,369.05,2025-05-27 00:00:00,2025-05-28 00:00:00,24.0
2025-05-28,1838,BOLT  BOLT,7.0,0.2916666666666667,404.0,321.05,2025-05-28 00:00:00,2025-05-29 00:00:00,24.0
2025-05-28,1839,DELIVERY_HERO  DELIVERY,18.0,0.75,340.0,273.21,2025-05-28 00:00:00,2025-05-29 00:00:00,24.0
2025-05-28,1841,KIOSKAPI1  API,533.0,22.208333333333332,14.0,250.76,2025-05-28 00:00:00,2025-05-29 00:00:00,24.0
2025-05-28,1843,WOLT  WOLT,32.0,1.3333333333333333,268.0,373.6,2025-05-28 00:00:00,2025-05-29 00:00:00,24.0
2025-05-29,1849,BOLT  BOLT,3.0,0.125,600.0,416.07,2025-05-29 00:00:00,2025-05-30 00:00:00,24.0
2025-05-29,1851,DELIVERY_HERO  DELIVERY,14.0,0.5833333333333334,283.0,288.2,2025-05-29 00:00:00,2025-05-30 00:00:00,24.0
2025-05-29,1853,KIOSKAPI1  API,675.0,28.125,14.0,234.83,2025-05-29 00:00:00,2025-05-30 00:00:00,24.0
2025-05-29,1855,WOLT  WOLT,22.0,0.9166666666666666,236.0,297.93,2025-05-29 00:00:00,2025-05-30 00:00:00,24.0
2025-05-30,1862,BOLT  BOLT,6.0,0.25,802.0,347.47,2025-05-30 00:00:00,2025-05-31 00:00:00,24.0
2025-05-30,1863,DELIVERY_HERO  DELIVERY,12.0,0.5,574.0,255.28,2025-05-30 00:00:00,2025-05-31 00:00:00,24.0
2025-05-30,1865,KIOSKAPI1  API,768.0,32.0,19.0,257.65,2025-05-30 00:00:00,2025-05-31 00:00:00,24.0
2025-05-30,1867,WOLT  WOLT,37.0,1.5416666666666667,699.0,403.31,2025-05-30 00:00:00,2025-05-31 00:00:00,24.0
2025-05-31,1873,BOLT  BOLT,5.0,0.20833333333333334,572.0,304.46,2025-05-31 00:00:00,2025-06-01 00:00:00,24.0
2025-05-31,1875,DELIVERY_HERO  DELIVERY,21.0,0.875,495.0,372.79,2025-05-31 00:00:00,2025-06-01 00:00:00,24.0
2025-05-31,1877,KIOSKAPI1  API,761.0,31.708333333333332,16.0,274.57,2025-05-31 00:00:00,2025-06-01 00:00:00,24.0
2025-05-31,1879,WOLT  WOLT,39.0,1.625,480.0,367.45,2025-05-31 00:00:00,2025-06-01 00:00:00,24.0
2025-06-01,1885,BOLT  BOLT,2.0,0.08333333333333333,729.0,421.88,2025-06-01 00:00:00,2025-06-02 00:00:00,24.0
2025-06-01,1886,DELIVERY_HERO  DELIVERY,12.0,0.5,127.0,343.97,2025-06-01 00:00:00,2025-06-02 00:00:00,24.0
2025-06-01,1888,KIOSKAPI1  API,521.0,21.708333333333332,10.0,243.07,2025-06-01 00:00:00,2025-06-02 00:00:00,24.0
2025-06-01,1890,WOLT  WOLT,31.0,1.2916666666666667,335.0,350.29,2025-06-01 00:00:00,2025-06-02 00:00:00,24.0
2025-06-02,1897,BOLT  BOLT,1.0,0.041666666666666664,718.0,236.61,2025-06-02 00:00:00,2025-06-03 00:00:00,24.0
2025-06-02,1898,DELIVERY_HERO  DELIVERY,17.0,0.7083333333333334,379.0,293.22,2025-06-02 00:00:00,2025-06-03 00:00:00,24.0
2025-06-02,1900,KIOSKAPI1  API,480.0,20.0,12.0,228.79,2025-06-02 00:00:00,2025-06-03 00:00:00,24.0
2025-06-02,1901,WOLT  WOLT,18.0,0.75,452.0,301.14,2025-06-02 00:00:00,2025-06-03 00:00:00,24.0
2025-06-03,1909,BOLT  BOLT,3.0,0.125,313.0,316.67,2025-06-03 00:00:00,2025-06-04 00:00:00,24.0
2025-06-03,1910,DELIVERY_HERO  DELIVERY,7.0,0.2916666666666667,196.0,360.08,2025-06-03 00:00:00,2025-06-04 00:00:00,24.0
2025-06-03,1912,KIOSKAPI1  API,596.0,24.833333333333332,23.0,218.02,2025-06-03 00:00:00,2025-06-04 00:00:00,24.0
2025-06-03,1914,WOLT  WOLT,27.0,1.125,400.0,373.78,2025-06-03 00:00:00,2025-06-04 00:00:00,24.0
2025-06-04,1920,BOLT  BOLT,4.0,0.16666666666666666,372.0,685.49,2025-06-04 00:00:00,2025-06-05 00:00:00,24.0
2025-06-04,1921,DELIVERY_HERO  DELIVERY,9.0,0.375,297.0,352.28,2025-06-04 00:00:00,2025-06-05 00:00:00,24.0
2025-06-04,1923,KIOSKAPI1  API,526.0,21.916666666666668,13.0,237.31,2025-06-04 00:00:00,2025-06-05 00:00:00,24.0
2025-06-04,1925,WOLT  WOLT,26.0,1.0833333333333333,298.0,365.83,2025-06-04 00:00:00,2025-06-05 00:00:00,24.0
2025-06-05,1931,BOLT  BOLT,5.0,0.20833333333333334,310.0,410.71,2025-06-05 00:00:00,2025-06-06 00:00:00,24.0
2025-06-05,1932,DELIVERY_HERO  DELIVERY,13.0,0.5416666666666666,234.0,270.88,2025-06-05 00:00:00,2025-06-06 00:00:00,24.0
2025-06-05,1934,KIOSKAPI1  API,623.0,25.958333333333332,17.0,229.71,2025-06-05 00:00:00,2025-06-06 00:00:00,24.0
2025-06-05,1936,WOLT  WOLT,24.0,1.0,251.0,313.69,2025-06-05 00:00:00,2025-06-06 00:00:00,24.0
2025-06-06,1944,BOLT  BOLT,14.0,0.5833333333333334,321.0,345.47,2025-06-06 00:00:00,2025-06-07 00:00:00,24.0
2025-06-06,1946,DELIVERY_HERO  DELIVERY,16.0,0.6666666666666666,301.0,454.8,2025-06-06 00:00:00,2025-06-07 00:00:00,24.0
2025-06-06,1948,KIOSKAPI1  API,633.0,26.375,29.0,241.27,2025-06-06 00:00:00,2025-06-07 00:00:00,24.0
2025-06-06,1950,WOLT  WOLT,28.0,1.1666666666666667,389.0,349.39,2025-06-06 00:00:00,2025-06-07 00:00:00,24.0
2025-06-07,1956,BOLT  BOLT,5.0,0.20833333333333334,511.0,333.75,2025-06-07 00:00:00,2025-06-08 00:00:00,24.0
2025-06-07,1958,DELIVERY_HERO  DELIVERY,16.0,0.6666666666666666,416.0,374.72,2025-06-07 00:00:00,2025-06-08 00:00:00,24.0
2025-06-07,1960,KIOSKAPI1  API,711.0,29.625,13.0,270.99,2025-06-07 00:00:00,2025-06-08 00:00:00,24.0
2025-06-07,1962,WOLT  WOLT,25.0,1.0416666666666667,378.0,374.86,2025-06-07 00:00:00,2025-06-08 00:00:00,24.0
2025-06-08,1968,BOLT  BOLT,9.0,0.375,571.0,533.83,2025-06-08 00:00:00,2025-06-09 00:00:00,24.0
2025-06-08,1969,DELIVERY_HERO  DELIVERY,7.0,0.2916666666666667,421.0,436.61,2025-06-08 00:00:00,2025-06-09 00:00:00,24.0
2025-06-08,1971,KIOSKAPI1  API,634.0,26.416666666666668,11.0,271.73,2025-06-08 00:00:00,2025-06-09 00:00:00,24.0
2025-06-08,1973,WOLT  WOLT,23.0,0.9583333333333334,348.0,328.84,2025-06-08 00:00:00,2025-06-09 00:00:00,24.0
2025-06-09,1979,BOLT  BOLT,7.0,0.2916666666666667,381.0,419.01,2025-06-09 00:00:00,2025-06-10 00:00:00,24.0
2025-06-09,1980,DELIVERY_HERO  DELIVERY,20.0,0.8333333333333334,448.0,366.07,2025-06-09 00:00:00,2025-06-10 00:00:00,24.0
2025-06-09,1982,KIOSKAPI1  API,578.0,24.083333333333332,17.0,253.3,2025-06-09 00:00:00,2025-06-10 00:00:00,24.0
2025-06-09,1984,WOLT  WOLT,24.0,1.0,518.0,404.8,2025-06-09 00:00:00,2025-06-10 00:00:00,24.0
2025-06-10,1991,BOLT  BOLT,6.0,0.25,515.0,412.2,2025-06-10 00:00:00,2025-06-11 00:00:00,24.0
2025-06-10,1993,DELIVERY_HERO  DELIVERY,14.0,0.5833333333333334,334.0,344.13,2025-06-10 00:00:00,2025-06-11 00:00:00,24.0
2025-06-10,1995,KIOSKAPI1  API,578.0,24.083333333333332,13.0,221.8,2025-06-10 00:00:00,2025-06-11 00:00:00,24.0
2025-06-10,1996,WOLT  WOLT,13.0,0.5416666666666666,2581.0,403.64,2025-06-10 00:00:00,2025-06-11 00:00:00,24.0
2025-06-11,2004,BOLT  BOLT,3.0,0.125,476.0,606.25,2025-06-11 00:00:00,2025-06-12 00:00:00,24.0
2025-06-11,2005,DELIVERY_HERO  DELIVERY,13.0,0.5416666666666666,300.0,363.94,2025-06-11 00:00:00,2025-06-12 00:00:00,24.0
2025-06-11,2007,KIOSKAPI1  API,401.0,16.708333333333332,9.0,231.82,2025-06-11 00:00:00,2025-06-12 00:00:00,24.0
2025-06-11,2009,WOLT  WOLT,30.0,1.25,383.0,433.01,2025-06-11 00:00:00,2025-06-12 00:00:00,24.0
2025-06-12,2015,BOLT  BOLT,4.0,0.16666666666666666,658.0,539.29,2025-06-12 00:00:00,2025-06-13 00:00:00,24.0
2025-06-12,2016,DELIVERY_HERO  DELIVERY,8.0,0.3333333333333333,239.0,320.87,2025-06-12 00:00:00,2025-06-13 00:00:00,24.0
2025-06-12,2018,KIOSKAPI1  API,641.0,26.708333333333332,14.0,219.55,2025-06-12 00:00:00,2025-06-13 00:00:00,24.0
2025-06-12,2020,WOLT  WOLT,28.0,1.1666666666666667,389.0,395.89,2025-06-12 00:00:00,2025-06-13 00:00:00,24.0
2025-06-13,2028,BOLT  BOLT,2.0,0.08333333333333333,218.0,584.82,2025-06-13 00:00:00,2025-06-14 00:00:00,24.0
2025-06-13,2030,DELIVERY_HERO  DELIVERY,21.0,0.875,273.0,289.67,2025-06-13 00:00:00,2025-06-14 00:00:00,24.0
2025-06-13,2032,KIOSKAPI1  API,622.0,25.916666666666668,15.0,230.74,2025-06-13 00:00:00,2025-06-14 00:00:00,24.0
2025-06-13,2034,WOLT  WOLT,30.0,1.25,498.0,377.35,2025-06-13 00:00:00,2025-06-14 00:00:00,24.0
2025-06-14,2040,BOLT  BOLT,9.0,0.375,450.0,431.65,2025-06-14 00:00:00,2025-06-15 00:00:00,24.0
2025-06-14,2042,DELIVERY_HERO  DELIVERY,24.0,1.0,266.0,316.33,2025-06-14 00:00:00,2025-06-15 00:00:00,24.0
2025-06-14,2044,KIOSKAPI1  API,669.0,27.875,25.0,260.14,2025-06-14 00:00:00,2025-06-15 00:00:00,24.0
2025-06-14,2046,WOLT  WOLT,26.0,1.0833333333333333,287.0,354.33,2025-06-14 00:00:00,2025-06-15 00:00:00,24.0
2025-06-15,2052,BOLT  BOLT,8.0,0.3333333333333333,251.0,415.63,2025-06-15 00:00:00,2025-06-16 00:00:00,24.0
2025-06-15,2054,DELIVERY_HERO  DELIVERY,18.0,0.75,370.0,350.79,2025-06-15 00:00:00,2025-06-16 00:00:00,24.0
2025-06-15,2056,KIOSKAPI1  API,480.0,20.0,13.0,275.55,2025-06-15 00:00:00,2025-06-16 00:00:00,24.0
2025-06-15,2058,WOLT  WOLT,26.0,1.0833333333333333,341.0,354.12,2025-06-15 00:00:00,2025-06-16 00:00:00,24.0
2025-06-16,2065,BOLT  BOLT,6.0,0.25,387.0,372.02,2025-06-16 00:00:00,2025-06-17 00:00:00,24.0
2025-06-16,2067,DELIVERY_HERO  DELIVERY,16.0,0.6666666666666666,333.0,316.69,2025-06-16 00:00:00,2025-06-17 00:00:00,24.0
2025-06-16,2069,KIOSKAPI1  API,483.0,20.125,11.0,217.55,2025-06-16 00:00:00,2025-06-17 00:00:00,24.0
2025-06-16,2071,WOLT  WOLT,29.0,1.2083333333333333,301.0,377.16,2025-06-16 00:00:00,2025-06-17 00:00:00,24.0
2025-06-17,2077,BOLT  BOLT,4.0,0.16666666666666666,594.0,338.62,2025-06-17 00:00:00,2025-06-18 00:00:00,24.0
2025-06-17,2078,DELIVERY_HERO  DELIVERY,12.0,0.5,290.0,300.37,2025-06-17 00:00:00,2025-06-18 00:00:00,24.0
2025-06-17,2080,KIOSKAPI1  API,590.0,24.583333333333332,16.0,222.99,2025-06-17 00:00:00,2025-06-18 00:00:00,24.0
2025-06-17,2081,WOLT  WOLT,17.0,0.7083333333333334,238.0,355.15,2025-06-17 00:00:00,2025-06-18 00:00:00,24.0
2025-06-18,2088,BOLT  BOLT,4.0,0.16666666666666666,445.0,860.27,2025-06-18 00:00:00,2025-06-19 00:00:00,24.0
2025-06-18,2089,DELIVERY_HERO  DELIVERY,9.0,0.375,239.0,374.01,2025-06-18 00:00:00,2025-06-19 00:00:00,24.0
2025-06-18,2091,KIOSKAPI1  API,589.0,24.541666666666668,9.0,227.97,2025-06-18 00:00:00,2025-06-19 00:00:00,24.0
2025-06-18,2093,WOLT  WOLT,25.0,1.0416666666666667,364.0,384.39,2025-06-18 00:00:00,2025-06-19 00:00:00,24.0
2025-06-19,2100,BOLT  BOLT,3.0,0.125,239.0,515.77,2025-06-19 00:00:00,2025-06-20 00:00:00,24.0
2025-06-19,2101,DELIVERY_HERO  DELIVERY,14.0,0.5833333333333334,249.0,365.11,2025-06-19 00:00:00,2025-06-20 00:00:00,24.0
2025-06-19,2103,KIOSKAPI1  API,581.0,24.208333333333332,7.0,217.11,2025-06-19 00:00:00,2025-06-20 00:00:00,24.0
2025-06-19,2105,WOLT  WOLT,25.0,1.0416666666666667,286.0,329.93,2025-06-19 00:00:00,2025-06-20 00:00:00,24.0
2025-06-20,2112,BOLT  BOLT,7.0,0.2916666666666667,317.0,295.54,2025-06-20 00:00:00,2025-06-21 00:00:00,24.0
2025-06-20,2113,DELIVERY_HERO  DELIVERY,13.0,0.5416666666666666,311.0,391.21,2025-06-20 00:00:00,2025-06-21 00:00:00,24.0
2025-06-20,2115,KIOSKAPI1  API,676.0,28.166666666666668,9.0,231.99,2025-06-20 00:00:00,2025-06-21 00:00:00,24.0
2025-06-20,2117,WOLT  WOLT,29.0,1.2083333333333333,269.0,336.48,2025-06-20 00:00:00,2025-06-21 00:00:00,24.0
2025-06-21,2124,BOLT  BOLT,3.0,0.125,716.0,319.05,2025-06-21 00:00:00,2025-06-22 00:00:00,24.0
2025-06-21,2125,DELIVERY_HERO  DELIVERY,8.0,0.3333333333333333,297.0,568.75,2025-06-21 00:00:00,2025-06-22 00:00:00,24.0
2025-06-21,2127,KIOSKAPI1  API,686.0,28.583333333333332,11.0,260.29,2025-06-21 00:00:00,2025-06-22 00:00:00,24.0
2025-06-21,2129,WOLT  WOLT,22.0,0.9166666666666666,300.0,362.78,2025-06-21 00:00:00,2025-06-22 00:00:00,24.0
2025-06-22,2133,BOLT  BOLT,4.0,0.16666666666666666,858.0,283.48,2025-06-22 00:00:00,2025-06-23 00:00:00,24.0
2025-06-22,2134,DELIVERY_HERO  DELIVERY,7.0,0.2916666666666667,223.0,392.6,2025-06-22 00:00:00,2025-06-23 00:00:00,24.0
2025-06-22,2136,KIOSKAPI1  API,541.0,22.541666666666668,10.0,233.45,2025-06-22 00:00:00,2025-06-23 00:00:00,24.0
2025-06-22,2138,WOLT  WOLT,26.0,1.0833333333333333,512.0,305.94,2025-06-22 00:00:00,2025-06-23 00:00:00,24.0
2025-06-23,2145,BOLT  BOLT,5.0,0.20833333333333334,264.0,525.71,2025-06-23 00:00:00,2025-06-24 00:00:00,24.0
2025-06-23,2147,DELIVERY_HERO  DELIVERY,16.0,0.6666666666666666,423.0,346.6,2025-06-23 00:00:00,2025-06-24 00:00:00,24.0
2025-06-23,2149,KIOSKAPI1  API,489.0,20.375,7.0,222.01,2025-06-23 00:00:00,2025-06-24 00:00:00,24.0
2025-06-23,2151,WOLT  WOLT,24.0,1.0,405.0,362.31,2025-06-23 00:00:00,2025-06-24 00:00:00,24.0
2025-06-24,2157,BOLT  BOLT,4.0,0.16666666666666666,443.0,241.07,2025-06-24 00:00:00,2025-06-25 00:00:00,24.0
2025-06-24,2159,DELIVERY_HERO  DELIVERY,17.0,0.7083333333333334,223.0,316.49,2025-06-24 00:00:00,2025-06-25 00:00:00,24.0
2025-06-24,2161,KIOSKAPI1  API,494.0,20.583333333333332,11.0,218.1,2025-06-24 00:00:00,2025-06-25 00:00:00,24.0
2025-06-24,2162,WOLT  WOLT,16.0,0.6666666666666666,272.0,427.51,2025-06-24 00:00:00,2025-06-25 00:00:00,24.0
2025-06-25,2170,BOLT  BOLT,7.0,0.2916666666666667,242.0,549.49,2025-06-25 00:00:00,2025-06-26 00:00:00,24.0
2025-06-25,2171,DELIVERY_HERO  DELIVERY,13.0,0.5416666666666666,170.0,391.48,2025-06-25 00:00:00,2025-06-26 00:00:00,24.0
2025-06-25,2173,KIOSKAPI1  API,525.0,21.875,9.0,223.0,2025-06-25 00:00:00,2025-06-26 00:00:00,24.0
2025-06-25,2175,WOLT  WOLT,25.0,1.0416666666666667,234.0,423.07,2025-06-25 00:00:00,2025-06-26 00:00:00,24.0
2025-06-26,2180,BOLT  BOLT,4.0,0.16666666666666666,264.0,559.6,2025-06-26 00:00:00,2025-06-27 00:00:00,24.0
2025-06-26,2181,DELIVERY_HERO  DELIVERY,9.0,0.375,405.0,279.86,2025-06-26 00:00:00,2025-06-27 00:00:00,24.0
2025-06-26,2183,KIOSKAPI1  API,547.0,22.791666666666668,8.0,231.68,2025-06-26 00:00:00,2025-06-27 00:00:00,24.0
2025-06-26,2185,WOLT  WOLT,27.0,1.125,288.0,381.55,2025-06-26 00:00:00,2025-06-27 00:00:00,24.0
2025-06-27,2193,BOLT  BOLT,3.0,0.125,376.0,293.15,2025-06-27 00:00:00,2025-06-28 00:00:00,24.0
2025-06-27,2194,DELIVERY_HERO  DELIVERY,11.0,0.4583333333333333,330.0,380.19,2025-06-27 00:00:00,2025-06-28 00:00:00,24.0
2025-06-27,2196,KIOSKAPI1  API,624.0,26.0,8.0,222.62,2025-06-27 00:00:00,2025-06-28 00:00:00,24.0
2025-06-27,2198,WOLT  WOLT,31.0,1.2916666666666667,671.0,357.17,2025-06-27 00:00:00,2025-06-28 00:00:00,24.0
2025-06-28,2204,BOLT  BOLT,4.0,0.16666666666666666,528.0,371.21,2025-06-28 00:00:00,2025-06-29 00:00:00,24.0
2025-06-28,2206,DELIVERY_HERO  DELIVERY,18.0,0.75,265.0,321.43,2025-06-28 00:00:00,2025-06-29 00:00:00,24.0
2025-06-28,2208,KIOSKAPI1  API,609.0,25.375,13.0,227.51,2025-06-28 00:00:00,2025-06-29 00:00:00,24.0
2025-06-28,2210,WOLT  WOLT,30.0,1.25,300.0,348.72,2025-06-28 00:00:00,2025-06-29 00:00:00,24.0
2025-06-29,2217,BOLT  BOLT,4.0,0.16666666666666666,728.0,212.95,2025-06-29 00:00:00,2025-06-30 00:00:00,24.0
2025-06-29,2218,DELIVERY_HERO  DELIVERY,14.0,0.5833333333333334,321.0,359.18,2025-06-29 00:00:00,2025-06-30 00:00:00,24.0
2025-06-29,2220,KIOSKAPI1  API,518.0,21.583333333333332,9.0,264.49,2025-06-29 00:00:00,2025-06-30 00:00:00,24.0
2025-06-29,2222,WOLT  WOLT,36.0,1.5,298.0,354.41,2025-06-29 00:00:00,2025-06-30 00:00:00,24.0
2025-06-30,2229,BOLT  BOLT,5.0,0.20833333333333334,236.0,285.36,2025-06-30 00:00:00,2025-07-01 00:00:00,24.0
2025-06-30,2230,DELIVERY_HERO  DELIVERY,16.0,0.6666666666666666,248.0,290.07,2025-06-30 00:00:00,2025-07-01 00:00:00,24.0
2025-06-30,2232,KIOSKAPI1  API,480.0,20.0,14.0,218.89,2025-06-30 00:00:00,2025-07-01 00:00:00,24.0
2025-06-30,2234,WOLT  WOLT,19.0,0.7916666666666666,435.0,329.84,2025-06-30 00:00:00,2025-07-01 00:00:00,24.0
2025-07-01,2240,BOLT  BOLT,6.0,0.25,101.0,499.85,2025-07-01 00:00:00,2025-07-02 00:00:00,24.0
2025-07-01,2241,DELIVERY_HERO  DELIVERY,12.0,0.5,78.0,334.3,2025-07-01 00:00:00,2025-07-02 00:00:00,24.0
2025-07-01,2243,KIOSKAPI1  API,383.0,15.958333333333334,5.0,224.97,2025-07-01 00:00:00,2025-07-02 00:00:00,24.0
2025-07-01,2245,WOLT  WOLT,32.0,1.3333333333333333,173.0,315.82,2025-07-01 00:00:00,2025-07-02 00:00:00,24.0
2025-07-02,2251,BOLT  BOLT,9.0,0.375,251.0,332.44,2025-07-02 00:00:00,2025-07-03 00:00:00,24.0
2025-07-02,2252,DELIVERY_HERO  DELIVERY,12.0,0.5,297.0,351.49,2025-07-02 00:00:00,2025-07-03 00:00:00,24.0
2025-07-02,2254,KIOSKAPI1  API,515.0,21.458333333333332,16.0,235.4,2025-07-02 00:00:00,2025-07-03 00:00:00,24.0
2025-07-02,2256,WOLT  WOLT,27.0,1.125,180.0,370.67,2025-07-02 00:00:00,2025-07-03 00:00:00,24.0
2025-07-03,2261,BOLT  BOLT,1.0,0.041666666666666664,1496.0,218.75,2025-07-03 00:00:00,2025-07-04 00:00:00,24.0
2025-07-03,2262,DELIVERY_HERO  DELIVERY,8.0,0.3333333333333333,367.0,321.43,2025-07-03 00:00:00,2025-07-04 00:00:00,24.0
2025-07-03,2264,KIOSKAPI1  API,490.0,20.416666666666668,10.0,224.82,2025-07-03 00:00:00,2025-07-04 00:00:00,24.0
2025-07-03,2266,WOLT  WOLT,27.0,1.125,256.0,402.18,2025-07-03 00:00:00,2025-07-04 00:00:00,24.0
2025-07-04,2272,BOLT  BOLT,1.0,0.041666666666666664,389.0,237.5,2025-07-04 00:00:00,2025-07-05 00:00:00,24.0
2025-07-04,2274,DELIVERY_HERO  DELIVERY,17.0,0.7083333333333334,229.0,325.42,2025-07-04 00:00:00,2025-07-05 00:00:00,24.0
2025-07-04,2276,KIOSKAPI1  API,574.0,23.916666666666668,9.0,232.58,2025-07-04 00:00:00,2025-07-05 00:00:00,24.0
2025-07-04,2278,WOLT  WOLT,17.0,0.7083333333333334,196.0,356.46,2025-07-04 00:00:00,2025-07-05 00:00:00,24.0
2025-07-05,2284,BOLT  BOLT,6.0,0.25,207.0,498.81,2025-07-05 00:00:00,2025-07-06 00:00:00,24.0
2025-07-05,2286,DELIVERY_HERO  DELIVERY,17.0,0.7083333333333334,257.0,343.17,2025-07-05 00:00:00,2025-07-06 00:00:00,24.0
2025-07-05,2288,KIOSKAPI1  API,597.0,24.875,10.0,253.07,2025-07-05 00:00:00,2025-07-06 00:00:00,24.0
2025-07-05,2290,WOLT  WOLT,21.0,0.875,187.0,365.99,2025-07-05 00:00:00,2025-07-06 00:00:00,24.0
2025-07-06,2296,BOLT  BOLT,3.0,0.125,211.0,223.81,2025-07-06 00:00:00,2025-07-07 00:00:00,24.0
2025-07-06,2297,DELIVERY_HERO  DELIVERY,8.0,0.3333333333333333,240.0,341.41,2025-07-06 00:00:00,2025-07-07 00:00:00,24.0
2025-07-06,2299,KIOSKAPI1  API,555.0,23.125,8.0,239.66,2025-07-06 00:00:00,2025-07-07 00:00:00,24.0
2025-07-06,2301,WOLT  WOLT,31.0,1.2916666666666667,350.0,350.66,2025-07-06 00:00:00,2025-07-07 00:00:00,24.0
2025-07-07,2306,BOLT  BOLT,5.0,0.20833333333333334,690.0,400.18,2025-07-07 00:00:00,2025-07-08 00:00:00,24.0
2025-07-07,2307,DELIVERY_HERO  DELIVERY,13.0,0.5416666666666666,267.0,355.7,2025-07-07 00:00:00,2025-07-08 00:00:00,24.0
2025-07-07,2309,KIOSKAPI1  API,550.0,22.916666666666668,7.0,228.04,2025-07-07 00:00:00,2025-07-08 00:00:00,24.0
2025-07-07,2311,WOLT  WOLT,38.0,1.5833333333333333,321.0,292.74,2025-07-07 00:00:00,2025-07-08 00:00:00,24.0
2025-07-08,2317,BOLT  BOLT,10.0,0.4166666666666667,168.0,400.54,2025-07-08 00:00:00,2025-07-09 00:00:00,24.0
2025-07-08,2319,DELIVERY_HERO  DELIVERY,11.0,0.4583333333333333,346.0,428.17,2025-07-08 00:00:00,2025-07-09 00:00:00,24.0
2025-07-08,2321,KIOSKAPI1  API,490.0,20.416666666666668,6.0,233.43,2025-07-08 00:00:00,2025-07-09 00:00:00,24.0
2025-07-08,2323,WOLT  WOLT,62.0,2.5833333333333335,252.0,302.72,2025-07-08 00:00:00,2025-07-09 00:00:00,24.0
2025-07-09,2328,BOLT  BOLT,6.0,0.25,253.0,375.89,2025-07-09 00:00:00,2025-07-10 00:00:00,24.0
2025-07-09,2330,DELIVERY_HERO  DELIVERY,14.0,0.5833333333333334,359.0,406.19,2025-07-09 00:00:00,2025-07-10 00:00:00,24.0
2025-07-09,2332,KIOSKAPI1  API,561.0,23.375,13.0,254.38,2025-07-09 00:00:00,2025-07-10 00:00:00,24.0
2025-07-09,2334,WOLT  WOLT,68.0,2.8333333333333335,407.0,319.5,2025-07-09 00:00:00,2025-07-10 00:00:00,24.0
2025-07-10,2341,BOLT  BOLT,2.0,0.08333333333333333,294.0,640.63,2025-07-10 00:00:00,2025-07-11 00:00:00,24.0
2025-07-10,2343,DELIVERY_HERO  DELIVERY,16.0,0.6666666666666666,583.0,334.54,2025-07-10 00:00:00,2025-07-11 00:00:00,24.0
2025-07-10,2345,KIOSKAPI1  API,547.0,22.791666666666668,11.0,227.88,2025-07-10 00:00:00,2025-07-11 00:00:00,24.0
2025-07-10,2347,WOLT  WOLT,43.0,1.7916666666666667,385.0,310.84,2025-07-10 00:00:00,2025-07-11 00:00:00,24.0
2025-07-11,2353,BOLT  BOLT,4.0,0.16666666666666666,113.0,224.33,2025-07-11 00:00:00,2025-07-12 00:00:00,24.0
2025-07-11,2354,DELIVERY_HERO  DELIVERY,10.0,0.4166666666666667,244.0,293.39,2025-07-11 00:00:00,2025-07-12 00:00:00,24.0
2025-07-11,2356,KIOSKAPI1  API,576.0,24.0,8.0,234.97,2025-07-11 00:00:00,2025-07-12 00:00:00,24.0
2025-07-11,2358,WOLT  WOLT,36.0,1.5,259.0,316.72,2025-07-11 00:00:00,2025-07-12 00:00:00,24.0
2025-07-12,2365,DELIVERY_HERO  DELIVERY,16.0,0.6666666666666666,613.0,367.58,2025-07-12 00:00:00,2025-07-13 00:00:00,24.0
2025-07-12,2367,KIOSKAPI1  API,665.0,27.708333333333332,14.0,276.61,2025-07-12 00:00:00,2025-07-13 00:00:00,24.0
2025-07-12,2369,WOLT  WOLT,36.0,1.5,438.0,323.59,2025-07-12 00:00:00,2025-07-13 00:00:00,24.0
2025-07-13,2376,BOLT  BOLT,8.0,0.3333333333333333,514.0,410.6,2025-07-13 00:00:00,2025-07-14 00:00:00,24.0
2025-07-13,2377,DELIVERY_HERO  DELIVERY,4.0,0.16666666666666666,662.0,223.44,2025-07-13 00:00:00,2025-07-14 00:00:00,24.0
2025-07-13,2379,KIOSKAPI1  API,554.0,23.083333333333332,8.0,239.09,2025-07-13 00:00:00,2025-07-14 00:00:00,24.0
2025-07-13,2381,WOLT  WOLT,55.0,2.2916666666666665,248.0,312.6,2025-07-13 00:00:00,2025-07-14 00:00:00,24.0
2025-07-14,2388,BOLT  BOLT,6.0,0.25,732.0,532.59,2025-07-14 00:00:00,2025-07-15 00:00:00,24.0
2025-07-14,2389,DELIVERY_HERO  DELIVERY,10.0,0.4166666666666667,368.0,251.96,2025-07-14 00:00:00,2025-07-15 00:00:00,24.0
2025-07-14,2391,KIOSKAPI1  API,578.0,24.083333333333332,14.0,235.8,2025-07-14 00:00:00,2025-07-15 00:00:00,24.0
2025-07-14,2393,WOLT  WOLT,55.0,2.2916666666666665,391.0,328.23,2025-07-14 00:00:00,2025-07-15 00:00:00,24.0
2025-07-15,2400,BOLT  BOLT,7.0,0.2916666666666667,230.0,484.06,2025-07-15 00:00:00,2025-07-16 00:00:00,24.0
2025-07-15,2401,DELIVERY_HERO  DELIVERY,8.0,0.3333333333333333,214.0,317.08,2025-07-15 00:00:00,2025-07-16 00:00:00,24.0
2025-07-15,2403,KIOSKAPI1  API,482.0,20.083333333333332,10.0,252.53,2025-07-15 00:00:00,2025-07-16 00:00:00,24.0
2025-07-15,2405,WOLT  WOLT,48.0,2.0,311.0,306.58,2025-07-15 00:00:00,2025-07-16 00:00:00,24.0
2025-07-16,2411,BOLT  BOLT,3.0,0.125,478.0,368.45,2025-07-16 00:00:00,2025-07-17 00:00:00,24.0
2025-07-16,2412,DELIVERY_HERO  DELIVERY,10.0,0.4166666666666667,311.0,348.13,2025-07-16 00:00:00,2025-07-17 00:00:00,24.0
2025-07-16,2414,KIOSKAPI1  API,589.0,24.541666666666668,8.0,244.29,2025-07-16 00:00:00,2025-07-17 00:00:00,24.0
2025-07-16,2416,WOLT  WOLT,29.0,1.2083333333333333,204.0,266.16,2025-07-16 00:00:00,2025-07-17 00:00:00,24.0
2025-07-17,2422,BOLT  BOLT,6.0,0.25,145.0,428.27,2025-07-17 00:00:00,2025-07-18 00:00:00,24.0
2025-07-17,2424,DELIVERY_HERO  DELIVERY,15.0,0.625,169.0,300.54,2025-07-17 00:00:00,2025-07-18 00:00:00,24.0
2025-07-17,2426,KIOSKAPI1  API,560.0,23.333333333333332,8.0,246.49,2025-07-17 00:00:00,2025-07-18 00:00:00,24.0
2025-07-17,2428,WOLT  WOLT,25.0,1.0416666666666667,241.0,298.0,2025-07-17 00:00:00,2025-07-18 00:00:00,24.0
2025-07-18,2436,BOLT  BOLT,10.0,0.4166666666666667,313.0,416.07,2025-07-18 00:00:00,2025-07-19 00:00:00,24.0
2025-07-18,2437,DELIVERY_HERO  DELIVERY,12.0,0.5,465.0,366.52,2025-07-18 00:00:00,2025-07-19 00:00:00,24.0
2025-07-18,2439,KIOSKAPI1  API,642.0,26.75,7.0,245.48,2025-07-18 00:00:00,2025-07-19 00:00:00,24.0
2025-07-18,2441,WOLT  WOLT,36.0,1.5,321.0,320.24,2025-07-18 00:00:00,2025-07-19 00:00:00,24.0
2025-07-19,2447,BOLT  BOLT,6.0,0.25,248.0,367.71,2025-07-19 00:00:00,2025-07-20 00:00:00,24.0
2025-07-19,2448,DELIVERY_HERO  DELIVERY,9.0,0.375,354.0,407.94,2025-07-19 00:00:00,2025-07-20 00:00:00,24.0
2025-07-19,2450,KIOSKAPI1  API,647.0,26.958333333333332,14.0,258.08,2025-07-19 00:00:00,2025-07-20 00:00:00,24.0
2025-07-19,2452,WOLT  WOLT,32.0,1.3333333333333333,349.0,301.59,2025-07-19 00:00:00,2025-07-20 00:00:00,24.0
2025-07-20,2459,BOLT  BOLT,5.0,0.20833333333333334,557.0,278.93,2025-07-20 00:00:00,2025-07-21 00:00:00,24.0
2025-07-20,2460,DELIVERY_HERO  DELIVERY,9.0,0.375,267.0,300.5,2025-07-20 00:00:00,2025-07-21 00:00:00,24.0
2025-07-20,2462,KIOSKAPI1  API,569.0,23.708333333333332,8.0,251.26,2025-07-20 00:00:00,2025-07-21 00:00:00,24.0
2025-07-20,2464,WOLT  WOLT,33.0,1.375,193.0,329.06,2025-07-20 00:00:00,2025-07-21 00:00:00,24.0
2025-07-21,2471,BOLT  BOLT,3.0,0.125,294.0,569.64,2025-07-21 00:00:00,2025-07-22 00:00:00,24.0
2025-07-21,2472,DELIVERY_HERO  DELIVERY,7.0,0.2916666666666667,100.0,293.24,2025-07-21 00:00:00,2025-07-22 00:00:00,24.0
2025-07-21,2474,KIOSKAPI1  API,529.0,22.041666666666668,11.0,246.52,2025-07-21 00:00:00,2025-07-22 00:00:00,24.0
2025-07-21,2476,WOLT  WOLT,27.0,1.125,262.0,335.98,2025-07-21 00:00:00,2025-07-22 00:00:00,24.0
2025-07-22,2482,DELIVERY_HERO  DELIVERY,10.0,0.4166666666666667,199.0,318.66,2025-07-22 00:00:00,2025-07-23 00:00:00,24.0
2025-07-22,2484,KIOSKAPI1  API,512.0,21.333333333333332,8.0,263.86,2025-07-22 00:00:00,2025-07-23 00:00:00,24.0
2025-07-22,2486,WOLT  WOLT,29.0,1.2083333333333333,324.0,319.83,2025-07-22 00:00:00,2025-07-23 00:00:00,24.0
2025-07-23,2493,BOLT  BOLT,6.0,0.25,341.0,350.74,2025-07-23 00:00:00,2025-07-24 00:00:00,24.0
2025-07-23,2494,DELIVERY_HERO  DELIVERY,7.0,0.2916666666666667,152.0,245.03,2025-07-23 00:00:00,2025-07-24 00:00:00,24.0
2025-07-23,2496,KIOSKAPI1  API,593.0,24.708333333333332,11.0,248.22,2025-07-23 00:00:00,2025-07-24 00:00:00,24.0
2025-07-23,2498,WOLT  WOLT,39.0,1.625,309.0,338.14,2025-07-23 00:00:00,2025-07-24 00:00:00,24.0
2025-07-24,2503,BOLT  BOLT,6.0,0.25,208.0,325.3,2025-07-24 00:00:00,2025-07-25 00:00:00,24.0
2025-07-24,2504,DELIVERY_HERO  DELIVERY,8.0,0.3333333333333333,207.0,241.74,2025-07-24 00:00:00,2025-07-25 00:00:00,24.0
2025-07-24,2506,KIOSKAPI1  API,516.0,21.5,19.0,271.31,2025-07-24 00:00:00,2025-07-25 00:00:00,24.0
2025-07-24,2508,WOLT  WOLT,38.0,1.5833333333333333,266.0,368.4,2025-07-24 00:00:00,2025-07-25 00:00:00,24.0
2025-07-25,2515,BOLT  BOLT,1.0,0.041666666666666664,11.0,316.07,2025-07-25 00:00:00,2025-07-26 00:00:00,24.0
2025-07-25,2516,DELIVERY_HERO  DELIVERY,17.0,0.7083333333333334,133.0,317.44,2025-07-25 00:00:00,2025-07-26 00:00:00,24.0
2025-07-25,2518,KIOSKAPI1  API,605.0,25.208333333333332,7.0,241.8,2025-07-25 00:00:00,2025-07-26 00:00:00,24.0
2025-07-25,2520,WOLT  WOLT,25.0,1.0416666666666667,99.0,267.07,2025-07-25 00:00:00,2025-07-26 00:00:00,24.0
2025-07-26,2525,BOLT  BOLT,5.0,0.20833333333333334,176.0,376.79,2025-07-26 00:00:00,2025-07-27 00:00:00,24.0
2025-07-26,2526,DELIVERY_HERO  DELIVERY,15.0,0.625,661.0,312.86,2025-07-26 00:00:00,2025-07-27 00:00:00,24.0
2025-07-26,2528,KIOSKAPI1  API,690.0,28.75,13.0,265.89,2025-07-26 00:00:00,2025-07-27 00:00:00,24.0
2025-07-26,2530,WOLT  WOLT,30.0,1.25,210.0,325.98,2025-07-26 00:00:00,2025-07-27 00:00:00,24.0
2025-07-27,2537,BOLT  BOLT,2.0,0.08333333333333333,212.0,406.25,2025-07-27 00:00:00,2025-07-28 00:00:00,24.0
2025-07-27,2538,DELIVERY_HERO  DELIVERY,4.0,0.16666666666666666,269.0,406.47,2025-07-27 00:00:00,2025-07-28 00:00:00,24.0
2025-07-27,2540,KIOSKAPI1  API,545.0,22.708333333333332,12.0,253.97,2025-07-27 00:00:00,2025-07-28 00:00:00,24.0
2025-07-27,2542,WOLT  WOLT,41.0,1.7083333333333333,278.0,418.14,2025-07-27 00:00:00,2025-07-28 00:00:00,24.0
2025-07-28,2549,BOLT  BOLT,4.0,0.16666666666666666,130.0,545.76,2025-07-28 00:00:00,2025-07-29 00:00:00,24.0
2025-07-28,2550,DELIVERY_HERO  DELIVERY,11.0,0.4583333333333333,203.0,359.17,2025-07-28 00:00:00,2025-07-29 00:00:00,24.0
2025-07-28,2552,KIOSKAPI1  API,535.0,22.291666666666668,7.0,254.48,2025-07-28 00:00:00,2025-07-29 00:00:00,24.0
2025-07-28,2554,WOLT  WOLT,24.0,1.0,279.0,383.3,2025-07-28 00:00:00,2025-07-29 00:00:00,24.0
2025-07-29,2561,BOLT  BOLT,3.0,0.125,58.0,161.9,2025-07-29 00:00:00,2025-07-30 00:00:00,24.0
2025-07-29,2562,DELIVERY_HERO  DELIVERY,9.0,0.375,367.0,380.75,2025-07-29 00:00:00,2025-07-30 00:00:00,24.0
2025-07-29,2564,KIOSKAPI1  API,516.0,21.5,5.0,245.15,2025-07-29 00:00:00,2025-07-30 00:00:00,24.0
2025-07-29,2565,WOLT  WOLT,15.0,0.625,305.0,400.6,2025-07-29 00:00:00,2025-07-30 00:00:00,24.0
2025-07-30,2573,BOLT  BOLT,2.0,0.08333333333333333,101.0,376.34,2025-07-30 00:00:00,2025-07-31 00:00:00,24.0
2025-07-30,2574,DELIVERY_HERO  DELIVERY,7.0,0.2916666666666667,921.0,400.89,2025-07-30 00:00:00,2025-07-31 00:00:00,24.0
2025-07-30,2576,KIOSKAPI1  API,525.0,21.875,7.0,241.96,2025-07-30 00:00:00,2025-07-31 00:00:00,24.0
2025-07-30,2578,WOLT  WOLT,25.0,1.0416666666666667,302.0,449.32,2025-07-30 00:00:00,2025-07-31 00:00:00,24.0
2025-07-31,2584,BOLT  BOLT,6.0,0.25,280.0,347.92,2025-07-31 00:00:00,2025-08-01 00:00:00,24.0
2025-07-31,2585,DELIVERY_HERO  DELIVERY,12.0,0.5,258.0,340.48,2025-07-31 00:00:00,2025-08-01 00:00:00,24.0
2025-07-31,2587,KIOSKAPI1  API,546.0,22.75,8.0,238.34,2025-07-31 00:00:00,2025-08-01 00:00:00,24.0
2025-07-31,2589,WOLT  WOLT,28.0,1.1666666666666667,367.0,426.56,2025-07-31 00:00:00,2025-08-01 00:00:00,24.0
2025-08-01,2595,BOLT  BOLT,4.0,0.16666666666666666,268.0,470.09,2025-08-01 00:00:00,2025-08-02 00:00:00,24.0
2025-08-01,2597,DELIVERY_HERO  DELIVERY,18.0,0.75,260.0,325.0,2025-08-01 00:00:00,2025-08-02 00:00:00,24.0
2025-08-01,2599,KIOSKAPI1  API,594.0,24.75,7.0,243.92,2025-08-01 00:00:00,2025-08-02 00:00:00,24.0
2025-08-01,2601,WOLT  WOLT,19.0,0.7916666666666666,188.0,324.01,2025-08-01 00:00:00,2025-08-02 00:00:00,24.0
2025-08-02,2608,BOLT  BOLT,3.0,0.125,149.0,252.08,2025-08-02 00:00:00,2025-08-03 00:00:00,24.0
2025-08-02,2609,DELIVERY_HERO  DELIVERY,9.0,0.375,213.0,253.97,2025-08-02 00:00:00,2025-08-03 00:00:00,24.0
2025-08-02,2611,KIOSKAPI1  API,673.0,28.041666666666668,9.0,267.64,2025-08-02 00:00:00,2025-08-03 00:00:00,24.0
2025-08-02,2613,WOLT  WOLT,29.0,1.2083333333333333,295.0,326.51,2025-08-02 00:00:00,2025-08-03 00:00:00,24.0
2025-08-03,2619,BOLT  BOLT,2.0,0.08333333333333333,52.0,454.46,2025-08-03 00:00:00,2025-08-04 00:00:00,24.0
2025-08-03,2620,DELIVERY_HERO  DELIVERY,9.0,0.375,278.0,425.3,2025-08-03 00:00:00,2025-08-04 00:00:00,24.0
2025-08-03,2622,KIOSKAPI1  API,551.0,22.958333333333332,9.0,272.24,2025-08-03 00:00:00,2025-08-04 00:00:00,24.0
2025-08-03,2624,WOLT  WOLT,27.0,1.125,277.0,361.57,2025-08-03 00:00:00,2025-08-04 00:00:00,24.0
2025-08-04,2632,BOLT  BOLT,7.0,0.2916666666666667,2744.0,435.46,2025-08-04 00:00:00,2025-08-05 00:00:00,24.0
2025-08-04,2633,DELIVERY_HERO  DELIVERY,11.0,0.4583333333333333,200.0,383.44,2025-08-04 00:00:00,2025-08-05 00:00:00,24.0
2025-08-04,2635,KIOSKAPI1  API,567.0,23.625,9.0,264.57,2025-08-04 00:00:00,2025-08-05 00:00:00,24.0
2025-08-04,2637,WOLT  WOLT,19.0,0.7916666666666666,297.0,350.99,2025-08-04 00:00:00,2025-08-05 00:00:00,24.0
2025-08-05,2645,BOLT  BOLT,7.0,0.2916666666666667,1270.0,424.36,2025-08-05 00:00:00,2025-08-06 00:00:00,24.0
2025-08-05,2646,DELIVERY_HERO  DELIVERY,7.0,0.2916666666666667,561.0,455.61,2025-08-05 00:00:00,2025-08-06 00:00:00,24.0
2025-08-05,2648,KIOSKAPI1  API,551.0,22.958333333333332,9.0,272.39,2025-08-05 00:00:00,2025-08-06 00:00:00,24.0
2025-08-05,2650,WOLT  WOLT,29.0,1.2083333333333333,410.0,428.88,2025-08-05 00:00:00,2025-08-06 00:00:00,24.0
2025-08-06,2656,BOLT  BOLT,4.0,0.16666666666666666,344.0,370.31,2025-08-06 00:00:00,2025-08-07 00:00:00,24.0
2025-08-06,2657,DELIVERY_HERO  DELIVERY,6.0,0.25,485.0,343.9,2025-08-06 00:00:00,2025-08-07 00:00:00,24.0
2025-08-06,2659,KIOSKAPI1  API,608.0,25.333333333333332,11.0,278.21,2025-08-06 00:00:00,2025-08-07 00:00:00,24.0
2025-08-06,2661,WOLT  WOLT,34.0,1.4166666666666667,396.0,357.85,2025-08-06 00:00:00,2025-08-07 00:00:00,24.0
2025-08-07,2668,BOLT  BOLT,3.0,0.125,120.0,508.04,2025-08-07 00:00:00,2025-08-08 00:00:00,24.0
2025-08-07,2669,DELIVERY_HERO  DELIVERY,6.0,0.25,1325.0,282.74,2025-08-07 00:00:00,2025-08-08 00:00:00,24.0
2025-08-07,2671,KIOSKAPI1  API,588.0,24.5,8.0,265.27,2025-08-07 00:00:00,2025-08-08 00:00:00,24.0
2025-08-07,2673,WOLT  WOLT,23.0,0.9583333333333334,198.0,387.89,2025-08-07 00:00:00,2025-08-08 00:00:00,24.0
2025-08-08,2679,BOLT  BOLT,3.0,0.125,163.0,322.62,2025-08-08 00:00:00,2025-08-09 00:00:00,24.0
2025-08-08,2680,DELIVERY_HERO  DELIVERY,10.0,0.4166666666666667,148.0,398.93,2025-08-08 00:00:00,2025-08-09 00:00:00,24.0
2025-08-08,2682,KIOSKAPI1  API,695.0,28.958333333333332,8.0,246.9,2025-08-08 00:00:00,2025-08-09 00:00:00,24.0
2025-08-08,2683,WOLT  WOLT,18.0,0.75,183.0,386.36,2025-08-08 00:00:00,2025-08-09 00:00:00,24.0
2025-08-09,2689,BOLT  BOLT,4.0,0.16666666666666666,435.0,706.25,2025-08-09 00:00:00,2025-08-10 00:00:00,24.0
2025-08-09,2690,DELIVERY_HERO  DELIVERY,5.0,0.20833333333333334,84.0,321.61,2025-08-09 00:00:00,2025-08-10 00:00:00,24.0
2025-08-09,2692,KIOSKAPI1  API,587.0,24.458333333333332,12.0,255.93,2025-08-09 00:00:00,2025-08-10 00:00:00,24.0
2025-08-09,2694,WOLT  WOLT,32.0,1.3333333333333333,216.0,425.61,2025-08-09 00:00:00,2025-08-10 00:00:00,24.0
2025-08-10,2700,BOLT  BOLT,1.0,0.041666666666666664,1045.0,479.46,2025-08-10 00:00:00,2025-08-11 00:00:00,24.0
2025-08-10,2701,DELIVERY_HERO  DELIVERY,10.0,0.4166666666666667,644.0,379.55,2025-08-10 00:00:00,2025-08-11 00:00:00,24.0
2025-08-10,2703,KIOSKAPI1  API,626.0,26.083333333333332,8.0,282.75,2025-08-10 00:00:00,2025-08-11 00:00:00,24.0
2025-08-10,2705,WOLT  WOLT,34.0,1.4166666666666667,283.0,409.64,2025-08-10 00:00:00,2025-08-11 00:00:00,24.0
2025-08-11,2709,BOLT  BOLT,2.0,0.08333333333333333,134.0,491.52,2025-08-11 00:00:00,2025-08-12 00:00:00,24.0
2025-08-11,2710,DELIVERY_HERO  DELIVERY,8.0,0.3333333333333333,687.0,430.25,2025-08-11 00:00:00,2025-08-12 00:00:00,24.0
2025-08-11,2712,KIOSKAPI1  API,604.0,25.166666666666668,11.0,238.4,2025-08-11 00:00:00,2025-08-12 00:00:00,24.0
2025-08-11,2713,WOLT  WOLT,22.0,0.9166666666666666,267.0,392.17,2025-08-11 00:00:00,2025-08-12 00:00:00,24.0
2025-08-12,2719,BOLT  BOLT,1.0,0.041666666666666664,233.0,1263.39,2025-08-12 00:00:00,2025-08-13 00:00:00,24.0
2025-08-12,2720,DELIVERY_HERO  DELIVERY,5.0,0.20833333333333334,252.0,419.82,2025-08-12 00:00:00,2025-08-13 00:00:00,24.0
2025-08-12,2722,KIOSKAPI1  API,557.0,23.208333333333332,9.0,270.53,2025-08-12 00:00:00,2025-08-13 00:00:00,24.0
2025-08-12,2724,WOLT  WOLT,25.0,1.0416666666666667,357.0,322.68,2025-08-12 00:00:00,2025-08-13 00:00:00,24.0
2025-08-13,2729,BOLT  BOLT,4.0,0.16666666666666666,514.0,379.91,2025-08-13 00:00:00,2025-08-14 00:00:00,24.0
2025-08-13,2730,DELIVERY_HERO  DELIVERY,12.0,0.5,229.0,387.13,2025-08-13 00:00:00,2025-08-14 00:00:00,24.0
2025-08-13,2732,KIOSKAPI1  API,539.0,22.458333333333332,8.0,258.42,2025-08-13 00:00:00,2025-08-14 00:00:00,24.0
2025-08-13,2734,WOLT  WOLT,30.0,1.25,101.0,358.66,2025-08-13 00:00:00,2025-08-14 00:00:00,24.0
2025-08-14,2740,BOLT  BOLT,1.0,0.041666666666666664,976.0,1053.57,2025-08-14 00:00:00,2025-08-15 00:00:00,24.0
2025-08-14,2741,DELIVERY_HERO  DELIVERY,11.0,0.4583333333333333,311.0,498.86,2025-08-14 00:00:00,2025-08-15 00:00:00,24.0
2025-08-14,2743,KIOSKAPI1  API,572.0,23.833333333333332,10.0,274.2,2025-08-14 00:00:00,2025-08-15 00:00:00,24.0
2025-08-14,2745,WOLT  WOLT,29.0,1.2083333333333333,421.0,402.71,2025-08-14 00:00:00,2025-08-15 00:00:00,24.0
2025-08-15,2751,BOLT  BOLT,4.0,0.16666666666666666,318.0,400.0,2025-08-15 00:00:00,2025-08-16 00:00:00,24.0
2025-08-15,2752,DELIVERY_HERO  DELIVERY,8.0,0.3333333333333333,344.0,365.29,2025-08-15 00:00:00,2025-08-16 00:00:00,24.0
2025-08-15,2754,KIOSKAPI1  API,609.0,25.375,11.0,262.12,2025-08-15 00:00:00,2025-08-16 00:00:00,24.0
2025-08-15,2756,WOLT  WOLT,23.0,0.9583333333333334,368.0,388.28,2025-08-15 00:00:00,2025-08-16 00:00:00,24.0
2025-08-16,2763,BOLT  BOLT,4.0,0.16666666666666666,252.0,384.6,2025-08-16 00:00:00,2025-08-17 00:00:00,24.0
2025-08-16,2764,DELIVERY_HERO  DELIVERY,13.0,0.5416666666666666,264.0,369.99,2025-08-16 00:00:00,2025-08-17 00:00:00,24.0
2025-08-16,2766,KIOSKAPI1  API,651.0,27.125,10.0,283.34,2025-08-16 00:00:00,2025-08-17 00:00:00,24.0
2025-08-16,2768,WOLT  WOLT,24.0,1.0,248.0,484.38,2025-08-16 00:00:00,2025-08-17 00:00:00,24.0
2025-08-17,2774,BOLT  BOLT,6.0,0.25,188.0,486.61,2025-08-17 00:00:00,2025-08-18 00:00:00,24.0
2025-08-17,2775,DELIVERY_HERO  DELIVERY,15.0,0.625,240.0,334.23,2025-08-17 00:00:00,2025-08-18 00:00:00,24.0
2025-08-17,2777,KIOSKAPI1  API,562.0,23.416666666666668,9.0,270.12,2025-08-17 00:00:00,2025-08-18 00:00:00,24.0
2025-08-17,2779,WOLT  WOLT,29.0,1.2083333333333333,237.0,354.0,2025-08-17 00:00:00,2025-08-18 00:00:00,24.0
2025-08-18,2785,BOLT  BOLT,9.0,0.375,260.0,300.1,2025-08-18 00:00:00,2025-08-19 00:00:00,24.0
2025-08-18,2786,DELIVERY_HERO  DELIVERY,14.0,0.5833333333333334,286.0,327.68,2025-08-18 00:00:00,2025-08-19 00:00:00,24.0
2025-08-18,2788,KIOSKAPI1  API,529.0,22.041666666666668,9.0,248.71,2025-08-18 00:00:00,2025-08-19 00:00:00,24.0
2025-08-18,2790,WOLT  WOLT,35.0,1.4583333333333333,353.0,389.49,2025-08-18 00:00:00,2025-08-19 00:00:00,24.0
2025-08-19,2797,BOLT  BOLT,6.0,0.25,6925.0,537.2,2025-08-19 00:00:00,2025-08-20 00:00:00,24.0
2025-08-19,2798,DELIVERY_HERO  DELIVERY,15.0,0.625,178.0,382.2,2025-08-19 00:00:00,2025-08-20 00:00:00,24.0
2025-08-19,2800,KIOSKAPI1  API,491.0,20.458333333333332,8.0,263.51,2025-08-19 00:00:00,2025-08-20 00:00:00,24.0
2025-08-19,2802,WOLT  WOLT,24.0,1.0,322.0,405.58,2025-08-19 00:00:00,2025-08-20 00:00:00,24.0
2025-08-20,2807,BOLT  BOLT,6.0,0.25,74.0,254.91,2025-08-20 00:00:00,2025-08-21 00:00:00,24.0
2025-08-20,2809,DELIVERY_HERO  DELIVERY,17.0,0.7083333333333334,151.0,327.89,2025-08-20 00:00:00,2025-08-21 00:00:00,24.0
2025-08-20,2811,KIOSKAPI1  API,527.0,21.958333333333332,8.0,268.35,2025-08-20 00:00:00,2025-08-21 00:00:00,24.0
2025-08-20,2813,WOLT  WOLT,30.0,1.25,164.0,383.07,2025-08-20 00:00:00,2025-08-21 00:00:00,24.0
2025-08-21,2819,BOLT  BOLT,8.0,0.3333333333333333,203.0,333.48,2025-08-21 00:00:00,2025-08-22 00:00:00,24.0
2025-08-21,2820,DELIVERY_HERO  DELIVERY,10.0,0.4166666666666667,197.0,414.11,2025-08-21 00:00:00,2025-08-22 00:00:00,24.0
2025-08-21,2822,KIOSKAPI1  API,562.0,23.416666666666668,8.0,238.34,2025-08-21 00:00:00,2025-08-22 00:00:00,24.0
2025-08-21,2824,WOLT  WOLT,27.0,1.125,352.0,415.81,2025-08-21 00:00:00,2025-08-22 00:00:00,24.0
2025-08-22,2829,BOLT  BOLT,3.0,0.125,261.0,373.21,2025-08-22 00:00:00,2025-08-23 00:00:00,24.0
2025-08-22,2830,DELIVERY_HERO  DELIVERY,9.0,0.375,319.0,391.87,2025-08-22 00:00:00,2025-08-23 00:00:00,24.0
2025-08-22,2832,KIOSKAPI1  API,679.0,28.291666666666668,12.0,258.44,2025-08-22 00:00:00,2025-08-23 00:00:00,24.0
2025-08-22,2834,WOLT  WOLT,21.0,0.875,260.0,444.6,2025-08-22 00:00:00,2025-08-23 00:00:00,24.0
2025-08-23,2839,BOLT  BOLT,9.0,0.375,238.0,315.67,2025-08-23 00:00:00,2025-08-24 00:00:00,24.0
2025-08-23,2840,DELIVERY_HERO  DELIVERY,13.0,0.5416666666666666,289.0,307.01,2025-08-23 00:00:00,2025-08-24 00:00:00,24.0
2025-08-23,2842,KIOSKAPI1  API,621.0,25.875,13.0,264.76,2025-08-23 00:00:00,2025-08-24 00:00:00,24.0
2025-08-23,2844,WOLT  WOLT,33.0,1.375,581.0,407.17,2025-08-23 00:00:00,2025-08-24 00:00:00,24.0
2025-08-24,2850,BOLT  BOLT,14.0,0.5833333333333334,428.0,448.28,2025-08-24 00:00:00,2025-08-25 00:00:00,24.0
2025-08-24,2852,DELIVERY_HERO  DELIVERY,13.0,0.5416666666666666,539.0,368.82,2025-08-24 00:00:00,2025-08-25 00:00:00,24.0
2025-08-24,2854,KIOSKAPI1  API,513.0,21.375,12.0,279.55,2025-08-24 00:00:00,2025-08-25 00:00:00,24.0
2025-08-24,2856,WOLT  WOLT,30.0,1.25,454.0,336.04,2025-08-24 00:00:00,2025-08-25 00:00:00,24.0
2025-08-25,2862,BOLT  BOLT,3.0,0.125,111.0,339.58,2025-08-25 00:00:00,2025-08-26 00:00:00,24.0
2025-08-25,2863,DELIVERY_HERO  DELIVERY,11.0,0.4583333333333333,229.0,446.19,2025-08-25 00:00:00,2025-08-26 00:00:00,24.0
2025-08-25,2865,KIOSKAPI1  API,507.0,21.125,12.0,249.1,2025-08-25 00:00:00,2025-08-26 00:00:00,24.0
2025-08-25,2867,WOLT  WOLT,40.0,1.6666666666666667,3469.0,362.23,2025-08-25 00:00:00,2025-08-26 00:00:00,24.0
2025-08-26,2874,BOLT  BOLT,3.0,0.125,552.0,235.42,2025-08-26 00:00:00,2025-08-27 00:00:00,24.0
2025-08-26,2875,DELIVERY_HERO  DELIVERY,16.0,0.6666666666666666,272.0,343.08,2025-08-26 00:00:00,2025-08-27 00:00:00,24.0
2025-08-26,2877,KIOSKAPI1  API,465.0,19.375,10.0,270.71,2025-08-26 00:00:00,2025-08-27 00:00:00,24.0
2025-08-26,2879,WOLT  WOLT,26.0,1.0833333333333333,343.0,393.2,2025-08-26 00:00:00,2025-08-27 00:00:00,24.0
2025-08-27,2884,BOLT  BOLT,5.0,0.20833333333333334,251.0,435.0,2025-08-27 00:00:00,2025-08-28 00:00:00,24.0
2025-08-27,2885,DELIVERY_HERO  DELIVERY,13.0,0.5416666666666666,444.0,334.34,2025-08-27 00:00:00,2025-08-28 00:00:00,24.0
2025-08-27,2887,KIOSKAPI1  API,526.0,21.916666666666668,7.0,234.13,2025-08-27 00:00:00,2025-08-28 00:00:00,24.0
2025-08-27,2889,WOLT  WOLT,20.0,0.8333333333333334,392.0,309.91,2025-08-27 00:00:00,2025-08-28 00:00:00,24.0
2025-08-28,2894,BOLT  BOLT,5.0,0.20833333333333334,267.0,367.86,2025-08-28 00:00:00,2025-08-29 00:00:00,24.0
2025-08-28,2895,DELIVERY_HERO  DELIVERY,3.0,0.125,93.0,317.86,2025-08-28 00:00:00,2025-08-29 00:00:00,24.0
2025-08-28,2897,KIOSKAPI1  API,499.0,20.791666666666668,12.0,238.93,2025-08-28 00:00:00,2025-08-29 00:00:00,24.0
2025-08-28,2899,WOLT  WOLT,29.0,1.2083333333333333,221.0,406.8,2025-08-28 00:00:00,2025-08-29 00:00:00,24.0
2025-08-29,2905,BOLT  BOLT,16.0,0.6666666666666666,82.0,424.67,2025-08-29 00:00:00,2025-08-30 00:00:00,24.0
2025-08-29,2907,DELIVERY_HERO  DELIVERY,22.0,0.9166666666666666,170.0,363.51,2025-08-29 00:00:00,2025-08-30 00:00:00,24.0
2025-08-29,2909,KIOSKAPI1  API,454.0,18.916666666666668,13.0,256.23,2025-08-29 00:00:00,2025-08-30 00:00:00,24.0
2025-08-29,2911,WOLT  WOLT,34.0,1.4166666666666667,140.0,401.79,2025-08-29 00:00:00,2025-08-30 00:00:00,24.0
2025-08-30,2917,BOLT  BOLT,10.0,0.4166666666666667,119.0,388.66,2025-08-30 00:00:00,2025-08-31 00:00:00,24.0
2025-08-30,2918,DELIVERY_HERO  DELIVERY,16.0,0.6666666666666666,332.0,352.51,2025-08-30 00:00:00,2025-08-31 00:00:00,24.0
2025-08-30,2920,KIOSKAPI1  API,583.0,24.291666666666668,9.0,248.92,2025-08-30 00:00:00,2025-08-31 00:00:00,24.0
2025-08-30,2922,WOLT  WOLT,38.0,1.5833333333333333,303.0,348.92,2025-08-30 00:00:00,2025-08-31 00:00:00,24.0
2025-08-31,2927,BOLT  BOLT,7.0,0.2916666666666667,358.0,573.21,2025-08-31 00:00:00,2025-09-01 00:00:00,24.0
2025-08-31,2928,DELIVERY_HERO  DELIVERY,15.0,0.625,370.0,321.67,2025-08-31 00:00:00,2025-09-01 00:00:00,24.0
2025-08-31,2930,KIOSKAPI1  API,414.0,17.25,14.0,242.06,2025-08-31 00:00:00,2025-09-01 00:00:00,24.0
2025-08-31,2932,WOLT  WOLT,50.0,2.0833333333333335,345.0,373.7,2025-08-31 00:00:00,2025-09-01 00:00:00,24.0
2025-09-01,2940,BOLT  BOLT,6.0,0.25,218.0,247.92,2025-09-01 00:00:00,2025-09-02 00:00:00,24.0
2025-09-01,2941,DELIVERY_HERO  DELIVERY,9.0,0.375,143.0,359.42,2025-09-01 00:00:00,2025-09-02 00:00:00,24.0
2025-09-01,2943,KIOSKAPI1  API,430.0,17.916666666666668,13.0,218.96,2025-09-01 00:00:00,2025-09-02 00:00:00,24.0
2025-09-01,2945,WOLT  WOLT,40.0,1.6666666666666667,191.0,432.72,2025-09-01 00:00:00,2025-09-02 00:00:00,24.0
2025-09-02,2950,BOLT  BOLT,10.0,0.4166666666666667,679.0,355.8,2025-09-02 00:00:00,2025-09-03 00:00:00,24.0
2025-09-02,2951,DELIVERY_HERO  DELIVERY,8.0,0.3333333333333333,240.0,360.49,2025-09-02 00:00:00,2025-09-03 00:00:00,24.0
2025-09-02,2953,KIOSKAPI1  API,454.0,18.916666666666668,10.0,239.0,2025-09-02 00:00:00,2025-09-03 00:00:00,24.0
2025-09-02,2955,WOLT  WOLT,23.0,0.9583333333333334,1046.0,380.05,2025-09-02 00:00:00,2025-09-03 00:00:00,24.0
2025-09-03,2960,BOLT  BOLT,4.0,0.16666666666666666,255.0,380.58,2025-09-03 00:00:00,2025-09-04 00:00:00,24.0
2025-09-03,2961,DELIVERY_HERO  DELIVERY,5.0,0.20833333333333334,146.0,351.96,2025-09-03 00:00:00,2025-09-04 00:00:00,24.0
2025-09-03,2963,KIOSKAPI1  API,528.0,22.0,8.0,233.11,2025-09-03 00:00:00,2025-09-04 00:00:00,24.0
2025-09-03,2965,WOLT  WOLT,25.0,1.0416666666666667,261.0,352.25,2025-09-03 00:00:00,2025-09-04 00:00:00,24.0
2025-09-04,2970,BOLT  BOLT,4.0,0.16666666666666666,397.0,242.63,2025-09-04 00:00:00,2025-09-05 00:00:00,24.0
2025-09-04,2971,DELIVERY_HERO  DELIVERY,7.0,0.2916666666666667,344.0,317.73,2025-09-04 00:00:00,2025-09-05 00:00:00,24.0
2025-09-04,2973,KIOSKAPI1  API,595.0,24.791666666666668,12.0,239.58,2025-09-04 00:00:00,2025-09-05 00:00:00,24.0
2025-09-04,2975,WOLT  WOLT,30.0,1.25,348.0,358.78,2025-09-04 00:00:00,2025-09-05 00:00:00,24.0
2025-09-05,2980,BOLT  BOLT,13.0,0.5416666666666666,344.0,367.24,2025-09-05 00:00:00,2025-09-06 00:00:00,24.0
2025-09-05,2982,DELIVERY_HERO  DELIVERY,17.0,0.7083333333333334,431.0,372.95,2025-09-05 00:00:00,2025-09-06 00:00:00,24.0
2025-09-05,2984,KIOSKAPI1  API,531.0,22.125,10.0,237.0,2025-09-05 00:00:00,2025-09-06 00:00:00,24.0
2025-09-05,2986,WOLT  WOLT,27.0,1.125,282.0,402.38,2025-09-05 00:00:00,2025-09-06 00:00:00,24.0
2025-09-06,2992,BOLT  BOLT,15.0,0.625,440.0,370.12,2025-09-06 00:00:00,2025-09-07 00:00:00,24.0
2025-09-06,2993,DELIVERY_HERO  DELIVERY,9.0,0.375,369.0,335.42,2025-09-06 00:00:00,2025-09-07 00:00:00,24.0
2025-09-06,2995,KIOSKAPI1  API,707.0,29.458333333333332,8.0,255.72,2025-09-06 00:00:00,2025-09-07 00:00:00,24.0
2025-09-06,2997,WOLT  WOLT,41.0,1.7083333333333333,429.0,347.47,2025-09-06 00:00:00,2025-09-07 00:00:00,24.0
2025-09-07,3002,BOLT  BOLT,5.0,0.20833333333333334,432.0,384.29,2025-09-07 00:00:00,2025-09-08 00:00:00,24.0
2025-09-07,3003,DELIVERY_HERO  DELIVERY,9.0,0.375,227.0,336.81,2025-09-07 00:00:00,2025-09-08 00:00:00,24.0
2025-09-07,3005,KIOSKAPI1  API,508.0,21.166666666666668,14.0,251.66,2025-09-07 00:00:00,2025-09-08 00:00:00,24.0
2025-09-07,3007,WOLT  WOLT,26.0,1.0833333333333333,265.0,352.37,2025-09-07 00:00:00,2025-09-08 00:00:00,24.0
2025-09-08,3012,BOLT  BOLT,4.0,0.16666666666666666,167.0,348.88,2025-09-08 00:00:00,2025-09-09 00:00:00,24.0
2025-09-08,3014,DELIVERY_HERO  DELIVERY,15.0,0.625,226.0,388.93,2025-09-08 00:00:00,2025-09-09 00:00:00,24.0
2025-09-08,3016,KIOSKAPI1  API,459.0,19.125,12.0,230.05,2025-09-08 00:00:00,2025-09-09 00:00:00,24.0
2025-09-08,3018,WOLT  WOLT,32.0,1.3333333333333333,270.0,413.5,2025-09-08 00:00:00,2025-09-09 00:00:00,24.0
2025-09-09,3023,BOLT  BOLT,8.0,0.3333333333333333,294.0,440.63,2025-09-09 00:00:00,2025-09-10 00:00:00,24.0
2025-09-09,3024,DELIVERY_HERO  DELIVERY,15.0,0.625,416.0,354.82,2025-09-09 00:00:00,2025-09-10 00:00:00,24.0
2025-09-09,3026,KIOSKAPI1  API,465.0,19.375,11.0,220.87,2025-09-09 00:00:00,2025-09-10 00:00:00,24.0
2025-09-09,3028,WOLT  WOLT,29.0,1.2083333333333333,251.0,321.24,2025-09-09 00:00:00,2025-09-10 00:00:00,24.0
2025-09-10,3033,BOLT  BOLT,12.0,0.5,319.0,384.0,2025-09-10 00:00:00,2025-09-11 00:00:00,24.0
2025-09-10,3034,DELIVERY_HERO  DELIVERY,16.0,0.6666666666666666,386.0,338.11,2025-09-10 00:00:00,2025-09-11 00:00:00,24.0
2025-09-10,3036,KIOSKAPI1  API,530.0,22.083333333333332,13.0,229.88,2025-09-10 00:00:00,2025-09-11 00:00:00,24.0
2025-09-10,3037,WOLT  WOLT,4.0,0.16666666666666666,660.0,669.87,2025-09-10 00:00:00,2025-09-11 00:00:00,24.0
2025-09-11,3044,BOLT  BOLT,4.0,0.16666666666666666,199.0,197.54,2025-09-11 00:00:00,2025-09-12 00:00:00,24.0
2025-09-11,3045,DELIVERY_HERO  DELIVERY,9.0,0.375,279.0,300.0,2025-09-11 00:00:00,2025-09-12 00:00:00,24.0
2025-09-11,3047,KIOSKAPI1  API,567.0,23.625,10.0,228.41,2025-09-11 00:00:00,2025-09-12 00:00:00,24.0
2025-09-11,3049,WOLT  WOLT,20.0,0.8333333333333334,294.0,365.63,2025-09-11 00:00:00,2025-09-12 00:00:00,24.0
2025-09-12,3055,BOLT  BOLT,2.0,0.08333333333333333,799.0,500.89,2025-09-12 00:00:00,2025-09-13 00:00:00,24.0
2025-09-12,3056,DELIVERY_HERO  DELIVERY,14.0,0.5833333333333334,294.0,247.45,2025-09-12 00:00:00,2025-09-13 00:00:00,24.0
2025-09-12,3058,KIOSKAPI1  API,573.0,23.875,8.0,238.54,2025-09-12 00:00:00,2025-09-13 00:00:00,24.0
2025-09-12,3059,WOLT  WOLT,18.0,0.75,373.0,390.63,2025-09-12 00:00:00,2025-09-13 00:00:00,24.0
2025-09-13,3065,BOLT  BOLT,5.0,0.20833333333333334,360.0,627.86,2025-09-13 00:00:00,2025-09-14 00:00:00,24.0
2025-09-13,3066,DELIVERY_HERO  DELIVERY,10.0,0.4166666666666667,373.0,391.61,2025-09-13 00:00:00,2025-09-14 00:00:00,24.0
2025-09-13,3068,KIOSKAPI1  API,566.0,23.583333333333332,14.0,259.46,2025-09-13 00:00:00,2025-09-14 00:00:00,24.0
2025-09-13,3070,WOLT  WOLT,31.0,1.2916666666666667,310.0,403.43,2025-09-13 00:00:00,2025-09-14 00:00:00,24.0
2025-09-14,3076,BOLT  BOLT,20.0,0.8333333333333334,341.0,417.54,2025-09-14 00:00:00,2025-09-15 00:00:00,24.0
2025-09-14,3077,DELIVERY_HERO  DELIVERY,15.0,0.625,442.0,343.33,2025-09-14 00:00:00,2025-09-15 00:00:00,24.0
2025-09-14,3079,KIOSKAPI1  API,476.0,19.833333333333332,14.0,239.48,2025-09-14 00:00:00,2025-09-15 00:00:00,24.0
2025-09-14,3081,WOLT  WOLT,30.0,1.25,285.0,394.14,2025-09-14 00:00:00,2025-09-15 00:00:00,24.0
2025-09-15,3087,BOLT  BOLT,3.0,0.125,242.0,299.11,2025-09-15 00:00:00,2025-09-16 00:00:00,24.0
2025-09-15,3088,DELIVERY_HERO  DELIVERY,12.0,0.5,213.0,294.94,2025-09-15 00:00:00,2025-09-16 00:00:00,24.0
2025-09-15,3090,KIOSKAPI1  API,419.0,17.458333333333332,8.0,219.62,2025-09-15 00:00:00,2025-09-16 00:00:00,24.0
2025-09-15,3092,WOLT  WOLT,32.0,1.3333333333333333,301.0,368.16,2025-09-15 00:00:00,2025-09-16 00:00:00,24.0
2025-09-16,3097,BOLT  BOLT,6.0,0.25,234.0,346.28,2025-09-16 00:00:00,2025-09-17 00:00:00,24.0
2025-09-16,3098,DELIVERY_HERO  DELIVERY,9.0,0.375,4450.0,337.1,2025-09-16 00:00:00,2025-09-17 00:00:00,24.0
2025-09-16,3100,KIOSKAPI1  API,443.0,18.458333333333332,16.0,220.91,2025-09-16 00:00:00,2025-09-17 00:00:00,24.0
2025-09-16,3102,WOLT  WOLT,18.0,0.75,2108.0,273.02,2025-09-16 00:00:00,2025-09-17 00:00:00,24.0
2025-09-17,3108,BOLT  BOLT,7.0,0.2916666666666667,416.0,524.23,2025-09-17 00:00:00,2025-09-18 00:00:00,24.0
2025-09-17,3109,DELIVERY_HERO  DELIVERY,9.0,0.375,200.0,304.37,2025-09-17 00:00:00,2025-09-18 00:00:00,24.0
2025-09-17,3111,KIOSKAPI1  API,560.0,23.333333333333332,12.0,233.21,2025-09-17 00:00:00,2025-09-18 00:00:00,24.0
2025-09-17,3113,WOLT  WOLT,30.0,1.25,207.0,352.05,2025-09-17 00:00:00,2025-09-18 00:00:00,24.0
2025-09-18,3118,BOLT  BOLT,7.0,0.2916666666666667,161.0,274.36,2025-09-18 00:00:00,2025-09-19 00:00:00,24.0
2025-09-18,3119,DELIVERY_HERO  DELIVERY,12.0,0.5,185.0,331.77,2025-09-18 00:00:00,2025-09-19 00:00:00,24.0
2025-09-18,3121,KIOSKAPI1  API,622.0,25.916666666666668,8.0,224.21,2025-09-18 00:00:00,2025-09-19 00:00:00,24.0
2025-09-18,3123,WOLT  WOLT,27.0,1.125,198.0,378.94,2025-09-18 00:00:00,2025-09-19 00:00:00,24.0
2025-09-19,3129,BOLT  BOLT,12.0,0.5,348.0,383.85,2025-09-19 00:00:00,2025-09-20 00:00:00,24.0
2025-09-19,3130,DELIVERY_HERO  DELIVERY,14.0,0.5833333333333334,286.0,473.85,2025-09-19 00:00:00,2025-09-20 00:00:00,24.0
2025-09-19,3132,KIOSKAPI1  API,627.0,26.125,6.0,223.86,2025-09-19 00:00:00,2025-09-20 00:00:00,24.0
2025-09-19,3134,WOLT  WOLT,26.0,1.0833333333333333,266.0,339.66,2025-09-19 00:00:00,2025-09-20 00:00:00,24.0
2025-09-20,3140,BOLT  BOLT,14.0,0.5833333333333334,314.0,273.92,2025-09-20 00:00:00,2025-09-21 00:00:00,24.0
2025-09-20,3141,DELIVERY_HERO  DELIVERY,10.0,0.4166666666666667,391.0,336.25,2025-09-20 00:00:00,2025-09-21 00:00:00,24.0
2025-09-20,3143,KIOSKAPI1  API,634.0,26.416666666666668,11.0,233.3,2025-09-20 00:00:00,2025-09-21 00:00:00,24.0
2025-09-20,3144,WOLT  WOLT,20.0,0.8333333333333334,330.0,381.03,2025-09-20 00:00:00,2025-09-21 00:00:00,24.0
2025-09-21,3150,BOLT  BOLT,8.0,0.3333333333333333,302.0,338.39,2025-09-21 00:00:00,2025-09-22 00:00:00,24.0
2025-09-21,3151,DELIVERY_HERO  DELIVERY,10.0,0.4166666666666667,256.0,325.36,2025-09-21 00:00:00,2025-09-22 00:00:00,24.0
2025-09-21,3153,KIOSKAPI1  API,538.0,22.416666666666668,8.0,252.1,2025-09-21 00:00:00,2025-09-22 00:00:00,24.0
2025-09-21,3154,WOLT  WOLT,17.0,0.7083333333333334,333.0,362.82,2025-09-21 00:00:00,2025-09-22 00:00:00,24.0
2025-09-22,3160,BOLT  BOLT,10.0,0.4166666666666667,242.0,390.63,2025-09-22 00:00:00,2025-09-23 00:00:00,24.0
2025-09-22,3162,DELIVERY_HERO  DELIVERY,18.0,0.75,240.0,283.38,2025-09-22 00:00:00,2025-09-23 00:00:00,24.0
2025-09-22,3164,KIOSKAPI1  API,392.0,16.333333333333332,20.0,235.66,2025-09-22 00:00:00,2025-09-23 00:00:00,24.0
2025-09-22,3165,WOLT  WOLT,17.0,0.7083333333333334,286.0,396.9,2025-09-22 00:00:00,2025-09-23 00:00:00,24.0
2025-09-23,3170,BOLT  BOLT,2.0,0.08333333333333333,14628.0,336.61,2025-09-23 00:00:00,2025-09-24 00:00:00,24.0
2025-09-23,3171,DELIVERY_HERO  DELIVERY,10.0,0.4166666666666667,229.0,257.68,2025-09-23 00:00:00,2025-09-24 00:00:00,24.0
2025-09-23,3173,KIOSKAPI1  API,459.0,19.125,16.0,223.22,2025-09-23 00:00:00,2025-09-24 00:00:00,24.0
2025-09-23,3175,WOLT  WOLT,24.0,1.0,178.0,330.95,2025-09-23 00:00:00,2025-09-24 00:00:00,24.0
2025-09-24,3181,BOLT  BOLT,5.0,0.20833333333333334,334.0,587.86,2025-09-24 00:00:00,2025-09-25 00:00:00,24.0
2025-09-24,3183,DELIVERY_HERO  DELIVERY,17.0,0.7083333333333334,203.0,309.93,2025-09-24 00:00:00,2025-09-25 00:00:00,24.0
2025-09-24,3185,KIOSKAPI1  API,534.0,22.25,19.0,222.71,2025-09-24 00:00:00,2025-09-25 00:00:00,24.0
2025-09-24,3187,WOLT  WOLT,36.0,1.5,279.0,367.36,2025-09-24 00:00:00,2025-09-25 00:00:00,24.0
2025-09-25,3192,BOLT  BOLT,10.0,0.4166666666666667,305.0,514.02,2025-09-25 00:00:00,2025-09-26 00:00:00,24.0
2025-09-25,3194,DELIVERY_HERO  DELIVERY,21.0,0.875,379.0,383.8,2025-09-25 00:00:00,2025-09-26 00:00:00,24.0
2025-09-25,3196,KIOSKAPI1  API,568.0,23.666666666666668,13.0,236.25,2025-09-25 00:00:00,2025-09-26 00:00:00,24.0
2025-09-25,3198,WOLT  WOLT,18.0,0.75,285.0,359.28,2025-09-25 00:00:00,2025-09-26 00:00:00,24.0
2025-09-26,3204,BOLT  BOLT,4.0,0.16666666666666666,295.0,334.15,2025-09-26 00:00:00,2025-09-27 00:00:00,24.0
2025-09-26,3205,DELIVERY_HERO  DELIVERY,12.0,0.5,206.0,306.55,2025-09-26 00:00:00,2025-09-27 00:00:00,24.0
2025-09-26,3207,KIOSKAPI1  API,619.0,25.791666666666668,10.0,229.92,2025-09-26 00:00:00,2025-09-27 00:00:00,24.0
2025-09-26,3209,WOLT  WOLT,23.0,0.9583333333333334,285.0,356.25,2025-09-26 00:00:00,2025-09-27 00:00:00,24.0
2025-09-27,3214,BOLT  BOLT,4.0,0.16666666666666666,439.0,415.63,2025-09-27 00:00:00,2025-09-28 00:00:00,24.0
2025-09-27,3216,DELIVERY_HERO  DELIVERY,16.0,0.6666666666666666,290.0,282.59,2025-09-27 00:00:00,2025-09-28 00:00:00,24.0
2025-09-27,3218,KIOSKAPI1  API,642.0,26.75,15.0,240.89,2025-09-27 00:00:00,2025-09-28 00:00:00,24.0
2025-09-27,3220,WOLT  WOLT,41.0,1.7083333333333333,316.0,354.27,2025-09-27 00:00:00,2025-09-28 00:00:00,24.0
2025-09-28,3227,BOLT  BOLT,2.0,0.08333333333333333,5437.0,407.14,2025-09-28 00:00:00,2025-09-29 00:00:00,24.0
2025-09-28,3228,DELIVERY_HERO  DELIVERY,13.0,0.5416666666666666,279.0,278.02,2025-09-28 00:00:00,2025-09-29 00:00:00,24.0
2025-09-28,3230,KIOSKAPI1  API,549.0,22.875,14.0,237.35,2025-09-28 00:00:00,2025-09-29 00:00:00,24.0
2025-09-28,3232,WOLT  WOLT,27.0,1.125,327.0,472.22,2025-09-28 00:00:00,2025-09-29 00:00:00,24.0
2025-09-29,3238,BOLT  BOLT,10.0,0.4166666666666667,318.0,336.61,2025-09-29 00:00:00,2025-09-30 00:00:00,24.0
2025-09-29,3240,DELIVERY_HERO  DELIVERY,17.0,0.7083333333333334,420.0,298.21,2025-09-29 00:00:00,2025-09-30 00:00:00,24.0
2025-09-29,3242,KIOSKAPI1  API,433.0,18.041666666666668,10.0,227.35,2025-09-29 00:00:00,2025-09-30 00:00:00,24.0
2025-09-29,3244,WOLT  WOLT,24.0,1.0,354.0,311.61,2025-09-29 00:00:00,2025-09-30 00:00:00,24.0
2025-09-30,3250,BOLT  BOLT,3.0,0.125,219.0,262.2,2025-09-30 00:00:00,2025-10-01 00:00:00,24.0
2025-09-30,3251,DELIVERY_HERO  DELIVERY,8.0,0.3333333333333333,325.0,441.52,2025-09-30 00:00:00,2025-10-01 00:00:00,24.0
2025-09-30,3253,KIOSKAPI1  API,382.0,15.916666666666666,12.0,221.4,2025-09-30 00:00:00,2025-10-01 00:00:00,24.0
2025-09-30,3254,WOLT  WOLT,13.0,0.5416666666666666,321.0,397.46,2025-09-30 00:00:00,2025-10-01 00:00:00,24.0
2025-10-01,3260,BOLT  BOLT,8.0,0.3333333333333333,239.0,443.19,2025-10-01 00:00:00,2025-10-02 00:00:00,24.0
2025-10-01,3261,DELIVERY_HERO  DELIVERY,9.0,0.375,404.0,238.0,2025-10-01 00:00:00,2025-10-02 00:00:00,24.0
2025-10-01,3263,KIOSKAPI1  API,471.0,19.625,8.0,211.44,2025-10-01 00:00:00,2025-10-02 00:00:00,24.0
2025-10-01,3265,WOLT  WOLT,23.0,0.9583333333333334,193.0,325.39,2025-10-01 00:00:00,2025-10-02 00:00:00,24.0
2025-10-02,3271,BOLT  BOLT,5.0,0.20833333333333334,257.0,292.32,2025-10-02 00:00:00,2025-10-03 00:00:00,24.0
2025-10-02,3272,DELIVERY_HERO  DELIVERY,11.0,0.4583333333333333,257.0,278.0,2025-10-02 00:00:00,2025-10-03 00:00:00,24.0
2025-10-02,3274,KIOSKAPI1  API,498.0,20.75,8.0,248.62,2025-10-02 00:00:00,2025-10-03 00:00:00,24.0
2025-10-02,3276,WOLT  WOLT,20.0,0.8333333333333334,202.0,447.05,2025-10-02 00:00:00,2025-10-03 00:00:00,24.0
2025-10-03,3282,BOLT  BOLT,2.0,0.08333333333333333,409.0,350.89,2025-10-03 00:00:00,2025-10-04 00:00:00,24.0
2025-10-03,3283,DELIVERY_HERO  DELIVERY,14.0,0.5833333333333334,371.0,305.04,2025-10-03 00:00:00,2025-10-04 00:00:00,24.0
2025-10-03,3285,KIOSKAPI1  API,625.0,26.041666666666668,10.0,248.55,2025-10-03 00:00:00,2025-10-04 00:00:00,24.0
2025-10-03,3287,WOLT  WOLT,23.0,0.9583333333333334,372.0,382.45,2025-10-03 00:00:00,2025-10-04 00:00:00,24.0
2025-10-04,3291,BOLT  BOLT,6.0,0.25,463.0,519.64,2025-10-04 00:00:00,2025-10-05 00:00:00,24.0
2025-10-04,3292,DELIVERY_HERO  DELIVERY,11.0,0.4583333333333333,373.0,373.86,2025-10-04 00:00:00,2025-10-05 00:00:00,24.0
2025-10-04,3294,KIOSKAPI1  API,632.0,26.333333333333332,9.0,265.32,2025-10-04 00:00:00,2025-10-05 00:00:00,24.0
2025-10-04,3296,WOLT  WOLT,33.0,1.375,412.0,346.05,2025-10-04 00:00:00,2025-10-05 00:00:00,24.0
2025-10-05,3301,BOLT  BOLT,3.0,0.125,288.0,596.13,2025-10-05 00:00:00,2025-10-06 00:00:00,24.0
2025-10-05,3303,DELIVERY_HERO  DELIVERY,15.0,0.625,329.0,412.44,2025-10-05 00:00:00,2025-10-06 00:00:00,24.0
2025-10-05,3305,KIOSKAPI1  API,396.0,16.5,11.0,248.73,2025-10-05 00:00:00,2025-10-06 00:00:00,24.0
2025-10-05,3307,WOLT  WOLT,28.0,1.1666666666666667,241.0,325.19,2025-10-05 00:00:00,2025-10-06 00:00:00,24.0
2025-10-06,3312,BOLT  BOLT,6.0,0.25,332.0,461.16,2025-10-06 00:00:00,2025-10-07 00:00:00,24.0
2025-10-06,3313,DELIVERY_HERO  DELIVERY,14.0,0.5833333333333334,217.0,400.64,2025-10-06 00:00:00,2025-10-07 00:00:00,24.0
2025-10-06,3315,KIOSKAPI1  API,377.0,15.708333333333334,9.0,226.28,2025-10-06 00:00:00,2025-10-07 00:00:00,24.0
2025-10-06,3317,WOLT  WOLT,38.0,1.5833333333333333,251.0,425.78,2025-10-06 00:00:00,2025-10-07 00:00:00,24.0
2025-10-07,3324,BOLT  BOLT,9.0,0.375,572.0,368.25,2025-10-07 00:00:00,2025-10-08 00:00:00,24.0
2025-10-07,3325,DELIVERY_HERO  DELIVERY,8.0,0.3333333333333333,160.0,295.42,2025-10-07 00:00:00,2025-10-08 00:00:00,24.0
2025-10-07,3327,KIOSKAPI1  API,461.0,19.208333333333332,11.0,219.11,2025-10-07 00:00:00,2025-10-08 00:00:00,24.0
2025-10-07,3329,WOLT  WOLT,35.0,1.4583333333333333,305.0,358.95,2025-10-07 00:00:00,2025-10-08 00:00:00,24.0
2025-10-08,3336,BOLT  BOLT,3.0,0.125,353.0,288.1,2025-10-08 00:00:00,2025-10-09 00:00:00,24.0
2025-10-08,3337,DELIVERY_HERO  DELIVERY,8.0,0.3333333333333333,440.0,291.96,2025-10-08 00:00:00,2025-10-09 00:00:00,24.0
2025-10-08,3339,KIOSKAPI1  API,584.0,24.333333333333332,9.0,219.5,2025-10-08 00:00:00,2025-10-09 00:00:00,24.0
2025-10-08,3341,WOLT  WOLT,32.0,1.3333333333333333,388.0,430.52,2025-10-08 00:00:00,2025-10-09 00:00:00,24.0
2025-10-09,3347,BOLT  BOLT,4.0,0.16666666666666666,221.0,945.98,2025-10-09 00:00:00,2025-10-10 00:00:00,24.0
2025-10-09,3348,DELIVERY_HERO  DELIVERY,14.0,0.5833333333333334,227.0,371.43,2025-10-09 00:00:00,2025-10-10 00:00:00,24.0
2025-10-09,3350,KIOSKAPI1  API,589.0,24.541666666666668,12.0,247.3,2025-10-09 00:00:00,2025-10-10 00:00:00,24.0
2025-10-09,3352,WOLT  WOLT,37.0,1.5416666666666667,329.0,465.66,2025-10-09 00:00:00,2025-10-10 00:00:00,24.0
2025-10-10,3358,BOLT  BOLT,7.0,0.2916666666666667,198.0,508.67,2025-10-10 00:00:00,2025-10-11 00:00:00,24.0
2025-10-10,3359,DELIVERY_HERO  DELIVERY,11.0,0.4583333333333333,248.0,326.22,2025-10-10 00:00:00,2025-10-11 00:00:00,24.0
2025-10-10,3361,KIOSKAPI1  API,588.0,24.5,11.0,241.63,2025-10-10 00:00:00,2025-10-11 00:00:00,24.0
2025-10-10,3363,WOLT  WOLT,31.0,1.2916666666666667,385.0,396.63,2025-10-10 00:00:00,2025-10-11 00:00:00,24.0
2025-10-11,3370,BOLT  BOLT,3.0,0.125,416.0,483.63,2025-10-11 00:00:00,2025-10-12 00:00:00,24.0
2025-10-11,3371,DELIVERY_HERO  DELIVERY,13.0,0.5416666666666666,269.0,340.93,2025-10-11 00:00:00,2025-10-12 00:00:00,24.0
2025-10-11,3373,KIOSKAPI1  API,712.0,29.666666666666668,13.0,270.91,2025-10-11 00:00:00,2025-10-12 00:00:00,24.0
2025-10-11,3375,WOLT  WOLT,27.0,1.125,383.0,347.06,2025-10-11 00:00:00,2025-10-12 00:00:00,24.0
2025-10-12,3380,BOLT  BOLT,7.0,0.2916666666666667,356.0,340.05,2025-10-12 00:00:00,2025-10-13 00:00:00,24.0
2025-10-12,3382,DELIVERY_HERO  DELIVERY,13.0,0.5416666666666666,279.0,354.4,2025-10-12 00:00:00,2025-10-13 00:00:00,24.0
2025-10-12,3384,KIOSKAPI1  API,539.0,22.458333333333332,11.0,259.77,2025-10-12 00:00:00,2025-10-13 00:00:00,24.0
2025-10-12,3386,WOLT  WOLT,31.0,1.2916666666666667,333.0,336.32,2025-10-12 00:00:00,2025-10-13 00:00:00,24.0
2025-10-13,3392,BOLT  BOLT,9.0,0.375,442.0,381.85,2025-10-13 00:00:00,2025-10-14 00:00:00,24.0
2025-10-13,3393,DELIVERY_HERO  DELIVERY,11.0,0.4583333333333333,311.0,289.53,2025-10-13 00:00:00,2025-10-14 00:00:00,24.0
2025-10-13,3395,KIOSKAPI1  API,556.0,23.166666666666668,19.0,244.82,2025-10-13 00:00:00,2025-10-14 00:00:00,24.0
2025-10-13,3397,WOLT  WOLT,30.0,1.25,345.0,389.79,2025-10-13 00:00:00,2025-10-14 00:00:00,24.0
2025-10-14,3403,BOLT  BOLT,8.0,0.3333333333333333,118.0,313.62,2025-10-14 00:00:00,2025-10-15 00:00:00,24.0
2025-10-14,3404,DELIVERY_HERO  DELIVERY,13.0,0.5416666666666666,171.0,307.35,2025-10-14 00:00:00,2025-10-15 00:00:00,24.0
2025-10-14,3406,KIOSKAPI1  API,500.0,20.833333333333332,27.0,247.36,2025-10-14 00:00:00,2025-10-15 00:00:00,24.0
2025-10-14,3408,WOLT  WOLT,44.0,1.8333333333333333,262.0,415.12,2025-10-14 00:00:00,2025-10-15 00:00:00,24.0
2025-10-15,3415,BOLT  BOLT,9.0,0.375,87.0,353.47,2025-10-15 00:00:00,2025-10-16 00:00:00,24.0
2025-10-15,3416,DELIVERY_HERO  DELIVERY,14.0,0.5833333333333334,264.0,267.22,2025-10-15 00:00:00,2025-10-16 00:00:00,24.0
2025-10-15,3418,KIOSKAPI1  API,508.0,21.166666666666668,9.0,243.05,2025-10-15 00:00:00,2025-10-16 00:00:00,24.0
2025-10-15,3420,WOLT  WOLT,34.0,1.4166666666666667,182.0,376.08,2025-10-15 00:00:00,2025-10-16 00:00:00,24.0
2025-10-16,3425,BOLT  BOLT,5.0,0.20833333333333334,274.0,413.21,2025-10-16 00:00:00,2025-10-17 00:00:00,24.0
2025-10-16,3427,DELIVERY_HERO  DELIVERY,16.0,0.6666666666666666,284.0,339.29,2025-10-16 00:00:00,2025-10-17 00:00:00,24.0
2025-10-16,3429,KIOSKAPI1  API,701.0,29.208333333333332,8.0,235.38,2025-10-16 00:00:00,2025-10-17 00:00:00,24.0
2025-10-16,3431,WOLT  WOLT,31.0,1.2916666666666667,209.0,306.8,2025-10-16 00:00:00,2025-10-17 00:00:00,24.0
2025-10-17,3438,BOLT  BOLT,8.0,0.3333333333333333,172.0,320.87,2025-10-17 00:00:00,2025-10-18 00:00:00,24.0
2025-10-17,3440,DELIVERY_HERO  DELIVERY,17.0,0.7083333333333334,144.0,346.11,2025-10-17 00:00:00,2025-10-18 00:00:00,24.0
2025-10-17,3442,KIOSKAPI1  API,754.0,31.416666666666668,9.0,243.62,2025-10-17 00:00:00,2025-10-18 00:00:00,24.0
2025-10-17,3444,WOLT  WOLT,30.0,1.25,284.0,391.9,2025-10-17 00:00:00,2025-10-18 00:00:00,24.0
2025-10-18,3450,BOLT  BOLT,13.0,0.5416666666666666,534.0,562.84,2025-10-18 00:00:00,2025-10-19 00:00:00,24.0
2025-10-18,3452,DELIVERY_HERO  DELIVERY,18.0,0.75,227.0,369.2,2025-10-18 00:00:00,2025-10-19 00:00:00,24.0
2025-10-18,3454,KIOSKAPI1  API,822.0,34.25,12.0,265.31,2025-10-18 00:00:00,2025-10-19 00:00:00,24.0
2025-10-18,3456,WOLT  WOLT,38.0,1.5833333333333333,393.0,428.31,2025-10-18 00:00:00,2025-10-19 00:00:00,24.0
2025-10-19,3462,BOLT  BOLT,10.0,0.4166666666666667,226.0,400.18,2025-10-19 00:00:00,2025-10-20 00:00:00,24.0
2025-10-19,3464,DELIVERY_HERO  DELIVERY,19.0,0.7916666666666666,126.0,272.98,2025-10-19 00:00:00,2025-10-20 00:00:00,24.0
2025-10-19,3466,KIOSKAPI1  API,618.0,25.75,10.0,248.76,2025-10-19 00:00:00,2025-10-20 00:00:00,24.0
2025-10-19,3468,WOLT  WOLT,32.0,1.3333333333333333,234.0,354.66,2025-10-19 00:00:00,2025-10-20 00:00:00,24.0
2025-10-20,3473,BOLT  BOLT,6.0,0.25,148.0,207.74,2025-10-20 00:00:00,2025-10-21 00:00:00,24.0
2025-10-20,3475,DELIVERY_HERO  DELIVERY,19.0,0.7916666666666666,136.0,331.2,2025-10-20 00:00:00,2025-10-21 00:00:00,24.0
2025-10-20,3477,KIOSKAPI1  API,463.0,19.291666666666668,10.0,230.9,2025-10-20 00:00:00,2025-10-21 00:00:00,24.0
2025-10-20,3479,WOLT  WOLT,37.0,1.5416666666666667,195.0,387.38,2025-10-20 00:00:00,2025-10-21 00:00:00,24.0
2025-10-21,3482,BOLT  BOLT,3.0,0.125,359.0,413.39,2025-10-21 00:00:00,2025-10-22 00:00:00,24.0
2025-10-21,3483,DELIVERY_HERO  DELIVERY,6.0,0.25,206.0,328.13,2025-10-21 00:00:00,2025-10-22 00:00:00,24.0
2025-10-21,3485,KIOSKAPI1  API,276.0,11.5,8.0,224.94,2025-10-21 00:00:00,2025-10-22 00:00:00,24.0
2025-10-21,3487,WOLT  WOLT,24.0,1.0,2529.0,347.25,2025-10-21 00:00:00,2025-10-22 00:00:00,24.0
2025-10-22,3494,BOLT  BOLT,3.0,0.125,164.0,253.27,2025-10-22 00:00:00,2025-10-23 00:00:00,24.0
2025-10-22,3495,DELIVERY_HERO  DELIVERY,9.0,0.375,818.0,377.28,2025-10-22 00:00:00,2025-10-23 00:00:00,24.0
2025-10-22,3497,KIOSKAPI1  API,495.0,20.625,14.0,233.77,2025-10-22 00:00:00,2025-10-23 00:00:00,24.0
2025-10-22,3499,WOLT  WOLT,31.0,1.2916666666666667,185.0,357.17,2025-10-22 00:00:00,2025-10-23 00:00:00,24.0
2025-10-23,3505,BOLT  BOLT,1.0,0.041666666666666664,716.0,324.11,2025-10-23 00:00:00,2025-10-24 00:00:00,24.0
2025-10-23,3506,DELIVERY_HERO  DELIVERY,8.0,0.3333333333333333,269.0,402.12,2025-10-23 00:00:00,2025-10-24 00:00:00,24.0
2025-10-23,3508,KIOSKAPI1  API,538.0,22.416666666666668,8.0,236.68,2025-10-23 00:00:00,2025-10-24 00:00:00,24.0
2025-10-23,3510,WOLT  WOLT,35.0,1.4583333333333333,194.0,324.59,2025-10-23 00:00:00,2025-10-24 00:00:00,24.0
2025-10-24,3517,BOLT  BOLT,6.0,0.25,542.0,281.99,2025-10-24 00:00:00,2025-10-25 00:00:00,24.0
2025-10-24,3518,DELIVERY_HERO  DELIVERY,6.0,0.25,159.0,274.85,2025-10-24 00:00:00,2025-10-25 00:00:00,24.0
2025-10-24,3520,KIOSKAPI1  API,601.0,25.041666666666668,10.0,252.55,2025-10-24 00:00:00,2025-10-25 00:00:00,24.0
2025-10-24,3521,WOLT  WOLT,13.0,0.5416666666666666,316.0,289.97,2025-10-24 00:00:00,2025-10-25 00:00:00,24.0
2025-10-25,3527,BOLT  BOLT,6.0,0.25,287.0,507.74,2025-10-25 00:00:00,2025-10-26 00:00:00,24.0
2025-10-25,3528,DELIVERY_HERO  DELIVERY,11.0,0.4583333333333333,238.0,281.57,2025-10-25 00:00:00,2025-10-26 00:00:00,24.0
2025-10-25,3530,KIOSKAPI1  API,691.0,28.791666666666668,13.0,272.09,2025-10-25 00:00:00,2025-10-26 00:00:00,24.0
2025-10-25,3532,WOLT  WOLT,35.0,1.4583333333333333,114.0,366.12,2025-10-25 00:00:00,2025-10-26 00:00:00,24.0
2025-10-26,3537,BOLT  BOLT,4.0,0.16666666666666666,155.0,502.46,2025-10-26 00:00:00,2025-10-27 00:00:00,24.0
2025-10-26,3539,DELIVERY_HERO  DELIVERY,16.0,0.6666666666666666,164.0,361.44,2025-10-26 00:00:00,2025-10-27 00:00:00,24.0
2025-10-26,3541,KIOSKAPI1  API,566.0,23.583333333333332,17.0,279.93,2025-10-26 00:00:00,2025-10-27 00:00:00,24.0
2025-10-26,3543,WOLT  WOLT,47.0,1.9583333333333333,220.0,377.79,2025-10-26 00:00:00,2025-10-27 00:00:00,24.0
2025-10-27,3550,BOLT  BOLT,20.0,0.8333333333333334,243.0,340.18,2025-10-27 00:00:00,2025-10-28 00:00:00,24.0
2025-10-27,3552,DELIVERY_HERO  DELIVERY,16.0,0.6666666666666666,274.0,325.33,2025-10-27 00:00:00,2025-10-28 00:00:00,24.0
2025-10-27,3554,KIOSKAPI1  API,574.0,23.916666666666668,11.0,253.23,2025-10-27 00:00:00,2025-10-28 00:00:00,24.0
2025-10-27,3556,WOLT  WOLT,52.0,2.1666666666666665,246.0,359.44,2025-10-27 00:00:00,2025-10-28 00:00:00,24.0
2025-10-28,3562,BOLT  BOLT,7.0,0.2916666666666667,177.0,401.15,2025-10-28 00:00:00,2025-10-29 00:00:00,24.0
2025-10-28,3563,DELIVERY_HERO  DELIVERY,9.0,0.375,183.0,233.53,2025-10-28 00:00:00,2025-10-29 00:00:00,24.0
2025-10-28,3565,KIOSKAPI1  API,593.0,24.708333333333332,15.0,255.41,2025-10-28 00:00:00,2025-10-29 00:00:00,24.0
2025-10-28,3567,WOLT  WOLT,33.0,1.375,214.0,309.15,2025-10-28 00:00:00,2025-10-29 00:00:00,24.0
2025-10-29,3574,BOLT  BOLT,7.0,0.2916666666666667,79.0,402.17,2025-10-29 00:00:00,2025-10-30 00:00:00,24.0
2025-10-29,3575,DELIVERY_HERO  DELIVERY,10.0,0.4166666666666667,129.0,402.05,2025-10-29 00:00:00,2025-10-30 00:00:00,24.0
2025-10-29,3577,KIOSKAPI1  API,504.0,21.0,12.0,241.85,2025-10-29 00:00:00,2025-10-30 00:00:00,24.0
2025-10-29,3578,WOLT  WOLT,24.0,1.0,200.0,366.33,2025-10-29 00:00:00,2025-10-30 00:00:00,24.0
2025-10-30,3583,BOLT  BOLT,5.0,0.20833333333333334,142.0,336.07,2025-10-30 00:00:00,2025-10-31 00:00:00,24.0
2025-10-30,3584,DELIVERY_HERO  DELIVERY,5.0,0.20833333333333334,187.0,329.29,2025-10-30 00:00:00,2025-10-31 00:00:00,24.0
2025-10-30,3586,KIOSKAPI1  API,564.0,23.5,7.0,232.0,2025-10-30 00:00:00,2025-10-31 00:00:00,24.0
2025-10-30,3588,WOLT  WOLT,26.0,1.0833333333333333,128.0,374.35,2025-10-30 00:00:00,2025-10-31 00:00:00,24.0
2025-10-31,3594,BOLT  BOLT,8.0,0.3333333333333333,306.0,268.3,2025-10-31 00:00:00,2025-11-01 00:00:00,24.0
2025-10-31,3595,DELIVERY_HERO  DELIVERY,9.0,0.375,376.0,358.23,2025-10-31 00:00:00,2025-11-01 00:00:00,24.0
2025-10-31,3597,KIOSKAPI1  API,758.0,31.583333333333332,8.0,242.98,2025-10-31 00:00:00,2025-11-01 00:00:00,24.0
2025-10-31,3599,WOLT  WOLT,35.0,1.4583333333333333,231.0,377.98,2025-10-31 00:00:00,2025-11-01 00:00:00,24.0
2025-11-01,3604,BOLT  BOLT,8.0,0.3333333333333333,401.0,498.33,2025-11-01 00:00:00,2025-11-02 00:00:00,24.0
2025-11-01,3605,DELIVERY_HERO  DELIVERY,10.0,0.4166666666666667,177.0,251.79,2025-11-01 00:00:00,2025-11-02 00:00:00,24.0
2025-11-01,3607,KIOSKAPI1  API,717.0,29.875,10.0,263.91,2025-11-01 00:00:00,2025-11-02 00:00:00,24.0
2025-11-01,3609,WOLT  WOLT,37.0,1.5416666666666667,258.0,450.8,2025-11-01 00:00:00,2025-11-02 00:00:00,24.0
2025-11-02,3615,BOLT  BOLT,7.0,0.2916666666666667,182.0,330.61,2025-11-02 00:00:00,2025-11-03 00:00:00,24.0
2025-11-02,3617,DELIVERY_HERO  DELIVERY,22.0,0.9166666666666666,358.0,305.11,2025-11-02 00:00:00,2025-11-03 00:00:00,24.0
2025-11-02,3619,KIOSKAPI1  API,374.0,15.583333333333334,8.0,251.3,2025-11-02 00:00:00,2025-11-03 00:00:00,24.0
2025-11-02,3621,WOLT  WOLT,28.0,1.1666666666666667,148.0,415.94,2025-11-02 00:00:00,2025-11-03 00:00:00,24.0
2025-11-03,3628,BOLT  BOLT,4.0,0.16666666666666666,195.0,298.88,2025-11-03 00:00:00,2025-11-04 00:00:00,24.0
2025-11-03,3630,DELIVERY_HERO  DELIVERY,16.0,0.6666666666666666,271.0,362.17,2025-11-03 00:00:00,2025-11-04 00:00:00,24.0
2025-11-03,3632,KIOSKAPI1  API,404.0,16.833333333333332,10.0,224.81,2025-11-03 00:00:00,2025-11-04 00:00:00,24.0
2025-11-03,3634,WOLT  WOLT,32.0,1.3333333333333333,307.0,376.26,2025-11-03 00:00:00,2025-11-04 00:00:00,24.0
2025-11-04,3640,BOLT  BOLT,6.0,0.25,286.0,442.41,2025-11-04 00:00:00,2025-11-05 00:00:00,24.0
2025-11-04,3642,DELIVERY_HERO  DELIVERY,16.0,0.6666666666666666,219.0,274.0,2025-11-04 00:00:00,2025-11-05 00:00:00,24.0
2025-11-04,3644,KIOSKAPI1  API,436.0,18.166666666666668,12.0,229.75,2025-11-04 00:00:00,2025-11-05 00:00:00,24.0
2025-11-04,3645,WOLT  WOLT,16.0,0.6666666666666666,201.0,336.66,2025-11-04 00:00:00,2025-11-05 00:00:00,24.0
2025-11-05,3651,BOLT  BOLT,2.0,0.08333333333333333,248.0,457.59,2025-11-05 00:00:00,2025-11-06 00:00:00,24.0
2025-11-05,3653,DELIVERY_HERO  DELIVERY,14.0,0.5833333333333334,151.0,325.45,2025-11-05 00:00:00,2025-11-06 00:00:00,24.0
2025-11-05,3655,KIOSKAPI1  API,447.0,18.625,10.0,237.1,2025-11-05 00:00:00,2025-11-06 00:00:00,24.0
2025-11-05,3657,WOLT  WOLT,18.0,0.75,144.0,388.49,2025-11-05 00:00:00,2025-11-06 00:00:00,24.0
2025-11-06,3664,BOLT  BOLT,8.0,0.3333333333333333,175.0,276.12,2025-11-06 00:00:00,2025-11-07 00:00:00,24.0
2025-11-06,3666,DELIVERY_HERO  DELIVERY,17.0,0.7083333333333334,209.0,264.02,2025-11-06 00:00:00,2025-11-07 00:00:00,24.0
2025-11-06,3668,KIOSKAPI1  API,543.0,22.625,19.0,236.97,2025-11-06 00:00:00,2025-11-07 00:00:00,24.0
2025-11-06,3670,WOLT  WOLT,27.0,1.125,142.0,350.3,2025-11-06 00:00:00,2025-11-07 00:00:00,24.0
2025-11-07,3677,BOLT  BOLT,4.0,0.16666666666666666,279.0,512.28,2025-11-07 00:00:00,2025-11-08 00:00:00,24.0
2025-11-07,3679,DELIVERY_HERO  DELIVERY,14.0,0.5833333333333334,178.0,348.21,2025-11-07 00:00:00,2025-11-08 00:00:00,24.0
2025-11-07,3681,KIOSKAPI1  API,594.0,24.75,14.0,233.97,2025-11-07 00:00:00,2025-11-08 00:00:00,24.0
2025-11-07,3683,WOLT  WOLT,39.0,1.625,196.0,437.87,2025-11-07 00:00:00,2025-11-08 00:00:00,24.0
2025-11-08,3687,BOLT  BOLT,7.0,0.2916666666666667,202.0,511.73,2025-11-08 00:00:00,2025-11-09 00:00:00,24.0
2025-11-08,3688,DELIVERY_HERO  DELIVERY,11.0,0.4583333333333333,202.0,250.49,2025-11-08 00:00:00,2025-11-09 00:00:00,24.0
2025-11-08,3690,KIOSKAPI1  API,784.0,32.666666666666664,18.0,255.67,2025-11-08 00:00:00,2025-11-09 00:00:00,24.0
2025-11-08,3692,WOLT  WOLT,36.0,1.5,242.0,384.45,2025-11-08 00:00:00,2025-11-09 00:00:00,24.0
2025-11-09,3698,BOLT  BOLT,8.0,0.3333333333333333,531.0,425.78,2025-11-09 00:00:00,2025-11-10 00:00:00,24.0
2025-11-09,3700,DELIVERY_HERO  DELIVERY,26.0,1.0833333333333333,144.0,363.22,2025-11-09 00:00:00,2025-11-10 00:00:00,24.0
2025-11-09,3702,KIOSKAPI1  API,534.0,22.25,16.0,269.71,2025-11-09 00:00:00,2025-11-10 00:00:00,24.0
2025-11-09,3704,WOLT  WOLT,39.0,1.625,244.0,345.6,2025-11-09 00:00:00,2025-11-10 00:00:00,24.0
2025-11-10,3710,BOLT  BOLT,3.0,0.125,179.0,245.24,2025-11-10 00:00:00,2025-11-11 00:00:00,24.0
2025-11-10,3712,DELIVERY_HERO  DELIVERY,25.0,1.0416666666666667,412.0,341.29,2025-11-10 00:00:00,2025-11-11 00:00:00,24.0
2025-11-10,3714,KIOSKAPI1  API,596.0,24.833333333333332,16.0,261.0,2025-11-10 00:00:00,2025-11-11 00:00:00,24.0
2025-11-10,3716,WOLT  WOLT,40.0,1.6666666666666667,365.0,391.58,2025-11-10 00:00:00,2025-11-11 00:00:00,24.0
2025-11-11,3722,BOLT  BOLT,6.0,0.25,140.0,326.49,2025-11-11 00:00:00,2025-11-12 00:00:00,24.0
2025-11-11,3723,DELIVERY_HERO  DELIVERY,14.0,0.5833333333333334,125.0,219.39,2025-11-11 00:00:00,2025-11-12 00:00:00,24.0
2025-11-11,3725,KIOSKAPI1  API,512.0,21.333333333333332,11.0,240.26,2025-11-11 00:00:00,2025-11-12 00:00:00,24.0
2025-11-11,3727,WOLT  WOLT,33.0,1.375,120.0,380.11,2025-11-11 00:00:00,2025-11-12 00:00:00,24.0
2025-11-12,3734,BOLT  BOLT,12.0,0.5,194.0,440.33,2025-11-12 00:00:00,2025-11-13 00:00:00,24.0
2025-11-12,3735,DELIVERY_HERO  DELIVERY,9.0,0.375,155.0,281.75,2025-11-12 00:00:00,2025-11-13 00:00:00,24.0
2025-11-12,3737,KIOSKAPI1  API,468.0,19.5,6.0,210.6,2025-11-12 00:00:00,2025-11-13 00:00:00,24.0
2025-11-12,3739,WOLT  WOLT,41.0,1.7083333333333333,185.0,344.86,2025-11-12 00:00:00,2025-11-13 00:00:00,24.0
2025-11-13,3745,BOLT  BOLT,9.0,0.375,103.0,330.36,2025-11-13 00:00:00,2025-11-14 00:00:00,24.0
2025-11-13,3746,DELIVERY_HERO  DELIVERY,16.0,0.6666666666666666,136.0,289.51,2025-11-13 00:00:00,2025-11-14 00:00:00,24.0
2025-11-13,3748,KIOSKAPI1  API,545.0,22.708333333333332,8.0,222.58,2025-11-13 00:00:00,2025-11-14 00:00:00,24.0
2025-11-13,3750,WOLT  WOLT,37.0,1.5416666666666667,166.0,417.28,2025-11-13 00:00:00,2025-11-14 00:00:00,24.0
2025-11-14,3756,BOLT  BOLT,7.0,0.2916666666666667,245.0,516.58,2025-11-14 00:00:00,2025-11-15 00:00:00,24.0
2025-11-14,3758,DELIVERY_HERO  DELIVERY,18.0,0.75,220.0,337.95,2025-11-14 00:00:00,2025-11-15 00:00:00,24.0
2025-11-14,3760,KIOSKAPI1  API,633.0,26.375,9.0,240.5,2025-11-14 00:00:00,2025-11-15 00:00:00,24.0
2025-11-14,3762,WOLT  WOLT,29.0,1.2083333333333333,374.0,394.12,2025-11-14 00:00:00,2025-11-15 00:00:00,24.0
2025-11-15,3767,BOLT  BOLT,5.0,0.20833333333333334,92.0,346.79,2025-11-15 00:00:00,2025-11-16 00:00:00,24.0
2025-11-15,3768,DELIVERY_HERO  DELIVERY,11.0,0.4583333333333333,267.0,353.98,2025-11-15 00:00:00,2025-11-16 00:00:00,24.0
2025-11-15,3770,KIOSKAPI1  API,774.0,32.25,10.0,254.18,2025-11-15 00:00:00,2025-11-16 00:00:00,24.0
2025-11-15,3772,WOLT  WOLT,36.0,1.5,356.0,356.92,2025-11-15 00:00:00,2025-11-16 00:00:00,24.0
2025-11-16,3778,BOLT  BOLT,8.0,0.3333333333333333,231.0,433.71,2025-11-16 00:00:00,2025-11-17 00:00:00,24.0
2025-11-16,3780,DELIVERY_HERO  DELIVERY,19.0,0.7916666666666666,189.0,293.33,2025-11-16 00:00:00,2025-11-17 00:00:00,24.0
2025-11-16,3782,KIOSKAPI1  API,548.0,22.833333333333332,10.0,250.02,2025-11-16 00:00:00,2025-11-17 00:00:00,24.0
2025-11-16,3784,WOLT  WOLT,49.0,2.0416666666666665,196.0,388.28,2025-11-16 00:00:00,2025-11-17 00:00:00,24.0
2025-11-17,3790,BOLT  BOLT,8.0,0.3333333333333333,167.0,406.36,2025-11-17 00:00:00,2025-11-18 00:00:00,24.0
2025-11-17,3792,DELIVERY_HERO  DELIVERY,34.0,1.4166666666666667,203.0,301.97,2025-11-17 00:00:00,2025-11-18 00:00:00,24.0
2025-11-17,3794,KIOSKAPI1  API,789.0,32.875,7.0,228.94,2025-11-17 00:00:00,2025-11-18 00:00:00,24.0
2025-11-17,3796,WOLT  WOLT,30.0,1.25,205.0,410.42,2025-11-17 00:00:00,2025-11-18 00:00:00,24.0
2025-11-18,3801,BOLT  BOLT,7.0,0.2916666666666667,110.0,475.13,2025-11-18 00:00:00,2025-11-19 00:00:00,24.0
2025-11-18,3802,DELIVERY_HERO  DELIVERY,15.0,0.625,228.0,340.48,2025-11-18 00:00:00,2025-11-19 00:00:00,24.0
2025-11-18,3804,KIOSKAPI1  API,440.0,18.333333333333332,12.0,233.27,2025-11-18 00:00:00,2025-11-19 00:00:00,24.0
2025-11-18,3805,WOLT  WOLT,19.0,0.7916666666666666,353.0,392.67,2025-11-18 00:00:00,2025-11-19 00:00:00,24.0
2025-11-19,3810,BOLT  BOLT,10.0,0.4166666666666667,194.0,431.96,2025-11-19 00:00:00,2025-11-20 00:00:00,24.0
2025-11-19,3811,DELIVERY_HERO  DELIVERY,21.0,0.875,1104.0,265.86,2025-11-19 00:00:00,2025-11-20 00:00:00,24.0
2025-11-19,3813,KIOSKAPI1  API,476.0,19.833333333333332,8.0,231.41,2025-11-19 00:00:00,2025-11-20 00:00:00,24.0
2025-11-19,3815,WOLT  WOLT,33.0,1.375,454.0,434.12,2025-11-19 00:00:00,2025-11-20 00:00:00,24.0
2025-11-20,3821,BOLT  BOLT,6.0,0.25,187.0,397.47,2025-11-20 00:00:00,2025-11-21 00:00:00,24.0
2025-11-20,3822,DELIVERY_HERO  DELIVERY,17.0,0.7083333333333334,141.0,291.02,2025-11-20 00:00:00,2025-11-21 00:00:00,24.0
2025-11-20,3824,KIOSKAPI1  API,475.0,19.791666666666668,10.0,243.5,2025-11-20 00:00:00,2025-11-21 00:00:00,24.0
2025-11-20,3826,WOLT  WOLT,22.0,0.9166666666666666,376.0,329.02,2025-11-20 00:00:00,2025-11-21 00:00:00,24.0
2025-11-21,3832,BOLT  BOLT,5.0,0.20833333333333334,161.0,494.82,2025-11-21 00:00:00,2025-11-22 00:00:00,24.0
2025-11-21,3833,DELIVERY_HERO  DELIVERY,15.0,0.625,212.0,278.33,2025-11-21 00:00:00,2025-11-22 00:00:00,24.0
2025-11-21,3835,KIOSKAPI1  API,623.0,25.958333333333332,10.0,231.7,2025-11-21 00:00:00,2025-11-22 00:00:00,24.0
2025-11-21,3837,WOLT  WOLT,29.0,1.2083333333333333,228.0,404.19,2025-11-21 00:00:00,2025-11-22 00:00:00,24.0
2025-11-22,3843,BOLT  BOLT,14.0,0.5833333333333334,239.0,383.29,2025-11-22 00:00:00,2025-11-23 00:00:00,24.0
2025-11-22,3845,DELIVERY_HERO  DELIVERY,23.0,0.9583333333333334,238.0,282.1,2025-11-22 00:00:00,2025-11-23 00:00:00,24.0
2025-11-22,3847,KIOSKAPI1  API,661.0,27.541666666666668,13.0,254.89,2025-11-22 00:00:00,2025-11-23 00:00:00,24.0
2025-11-22,3849,WOLT  WOLT,38.0,1.5833333333333333,333.0,450.19,2025-11-22 00:00:00,2025-11-23 00:00:00,24.0
2025-11-23,3854,BOLT  BOLT,3.0,0.125,361.0,406.85,2025-11-23 00:00:00,2025-11-24 00:00:00,24.0
2025-11-23,3856,DELIVERY_HERO  DELIVERY,23.0,0.9583333333333334,294.0,347.05,2025-11-23 00:00:00,2025-11-24 00:00:00,24.0
2025-11-23,3858,KIOSKAPI1  API,437.0,18.208333333333332,11.0,263.45,2025-11-23 00:00:00,2025-11-24 00:00:00,24.0
2025-11-23,3860,WOLT  WOLT,34.0,1.4166666666666667,297.0,394.35,2025-11-23 00:00:00,2025-11-24 00:00:00,24.0
2025-11-24,3864,BOLT  BOLT,14.0,0.5833333333333334,173.0,564.99,2025-11-24 00:00:00,2025-11-25 00:00:00,24.0
2025-11-24,3865,DELIVERY_HERO  DELIVERY,22.0,0.9166666666666666,156.0,292.45,2025-11-24 00:00:00,2025-11-25 00:00:00,24.0
2025-11-24,3867,KIOSKAPI1  API,392.0,16.333333333333332,10.0,246.69,2025-11-24 00:00:00,2025-11-25 00:00:00,24.0
2025-11-24,3869,WOLT  WOLT,32.0,1.3333333333333333,97.0,357.56,2025-11-24 00:00:00,2025-11-25 00:00:00,24.0
2025-11-25,3875,BOLT  BOLT,4.0,0.16666666666666666,96.0,351.56,2025-11-25 00:00:00,2025-11-26 00:00:00,24.0
2025-11-25,3876,DELIVERY_HERO  DELIVERY,9.0,0.375,300.0,254.66,2025-11-25 00:00:00,2025-11-26 00:00:00,24.0
2025-11-25,3878,KIOSKAPI1  API,424.0,17.666666666666668,9.0,229.36,2025-11-25 00:00:00,2025-11-26 00:00:00,24.0
2025-11-25,3880,WOLT  WOLT,38.0,1.5833333333333333,581.0,355.52,2025-11-25 00:00:00,2025-11-26 00:00:00,24.0
2025-11-26,3885,BOLT  BOLT,7.0,0.2916666666666667,459.0,419.64,2025-11-26 00:00:00,2025-11-27 00:00:00,24.0
2025-11-26,3886,DELIVERY_HERO  DELIVERY,10.0,0.4166666666666667,575.0,241.88,2025-11-26 00:00:00,2025-11-27 00:00:00,24.0
2025-11-26,3888,KIOSKAPI1  API,467.0,19.458333333333332,12.0,231.53,2025-11-26 00:00:00,2025-11-27 00:00:00,24.0
2025-11-26,3890,WOLT  WOLT,33.0,1.375,247.0,306.63,2025-11-26 00:00:00,2025-11-27 00:00:00,24.0
2025-11-27,3898,BOLT  BOLT,6.0,0.25,123.0,286.61,2025-11-27 00:00:00,2025-11-28 00:00:00,24.0
2025-11-27,3899,DELIVERY_HERO  DELIVERY,9.0,0.375,145.0,295.44,2025-11-27 00:00:00,2025-11-28 00:00:00,24.0
2025-11-27,3901,KIOSKAPI1  API,499.0,20.791666666666668,13.0,240.57,2025-11-27 00:00:00,2025-11-28 00:00:00,24.0
2025-11-27,3903,WOLT  WOLT,27.0,1.125,249.0,384.92,2025-11-27 00:00:00,2025-11-28 00:00:00,24.0
2025-11-28,3909,BOLT  BOLT,5.0,0.20833333333333334,306.0,366.07,2025-11-28 00:00:00,2025-11-29 00:00:00,24.0
2025-11-28,3910,DELIVERY_HERO  DELIVERY,13.0,0.5416666666666666,204.0,247.46,2025-11-28 00:00:00,2025-11-29 00:00:00,24.0
2025-11-28,3912,KIOSKAPI1  API,717.0,29.875,11.0,248.52,2025-11-28 00:00:00,2025-11-29 00:00:00,24.0
2025-11-28,3914,WOLT  WOLT,28.0,1.1666666666666667,240.0,415.53,2025-11-28 00:00:00,2025-11-29 00:00:00,24.0
2025-11-29,3921,BOLT  BOLT,10.0,0.4166666666666667,264.0,296.7,2025-11-29 00:00:00,2025-11-30 00:00:00,24.0
2025-11-29,3923,DELIVERY_HERO  DELIVERY,24.0,1.0,196.0,338.8,2025-11-29 00:00:00,2025-11-30 00:00:00,24.0
2025-11-29,3925,KIOSKAPI1  API,752.0,31.333333333333332,12.0,255.21,2025-11-29 00:00:00,2025-11-30 00:00:00,24.0
2025-11-29,3927,WOLT  WOLT,41.0,1.7083333333333333,267.0,433.17,2025-11-29 00:00:00,2025-11-30 00:00:00,24.0
2025-11-30,3934,BOLT  BOLT,12.0,0.5,82.0,452.98,2025-11-30 00:00:00,2025-12-01 00:00:00,24.0
2025-11-30,3935,DELIVERY_HERO  DELIVERY,22.0,0.9166666666666666,111.0,324.07,2025-11-30 00:00:00,2025-12-01 00:00:00,24.0
2025-11-30,3937,KIOSKAPI1  API,443.0,18.458333333333332,11.0,263.57,2025-11-30 00:00:00,2025-12-01 00:00:00,24.0
2025-11-30,3939,WOLT  WOLT,28.0,1.1666666666666667,152.0,461.54,2025-11-30 00:00:00,2025-12-01 00:00:00,24.0
2025-12-01,3944,BOLT  BOLT,12.0,0.5,181.0,404.69,2025-12-01 00:00:00,2025-12-02 00:00:00,24.0
2025-12-01,3946,DELIVERY_HERO  DELIVERY,23.0,0.9583333333333334,757.0,310.95,2025-12-01 00:00:00,2025-12-02 00:00:00,24.0
2025-12-01,3948,KIOSKAPI1  API,471.0,19.625,14.0,220.5,2025-12-01 00:00:00,2025-12-02 00:00:00,24.0
2025-12-01,3950,WOLT  WOLT,39.0,1.625,362.0,366.76,2025-12-01 00:00:00,2025-12-02 00:00:00,24.0
2025-12-02,3954,BOLT  BOLT,11.0,0.4583333333333333,377.0,438.64,2025-12-02 00:00:00,2025-12-03 00:00:00,24.0
2025-12-02,3955,DELIVERY_HERO  DELIVERY,14.0,0.5833333333333334,358.0,299.74,2025-12-02 00:00:00,2025-12-03 00:00:00,24.0
2025-12-02,3957,KIOSKAPI1  API,499.0,20.791666666666668,11.0,232.05,2025-12-02 00:00:00,2025-12-03 00:00:00,24.0
2025-12-02,3959,WOLT  WOLT,35.0,1.4583333333333333,417.0,389.92,2025-12-02 00:00:00,2025-12-03 00:00:00,24.0
2025-12-03,3965,BOLT  BOLT,11.0,0.4583333333333333,264.0,404.79,2025-12-03 00:00:00,2025-12-04 00:00:00,24.0
2025-12-03,3967,DELIVERY_HERO  DELIVERY,25.0,1.0416666666666667,303.0,297.57,2025-12-03 00:00:00,2025-12-04 00:00:00,24.0
2025-12-03,3969,KIOSKAPI1  API,487.0,20.291666666666668,15.0,249.76,2025-12-03 00:00:00,2025-12-04 00:00:00,24.0
2025-12-03,3971,WOLT  WOLT,48.0,2.0,382.0,387.26,2025-12-03 00:00:00,2025-12-04 00:00:00,24.0
2025-12-04,3976,BOLT  BOLT,8.0,0.3333333333333333,184.0,416.41,2025-12-04 00:00:00,2025-12-05 00:00:00,24.0
2025-12-04,3977,DELIVERY_HERO  DELIVERY,19.0,0.7916666666666666,138.0,316.35,2025-12-04 00:00:00,2025-12-05 00:00:00,24.0
2025-12-04,3979,KIOSKAPI1  API,505.0,21.041666666666668,10.0,237.99,2025-12-04 00:00:00,2025-12-05 00:00:00,24.0
2025-12-04,3981,WOLT  WOLT,55.0,2.2916666666666665,189.0,313.1,2025-12-04 00:00:00,2025-12-05 00:00:00,24.0
2025-12-05,3987,BOLT  BOLT,4.0,0.16666666666666666,296.0,706.03,2025-12-05 00:00:00,2025-12-06 00:00:00,24.0
2025-12-05,3989,DELIVERY_HERO  DELIVERY,18.0,0.75,179.0,303.97,2025-12-05 00:00:00,2025-12-06 00:00:00,24.0
2025-12-05,3991,KIOSKAPI1  API,610.0,25.416666666666668,7.0,257.4,2025-12-05 00:00:00,2025-12-06 00:00:00,24.0
2025-12-05,3993,WOLT  WOLT,35.0,1.4583333333333333,257.0,345.54,2025-12-05 00:00:00,2025-12-06 00:00:00,24.0
2025-12-06,3999,BOLT  BOLT,7.0,0.2916666666666667,254.0,358.67,2025-12-06 00:00:00,2025-12-07 00:00:00,24.0
2025-12-06,4000,DELIVERY_HERO  DELIVERY,8.0,0.3333333333333333,149.0,293.53,2025-12-06 00:00:00,2025-12-07 00:00:00,24.0
2025-12-06,4002,KIOSKAPI1  API,668.0,27.833333333333332,9.0,278.09,2025-12-06 00:00:00,2025-12-07 00:00:00,24.0
2025-12-06,4004,WOLT  WOLT,30.0,1.25,197.0,428.1,2025-12-06 00:00:00,2025-12-07 00:00:00,24.0
2025-12-07,4010,BOLT  BOLT,6.0,0.25,393.0,313.24,2025-12-07 00:00:00,2025-12-08 00:00:00,24.0
2025-12-07,4012,DELIVERY_HERO  DELIVERY,24.0,1.0,169.0,332.03,2025-12-07 00:00:00,2025-12-08 00:00:00,24.0
2025-12-07,4014,KIOSKAPI1  API,541.0,22.541666666666668,9.0,263.52,2025-12-07 00:00:00,2025-12-08 00:00:00,24.0
2025-12-07,4016,WOLT  WOLT,29.0,1.2083333333333333,280.0,414.07,2025-12-07 00:00:00,2025-12-08 00:00:00,24.0
2025-12-08,4020,BOLT  BOLT,5.0,0.20833333333333334,279.0,477.5,2025-12-08 00:00:00,2025-12-09 00:00:00,24.0
2025-12-08,4022,DELIVERY_HERO  DELIVERY,24.0,1.0,249.0,327.98,2025-12-08 00:00:00,2025-12-09 00:00:00,24.0
2025-12-08,4024,KIOSKAPI1  API,460.0,19.166666666666668,11.0,225.52,2025-12-08 00:00:00,2025-12-09 00:00:00,24.0
2025-12-08,4026,WOLT  WOLT,55.0,2.2916666666666665,204.0,439.03,2025-12-08 00:00:00,2025-12-09 00:00:00,24.0
2025-12-09,4031,BOLT  BOLT,4.0,0.16666666666666666,192.0,441.52,2025-12-09 00:00:00,2025-12-10 00:00:00,24.0
2025-12-09,4032,DELIVERY_HERO  DELIVERY,10.0,0.4166666666666667,279.0,352.68,2025-12-09 00:00:00,2025-12-10 00:00:00,24.0
2025-12-09,4034,KIOSKAPI1  API,500.0,20.833333333333332,13.0,230.4,2025-12-09 00:00:00,2025-12-10 00:00:00,24.0
2025-12-09,4036,WOLT  WOLT,34.0,1.4166666666666667,163.0,453.36,2025-12-09 00:00:00,2025-12-10 00:00:00,24.0
2025-12-10,4041,BOLT  BOLT,5.0,0.20833333333333334,206.0,467.32,2025-12-10 00:00:00,2025-12-11 00:00:00,24.0
2025-12-10,4042,DELIVERY_HERO  DELIVERY,15.0,0.625,208.0,327.68,2025-12-10 00:00:00,2025-12-11 00:00:00,24.0
2025-12-10,4044,KIOSKAPI1  API,570.0,23.75,11.0,237.33,2025-12-10 00:00:00,2025-12-11 00:00:00,24.0
2025-12-10,4046,WOLT  WOLT,32.0,1.3333333333333333,228.0,436.72,2025-12-10 00:00:00,2025-12-11 00:00:00,24.0
2025-12-11,4053,BOLT  BOLT,5.0,0.20833333333333334,233.0,301.25,2025-12-11 00:00:00,2025-12-12 00:00:00,24.0
2025-12-11,4054,DELIVERY_HERO  DELIVERY,11.0,0.4583333333333333,272.0,289.2,2025-12-11 00:00:00,2025-12-12 00:00:00,24.0
2025-12-11,4056,KIOSKAPI1  API,562.0,23.416666666666668,9.0,225.06,2025-12-11 00:00:00,2025-12-12 00:00:00,24.0
2025-12-11,4058,WOLT  WOLT,26.0,1.0833333333333333,157.0,325.82,2025-12-11 00:00:00,2025-12-12 00:00:00,24.0
2025-12-12,4064,BOLT  BOLT,7.0,0.2916666666666667,413.0,407.91,2025-12-12 00:00:00,2025-12-13 00:00:00,24.0
2025-12-12,4065,DELIVERY_HERO  DELIVERY,1.0,0.041666666666666664,111.0,360.71,2025-12-12 00:00:00,2025-12-13 00:00:00,24.0
2025-12-12,4067,KIOSKAPI1  API,631.0,26.291666666666668,9.0,234.96,2025-12-12 00:00:00,2025-12-13 00:00:00,24.0
2025-12-12,4069,WOLT  WOLT,26.0,1.0833333333333333,377.0,348.25,2025-12-12 00:00:00,2025-12-13 00:00:00,24.0
2025-12-13,4075,BOLT  BOLT,14.0,0.5833333333333334,208.0,382.65,2025-12-13 00:00:00,2025-12-14 00:00:00,24.0
2025-12-13,4076,DELIVERY_HERO  DELIVERY,7.0,0.2916666666666667,351.0,340.18,2025-12-13 00:00:00,2025-12-14 00:00:00,24.0
2025-12-13,4078,KIOSKAPI1  API,698.0,29.083333333333332,10.0,280.9,2025-12-13 00:00:00,2025-12-14 00:00:00,24.0
2025-12-13,4080,WOLT  WOLT,33.0,1.375,194.0,424.68,2025-12-13 00:00:00,2025-12-14 00:00:00,24.0
2025-12-14,4086,BOLT  BOLT,15.0,0.625,376.0,427.02,2025-12-14 00:00:00,2025-12-15 00:00:00,24.0
2025-12-14,4088,DELIVERY_HERO  DELIVERY,25.0,1.0416666666666667,245.0,388.5,2025-12-14 00:00:00,2025-12-15 00:00:00,24.0
2025-12-14,4090,KIOSKAPI1  API,551.0,22.958333333333332,10.0,258.93,2025-12-14 00:00:00,2025-12-15 00:00:00,24.0
2025-12-14,4092,WOLT  WOLT,53.0,2.2083333333333335,291.0,422.89,2025-12-14 00:00:00,2025-12-15 00:00:00,24.0
2025-12-15,4099,BOLT  BOLT,10.0,0.4166666666666667,357.0,380.45,2025-12-15 00:00:00,2025-12-16 00:00:00,24.0
2025-12-15,4101,DELIVERY_HERO  DELIVERY,30.0,1.25,289.0,346.37,2025-12-15 00:00:00,2025-12-16 00:00:00,24.0
2025-12-15,4103,KIOSKAPI1  API,516.0,21.5,10.0,249.95,2025-12-15 00:00:00,2025-12-16 00:00:00,24.0
2025-12-15,4105,WOLT  WOLT,36.0,1.5,320.0,379.64,2025-12-15 00:00:00,2025-12-16 00:00:00,24.0
2025-12-16,4110,BOLT  BOLT,5.0,0.20833333333333334,137.0,302.14,2025-12-16 00:00:00,2025-12-17 00:00:00,24.0
2025-12-16,4111,DELIVERY_HERO  DELIVERY,12.0,0.5,244.0,393.23,2025-12-16 00:00:00,2025-12-17 00:00:00,24.0
2025-12-16,4113,KIOSKAPI1  API,565.0,23.541666666666668,15.0,245.17,2025-12-16 00:00:00,2025-12-17 00:00:00,24.0
2025-12-16,4115,WOLT  WOLT,39.0,1.625,230.0,534.25,2025-12-16 00:00:00,2025-12-17 00:00:00,24.0
2025-12-17,4123,BOLT  BOLT,15.0,0.625,394.0,332.68,2025-12-17 00:00:00,2025-12-18 00:00:00,24.0
2025-12-17,4124,DELIVERY_HERO  DELIVERY,16.0,0.6666666666666666,295.0,368.02,2025-12-17 00:00:00,2025-12-18 00:00:00,24.0
2025-12-17,4126,KIOSKAPI1  API,576.0,24.0,7.0,245.02,2025-12-17 00:00:00,2025-12-18 00:00:00,24.0
2025-12-17,4128,WOLT  WOLT,24.0,1.0,328.0,353.42,2025-12-17 00:00:00,2025-12-18 00:00:00,24.0
2025-12-18,4133,BOLT  BOLT,11.0,0.4583333333333333,180.0,460.8,2025-12-18 00:00:00,2025-12-19 00:00:00,24.0
2025-12-18,4135,DELIVERY_HERO  DELIVERY,22.0,0.9166666666666666,192.0,335.39,2025-12-18 00:00:00,2025-12-19 00:00:00,24.0
2025-12-18,4137,KIOSKAPI1  API,600.0,25.0,9.0,250.34,2025-12-18 00:00:00,2025-12-19 00:00:00,24.0
2025-12-18,4139,WOLT  WOLT,25.0,1.0416666666666667,323.0,381.93,2025-12-18 00:00:00,2025-12-19 00:00:00,24.0
2025-12-19,4145,BOLT  BOLT,11.0,0.4583333333333333,129.0,497.89,2025-12-19 00:00:00,2025-12-20 00:00:00,24.0
2025-12-19,4147,DELIVERY_HERO  DELIVERY,16.0,0.6666666666666666,156.0,423.21,2025-12-19 00:00:00,2025-12-20 00:00:00,24.0
2025-12-19,4149,KIOSKAPI1  API,560.0,23.333333333333332,8.0,242.37,2025-12-19 00:00:00,2025-12-20 00:00:00,24.0
2025-12-19,4150,WOLT  WOLT,17.0,0.7083333333333334,167.0,412.13,2025-12-19 00:00:00,2025-12-20 00:00:00,24.0
2025-12-20,4157,BOLT  BOLT,11.0,0.4583333333333333,260.0,284.17,2025-12-20 00:00:00,2025-12-21 00:00:00,24.0
2025-12-20,4158,DELIVERY_HERO  DELIVERY,11.0,0.4583333333333333,510.0,390.75,2025-12-20 00:00:00,2025-12-21 00:00:00,24.0
2025-12-20,4160,KIOSKAPI1  API,643.0,26.791666666666668,8.0,283.23,2025-12-20 00:00:00,2025-12-21 00:00:00,24.0
2025-12-20,4162,WOLT  WOLT,31.0,1.2916666666666667,217.0,354.67,2025-12-20 00:00:00,2025-12-21 00:00:00,24.0
2025-12-21,4168,BOLT  BOLT,9.0,0.375,261.0,518.45,2025-12-21 00:00:00,2025-12-22 00:00:00,24.0
2025-12-21,4170,DELIVERY_HERO  DELIVERY,24.0,1.0,260.0,348.47,2025-12-21 00:00:00,2025-12-22 00:00:00,24.0
2025-12-21,4172,KIOSKAPI1  API,640.0,26.666666666666668,8.0,272.61,2025-12-21 00:00:00,2025-12-22 00:00:00,24.0
2025-12-21,4173,WOLT  WOLT,21.0,0.875,192.0,409.01,2025-12-21 00:00:00,2025-12-22 00:00:00,24.0
2025-12-22,4179,BOLT  BOLT,18.0,0.75,178.0,412.6,2025-12-22 00:00:00,2025-12-23 00:00:00,24.0
2025-12-22,4181,DELIVERY_HERO  DELIVERY,18.0,0.75,199.0,360.52,2025-12-22 00:00:00,2025-12-23 00:00:00,24.0
2025-12-22,4183,KIOSKAPI1  API,547.0,22.791666666666668,12.0,241.53,2025-12-22 00:00:00,2025-12-23 00:00:00,24.0
2025-12-22,4185,WOLT  WOLT,24.0,1.0,207.0,452.79,2025-12-22 00:00:00,2025-12-23 00:00:00,24.0
2025-12-23,4190,BOLT  BOLT,7.0,0.2916666666666667,103.0,248.72,2025-12-23 00:00:00,2025-12-24 00:00:00,24.0
2025-12-23,4191,DELIVERY_HERO  DELIVERY,10.0,0.4166666666666667,400.0,370.54,2025-12-23 00:00:00,2025-12-24 00:00:00,24.0
2025-12-23,4193,KIOSKAPI1  API,431.0,17.958333333333332,12.0,280.32,2025-12-23 00:00:00,2025-12-24 00:00:00,24.0
2025-12-23,4194,WOLT  WOLT,17.0,0.7083333333333334,287.0,480.62,2025-12-23 00:00:00,2025-12-24 00:00:00,24.0
2025-12-24,4200,BOLT  BOLT,51.0,2.125,289.0,505.93,2025-12-24 00:00:00,2025-12-25 00:00:00,24.0
2025-12-24,4201,DELIVERY_HERO  DELIVERY,10.0,0.4166666666666667,262.0,345.09,2025-12-24 00:00:00,2025-12-25 00:00:00,24.0
2025-12-24,4203,KIOSKAPI1  API,735.0,30.625,12.0,356.32,2025-12-24 00:00:00,2025-12-25 00:00:00,24.0
2025-12-24,4204,WOLT  WOLT,9.0,0.375,693.0,322.42,2025-12-24 00:00:00,2025-12-25 00:00:00,24.0
2025-12-25,4210,BOLT  BOLT,29.0,1.2083333333333333,475.0,478.66,2025-12-25 00:00:00,2025-12-26 00:00:00,24.0
2025-12-25,4212,DELIVERY_HERO  DELIVERY,42.0,1.75,344.0,417.94,2025-12-25 00:00:00,2025-12-26 00:00:00,24.0
2025-12-25,4214,KIOSKAPI1  API,644.0,26.833333333333332,18.0,320.38,2025-12-25 00:00:00,2025-12-26 00:00:00,24.0
2025-12-25,4215,WOLT  WOLT,1.0,0.041666666666666664,99.0,508.93,2025-12-25 00:00:00,2025-12-26 00:00:00,24.0
2025-12-26,4221,BOLT  BOLT,17.0,0.7083333333333334,226.0,381.14,2025-12-26 00:00:00,2025-12-27 00:00:00,24.0
2025-12-26,4222,DELIVERY_HERO  DELIVERY,15.0,0.625,197.0,414.05,2025-12-26 00:00:00,2025-12-27 00:00:00,24.0
2025-12-26,4224,KIOSKAPI1  API,585.0,24.375,14.0,317.55,2025-12-26 00:00:00,2025-12-27 00:00:00,24.0
2025-12-26,4226,WOLT  WOLT,21.0,0.875,214.0,439.71,2025-12-26 00:00:00,2025-12-27 00:00:00,24.0
2025-12-27,4233,BOLT  BOLT,9.0,0.375,174.0,341.67,2025-12-27 00:00:00,2025-12-28 00:00:00,24.0
2025-12-27,4235,DELIVERY_HERO  DELIVERY,17.0,0.7083333333333334,146.0,419.64,2025-12-27 00:00:00,2025-12-28 00:00:00,24.0
2025-12-27,4237,KIOSKAPI1  API,564.0,23.5,14.0,295.69,2025-12-27 00:00:00,2025-12-28 00:00:00,24.0
2025-12-27,4239,WOLT  WOLT,24.0,1.0,145.0,494.94,2025-12-27 00:00:00,2025-12-28 00:00:00,24.0
2025-12-28,4246,BOLT  BOLT,11.0,0.4583333333333333,224.0,442.29,2025-12-28 00:00:00,2025-12-29 00:00:00,24.0
2025-12-28,4248,DELIVERY_HERO  DELIVERY,17.0,0.7083333333333334,100.0,444.07,2025-12-28 00:00:00,2025-12-29 00:00:00,24.0
2025-12-28,4250,KIOSKAPI1  API,602.0,25.083333333333332,18.0,294.49,2025-12-28 00:00:00,2025-12-29 00:00:00,24.0
2025-12-28,4252,WOLT  WOLT,30.0,1.25,230.0,454.58,2025-12-28 00:00:00,2025-12-29 00:00:00,24.0
2025-12-29,4258,BOLT  BOLT,19.0,0.7916666666666666,213.0,519.31,2025-12-29 00:00:00,2025-12-30 00:00:00,24.0
2025-12-29,4260,DELIVERY_HERO  DELIVERY,22.0,0.9166666666666666,305.0,383.93,2025-12-29 00:00:00,2025-12-30 00:00:00,24.0
2025-12-29,4262,KIOSKAPI1  API,607.0,25.291666666666668,17.0,287.64,2025-12-29 00:00:00,2025-12-30 00:00:00,24.0
2025-12-29,4264,WOLT  WOLT,34.0,1.4166666666666667,296.0,456.54,2025-12-29 00:00:00,2025-12-30 00:00:00,24.0
2025-12-30,4269,BOLT  BOLT,6.0,0.25,275.0,293.75,2025-12-30 00:00:00,2025-12-31 00:00:00,24.0
2025-12-30,4270,DELIVERY_HERO  DELIVERY,6.0,0.25,225.0,440.33,2025-12-30 00:00:00,2025-12-31 00:00:00,24.0
2025-12-30,4272,KIOSKAPI1  API,727.0,30.291666666666668,20.0,320.53,2025-12-30 00:00:00,2025-12-31 00:00:00,24.0
2025-12-30,4273,WOLT  WOLT,11.0,0.4583333333333333,173.0,497.56,2025-12-30 00:00:00,2025-12-31 00:00:00,24.0
2025-12-31,4279,BOLT  BOLT,10.0,0.4166666666666667,165.0,356.96,2025-12-31 00:00:00,2026-01-01 00:00:00,24.0
2025-12-31,4280,DELIVERY_HERO  DELIVERY,13.0,0.5416666666666666,343.0,431.11,2025-12-31 00:00:00,2026-01-01 00:00:00,24.0
2025-12-31,4282,KIOSKAPI1  API,678.0,28.25,15.0,315.53,2025-12-31 00:00:00,2026-01-01 00:00:00,24.0
2025-12-31,4284,WOLT  WOLT,25.0,1.0416666666666667,448.0,465.57,2025-12-31 00:00:00,2026-01-01 00:00:00,24.0
